file,md5
hk4e/avatar/attributes/10000002.json,23bbd97809fd8dd180f93dfe18cb20fb
hk4e/avatar/attributes/10000003.json,6f76dd196f032e76ac83a765df4f3150
hk4e/avatar/attributes/10000005.json,077c462398d32232343434369b659b2d
hk4e/avatar/attributes/10000006.json,e9f217a6423e47aab5d16b2ae263d098
hk4e/avatar/attributes/10000007.json,d65bc378707cc63730acc0dac6035c7c
hk4e/avatar/attributes/10000014.json,18e62c2ec6fbd0e59382ed75441769d3
hk4e/avatar/attributes/10000015.json,95556db3009072d5914a49f4d5b46b18
hk4e/avatar/attributes/10000016.json,59d37a038547e6845f6f79a6951b39c4
hk4e/avatar/attributes/10000020.json,4a463f7a662828208b3e0b11aac1c5a2
hk4e/avatar/attributes/10000021.json,3f99acc6da62eb4da8707a0471480de5
hk4e/avatar/attributes/10000022.json,1ae39cef273a6723e74953d852345b9f
hk4e/avatar/attributes/10000023.json,43c94f1f74ff5bb839fcc1e45a02c48b
hk4e/avatar/attributes/10000024.json,faa5b1a3b5ae8c3403f02e56e35e1b75
hk4e/avatar/attributes/10000025.json,292ab52893325435ee599e9293888f9a
hk4e/avatar/attributes/10000026.json,1a1445f2edbdc7b92d071bfb67314bfb
hk4e/avatar/attributes/10000027.json,d203e9daa7cfd561805742e6715025d7
hk4e/avatar/attributes/10000029.json,7fa2555186828200ecad89993cf91da1
hk4e/avatar/attributes/10000030.json,d75c22062bb903b9b975f1c32122349f
hk4e/avatar/attributes/10000031.json,639e17012fec67899509a33a38461ef1
hk4e/avatar/attributes/10000032.json,408afa57833eaf486eae5c214b2137b3
hk4e/avatar/attributes/10000033.json,4270982b4ac67e4dfde9990943c40cdb
hk4e/avatar/attributes/10000034.json,767e5594626dc139d22725bec28c8e63
hk4e/avatar/attributes/10000035.json,a422d75c7b32819db9226ebbc62bb6a4
hk4e/avatar/attributes/10000036.json,3fb9375e5a4117bc0ad9cdefaf8e4c37
hk4e/avatar/attributes/10000037.json,72554f1dfd01308ef2880b41f8b9c257
hk4e/avatar/attributes/10000038.json,82b2e8a9d8daff95f951fe897c0e661f
hk4e/avatar/attributes/10000039.json,812f96c306092b04b7b0f235a488737e
hk4e/avatar/attributes/10000041.json,095950d2624a3859df38f3409470ad26
hk4e/avatar/attributes/10000042.json,8e9b6e631fcfca73da73e7cb8c68b352
hk4e/avatar/attributes/10000043.json,428aa0e288748ff233c91978d9b0fd6e
hk4e/avatar/attributes/10000044.json,9896890e4bb6987b585034ad2ff59d80
hk4e/avatar/attributes/10000045.json,57d4890170ba87be17c15b77f507d920
hk4e/avatar/attributes/10000046.json,6278ef4fe1f96adb4f4009ae4808423a
hk4e/avatar/attributes/10000047.json,1b82fa53d55d35eaa7a1337e56bc9a40
hk4e/avatar/attributes/10000048.json,443c2aea7b3501e0a4f71521a9e5efc8
hk4e/avatar/attributes/10000049.json,697f17d9adaa3eb605111ee44aacac40
hk4e/avatar/attributes/10000050.json,d57f70349944ce8e4fb306e6e967f890
hk4e/avatar/attributes/10000051.json,a2565d23447936cfc77bfeb72d2836e8
hk4e/avatar/attributes/10000052.json,dc43b8a57b5aa73af70b995accf044de
hk4e/avatar/attributes/10000053.json,d99dff5d118df9faea8910b55f28c335
hk4e/avatar/attributes/10000054.json,aa1459932b0b901bd2c79b4602ff4338
hk4e/avatar/attributes/10000055.json,2d454de9107eceb3967fb068b9801d06
hk4e/avatar/attributes/10000056.json,d4615c8cea06bd55f5f3640d81ae5902
hk4e/avatar/attributes/10000057.json,280a3a726b95586fea95befedbc38312
hk4e/avatar/attributes/10000058.json,df837d68056b8f74b6633b20a44f29cf
hk4e/avatar/attributes/10000059.json,2e25c3987e5c4ee487db42a4774b0c30
hk4e/avatar/attributes/10000060.json,5387cae1ae56db159196f2a2156f9862
hk4e/avatar/attributes/10000061.json,e085e3f92045f713d9ecbd0a1fc0b36c
hk4e/avatar/attributes/10000062.json,b3c81ad3946e48db54fcc24d7d377965
hk4e/avatar/attributes/10000063.json,c9f82288af4a66f25750391f5ec7cbfa
hk4e/avatar/attributes/10000064.json,368d1361a9da0c5974a7e049dfdd695c
hk4e/avatar/attributes/10000065.json,df4aaf73d115dd1bae6a6d0510fb489c
hk4e/avatar/attributes/10000066.json,a7167dfeeaeb6347d22a55bb7ed8d4ef
hk4e/avatar/attributes/10000067.json,fe42add34106ec61c6714bda455f185e
hk4e/avatar/attributes/10000068.json,40bbb73ca7ea0c577356faf3efbbbb6b
hk4e/avatar/attributes/10000069.json,ceb8f7fdbc2be8cb91da2a0aa974a0f9
hk4e/avatar/attributes/10000070.json,9586971d5a6e15e10dcabfc23d4fe566
hk4e/avatar/attributes/10000071.json,444c13571f31dd04478d676ccca9eb72
hk4e/avatar/attributes/10000072.json,35fee9eefa8de51b83019c1c8da6e094
hk4e/avatar/attributes/10000073.json,734ee9af024c0b313bdf3532655003e4
hk4e/avatar/attributes/10000074.json,7f834f78d5f259c67c41e7a882c79f50
hk4e/avatar/attributes/10000075.json,fae7b92e5dedcb8b7764434b06af8663
hk4e/avatar/attributes/10000076.json,2afc885d966310d724aeb6f12d92ad9f
hk4e/avatar/attributes/10000077.json,2ea754a6ca4b10c5a0e24d020f2a27bb
hk4e/avatar/attributes/10000078.json,a8a28647840ffc592747efa9a29505c2
hk4e/avatar/attributes/10000079.json,e73e6682102df4a5797139585bda632f
hk4e/avatar/attributes/10000080.json,5771ab7b95cc035bf0e403672512cf3d
hk4e/avatar/attributes/10000081.json,26b2b5551601483d0e661e0196ca8e3c
hk4e/avatar/attributes/10000082.json,c392916dc934714a578dd8fb245accd0
hk4e/avatar/attributes/10000083.json,1483609af6e0b4bed76471fa60b1b762
hk4e/avatar/attributes/10000084.json,30a2b9e2b4c0d96efdf833fcd360eb44
hk4e/avatar/attributes/10000085.json,4569dff31eba8511b72893fa82da372f
hk4e/avatar/attributes/10000086.json,11325d68de1c144d369f7a64e80f13d0
hk4e/avatar/attributes/10000087.json,81029ca13ab3d296548e1f9a5a8653fd
hk4e/avatar/attributes/10000088.json,cf15553139322fd37344120dfb6b301f
hk4e/avatar/attributes/10000089.json,8ae05088e623bc2075c8411309cd301a
hk4e/avatar/attributes/10000090.json,edef73f6407081e911d90561d24e7987
hk4e/avatar/attributes/10000091.json,8368519b4a8a06992a28cb25b0192d00
hk4e/avatar/attributes/10000092.json,e76b211d62279d3f3edd1b9346c7989a
hk4e/avatar/attributes/10000093.json,34d2315fc4909561f7046dabc17ddfcc
hk4e/avatar/attributes/10000094.json,9a2817efc31e4fd242baf8112193d80e
hk4e/avatar/attributes/10000095.json,defe387ca901b8b4aa92468b30f1940c
hk4e/avatar/attributes/10000096.json,d50f7c5d696d20dc9b3c359af635863e
hk4e/avatar/attributes/10000097.json,2c9a6d5376a10d07ee30654b62547864
hk4e/avatar/attributes/10000098.json,3da667ff320c88e64a35c0d3a5c39e38
hk4e/avatar/attributes/10000099.json,6a48fb2619c888e785668e3e84d496d1
hk4e/avatar/attributes/10000100.json,60b86a50e43c82c63e2f264140fffc51
hk4e/avatar/attributes/10000101.json,b90af21f5d60a7e90c48c56077b68be5
hk4e/avatar/attributes/10000102.json,928d4b38bb38f1323c8077427490d642
hk4e/avatar/attributes/10000103.json,b2dc6cf6575444592e5e48fc041bb2d9
hk4e/avatar/attributes/10000104.json,fd0b38eb2aa430637a4da928cee61966
hk4e/avatar/attributes/10000105.json,365904fef357ad309b387f77de12e575
hk4e/avatar/attributes/10000106.json,7300430578b97a137e5105a63fc6eb6c
hk4e/avatar/attributes/10000107.json,8576b2b936e8c8f7300e3b5ef1d9d112
hk4e/avatar/attributes/10000108.json,a85f12ca1acc4ebf531070a2024112e1
hk4e/avatar/attributes/10000109.json,489d92b1c34d2f9858e203922176c611
hk4e/avatar/attributes/10000110.json,44604b429f5d0fbd982cfa0faec97acd
hk4e/avatar/attributes/10000111.json,69f17420c8b20582b5054d504ee7684d
hk4e/avatar/attributes/10000112.json,e40a8e7e9cde944433f1459d04a4713b
hk4e/avatar/attributes/10000113.json,27e4be734a915508327da655da289453
hk4e/avatar/attributes/10000114.json,b59a89d5d673a31a10508993166003e6
hk4e/avatar/attributes/10000115.json,d5e31017d9f748364e9674a0108ff586
hk4e/avatar/attributes/10000116.json,b34a2203cd5e3db5c637244752905c83
hk4e/avatar/attributes/10000117.json,65f35c43a9c165c5c6c54f6d4950ca2f
hk4e/avatar/attributes/10000118.json,c11df1e389db7a7c2953ddebe8218fcd
hk4e/avatar/attributes/10000119.json,939549636ec01d691ad63416b369acf5
hk4e/avatar/attributes/10000120.json,a4adfc1ae94ab77093229472ee5d1271
hk4e/avatar/attributes/10000121.json,55d7b308cb1cc48a52fa2d8d9249ac72
hk4e/avatar/attributes/10000122.json,fa4cb1fedd11dc2deb4ae9e81c8cca8a
hk4e/avatar/attributes/10000123.json,33c31719acddb95d0d22777609b330e3
hk4e/avatar/attributes/10000124.json,9492eac385a8c3caff552094ca13be2b
hk4e/avatar/attributes/10000125.json,1455ab943759dee5cd45da29eaea4a3c
hk4e/avatar/attributes/10000126.json,10c23ca37f2acda1d554eec694930ba9
hk4e/avatar/attributes/10000127.json,a79b980da51099dd3a64e4ea30f9f574
hk4e/avatar/attributes/10000128.json,1b8a801c0fc963c81d563b4b48b5aa5f
hk4e/avatar/attributes/10000129.json,1b31987afb9b271797114bc6e98585ad
hk4e/avatar/attributes/10000130.json,38e164cd41166c301bb9ebeac0a325b2
hk4e/avatar/attributes/10000131.json,984068afeb613671c7a14f993d945348
hk4e/avatar/attributes/10000132.json,3ae3c834b5dda7527838aa4a0fb44511
hk4e/avatar/attributes/Curve.json,8a284d53f58c5e9ebb0a45bbfedf2992
hk4e/avatar/constellations/10000002.json,22419fb1af2b0221c282d8964ea02600
hk4e/avatar/constellations/10000003.json,494b9ad9763655bf727158efc3f06ff9
hk4e/avatar/constellations/10000005.json,a962647f87d69f10abc6bdbd27b9adb8
hk4e/avatar/constellations/10000006.json,a75aa0f0b9d46233c551ddf748bfa34e
hk4e/avatar/constellations/10000007.json,de35838de726df897186e99ea62b2c70
hk4e/avatar/constellations/10000014.json,de0c0680808b83633f8504adb4ff62a9
hk4e/avatar/constellations/10000015.json,7442dea593656929614ddc2f11b7a648
hk4e/avatar/constellations/10000016.json,0d50c35e337f524f3b6d36e228170552
hk4e/avatar/constellations/10000020.json,e9cb09b83acc1751876b3b7c91c7df47
hk4e/avatar/constellations/10000021.json,17663f9559320f86b4490c5dc3e6b3ce
hk4e/avatar/constellations/10000022.json,ed3ff66f32d7b493a7256ae7ffa5741c
hk4e/avatar/constellations/10000023.json,eee581af4a9195ad5656e492e01ab5f8
hk4e/avatar/constellations/10000024.json,54b63b179c80b2e810fc9099816b96aa
hk4e/avatar/constellations/10000025.json,9110bf8b83e29aeac0599c67c29405f6
hk4e/avatar/constellations/10000026.json,ccf67fd162d741f9fa755145ca4d1c0e
hk4e/avatar/constellations/10000027.json,fb1e1245223fe005f5b5675cd9a9f846
hk4e/avatar/constellations/10000029.json,c9d68f02db0dc1d06a87b4e7e737a14d
hk4e/avatar/constellations/10000030.json,a9a5e142610e7a1f6b44537cc948c266
hk4e/avatar/constellations/10000031.json,db84556e0f27971ecaf823cf296bbe8c
hk4e/avatar/constellations/10000032.json,389d5280b4ec71cbe13c929aba96d3f6
hk4e/avatar/constellations/10000033.json,c3e221dacc02e3c669e4dc1386c05d2b
hk4e/avatar/constellations/10000034.json,a2fbde815be512fb2b4d61cec0605439
hk4e/avatar/constellations/10000035.json,019e0b59fcc2137e55ee369ee0b29313
hk4e/avatar/constellations/10000036.json,32e6a313a5f6e5c38a9bbe38b89bed81
hk4e/avatar/constellations/10000037.json,ab9a9940fc87aa23bbd200f9170ad08c
hk4e/avatar/constellations/10000038.json,7b33ab42e680a765b4def98bd9537796
hk4e/avatar/constellations/10000039.json,e909f02f2297f90d1a28c680589b469a
hk4e/avatar/constellations/10000041.json,15485d83afb872c332688e2c05ff6d34
hk4e/avatar/constellations/10000042.json,ac1bc7f6adf491d8cb4615cd8564df87
hk4e/avatar/constellations/10000043.json,b29bbc91812c8da1a6229f06e8c405b2
hk4e/avatar/constellations/10000044.json,b65fbfc5597973432f3c672af4d3c70d
hk4e/avatar/constellations/10000045.json,2c5750f9804fef3102c21be5bb4afb2d
hk4e/avatar/constellations/10000046.json,0e5e1a2be0493739fabf35403f3f8b04
hk4e/avatar/constellations/10000047.json,a8ca152abcd74ca7d988f899498cba5d
hk4e/avatar/constellations/10000048.json,ed3fa65067eec52d4213ed57d68ea317
hk4e/avatar/constellations/10000049.json,684a9f9ecf2df53176a78e81b83af9f3
hk4e/avatar/constellations/10000050.json,e2c09f34d1eb8113a544e3b7e7e49494
hk4e/avatar/constellations/10000051.json,23afbe96538c4c1081ff745b79bc4790
hk4e/avatar/constellations/10000052.json,96543dd75be674203a9cb89f7ba31cbe
hk4e/avatar/constellations/10000053.json,43476fd6bc3be6d0cd4603c4c9c6b6a1
hk4e/avatar/constellations/10000054.json,51d0de43f68000052db28f8091e4ed22
hk4e/avatar/constellations/10000055.json,3c85d6e174d1814dbaff33bac0f099a7
hk4e/avatar/constellations/10000056.json,38c12e16071c9a2b79e1b9e7ab67d4f4
hk4e/avatar/constellations/10000057.json,18982db580da440ac4a56ed244b1fa79
hk4e/avatar/constellations/10000058.json,5f52a5cc1c57e6e2338d3f52908f6671
hk4e/avatar/constellations/10000059.json,09fb9efcefb7ebda2dab551a2eb588b5
hk4e/avatar/constellations/10000060.json,30ed99835cf154a1e88d4366a5ac40a3
hk4e/avatar/constellations/10000061.json,4f52e46b886a0e7389c1c4467b22bf34
hk4e/avatar/constellations/10000062.json,f3607c6b221f8867052f2e2c198a2b90
hk4e/avatar/constellations/10000063.json,e11190e006555ee07bb0d81b47105142
hk4e/avatar/constellations/10000064.json,74281a65477c09579f84d1086c278ede
hk4e/avatar/constellations/10000065.json,e2fe90b61c1ef8865605b18e1d59579d
hk4e/avatar/constellations/10000066.json,e3aa0c85e75eb434092450472ca24907
hk4e/avatar/constellations/10000067.json,1b62ccbaac85200ad0a1991a1a273821
hk4e/avatar/constellations/10000068.json,bdc30db434f9e61db9002803a8d8260c
hk4e/avatar/constellations/10000069.json,a4d7763038cce97f0081fe4e832bb173
hk4e/avatar/constellations/10000070.json,378321862bd759745bb55991313a7e49
hk4e/avatar/constellations/10000071.json,04594979afe20ae903d23400d4a3d4ef
hk4e/avatar/constellations/10000072.json,ab2e0eb95f54198c2f9ab366bb8e2c4c
hk4e/avatar/constellations/10000073.json,d6904bbf1e5500e9d540530de4e4c659
hk4e/avatar/constellations/10000074.json,17c5826b04d764099b80fcb8b5fdb127
hk4e/avatar/constellations/10000075.json,4e3e55a5ffa53e7a12d690f904ff2804
hk4e/avatar/constellations/10000076.json,0d4b0fdbfa21496fb1b3e63747017989
hk4e/avatar/constellations/10000077.json,319652935c551e3e97aef1653d30fdde
hk4e/avatar/constellations/10000078.json,b9f0346145ecf3e28d6f30cb145a7ee0
hk4e/avatar/constellations/10000079.json,d6de91e4af06bd1e5b426f460846645b
hk4e/avatar/constellations/10000080.json,9757c9f1e37455df6fe8be42cbab9dea
hk4e/avatar/constellations/10000081.json,47c9a905343ef3f44977875bb7d280c2
hk4e/avatar/constellations/10000082.json,13ad94d1a63319ab189f36362246332a
hk4e/avatar/constellations/10000083.json,c84aeb8997c331df6fb9ced0d315a235
hk4e/avatar/constellations/10000084.json,4fdb0ed0c846bafc0639a8153afe0c7b
hk4e/avatar/constellations/10000085.json,349630837a82e87e79d1aff261809fbd
hk4e/avatar/constellations/10000086.json,b9b39974d56737e59a1ce3ef5bf4361c
hk4e/avatar/constellations/10000087.json,5191bb92959d99d93e93b8bdae920118
hk4e/avatar/constellations/10000088.json,278f87864a3918a6efd0eaf48d76da3b
hk4e/avatar/constellations/10000089.json,6e1ab5c58c625db100b7feec6bf8ceb5
hk4e/avatar/constellations/10000090.json,5f3728f3c036ed302b8718611d3bef59
hk4e/avatar/constellations/10000091.json,75df8455cedb8e332c3b8e8a36cc9e0c
hk4e/avatar/constellations/10000092.json,f811dabed3672174565dbce9cd69d93c
hk4e/avatar/constellations/10000093.json,6d5e0b3dca6bbc000f93115e95a60862
hk4e/avatar/constellations/10000094.json,37fa958134d20e79413e837528986e28
hk4e/avatar/constellations/10000095.json,4a0d64e6140ebf555bb8f48db75d6181
hk4e/avatar/constellations/10000096.json,a7b64a7ddd65361534705cd530b4d973
hk4e/avatar/constellations/10000097.json,1804210cc9b06b0537e19332391f9e71
hk4e/avatar/constellations/10000098.json,37dfdeb36fb8d0c894dd7d34b240ee8e
hk4e/avatar/constellations/10000099.json,e35f585cc3432b6c059fc9c94391cdd7
hk4e/avatar/constellations/10000100.json,fc01c0f0f59d13ba66890d95bf8c2663
hk4e/avatar/constellations/10000101.json,d8ad3a0d6236ac12b9ad856aa1f4bc32
hk4e/avatar/constellations/10000102.json,6fee75b9e8fe077db68ee168695d2e89
hk4e/avatar/constellations/10000103.json,2c28aadf85855baf7edd0ded4d476978
hk4e/avatar/constellations/10000104.json,8df014fba7cefd5d723a0d381f30e0e6
hk4e/avatar/constellations/10000105.json,fed00ea206a42fcd2e698c62d86b200d
hk4e/avatar/constellations/10000106.json,94531964baf9de94d7521428e373138c
hk4e/avatar/constellations/10000107.json,4574763d434ce26d50b5fcddbd6a0282
hk4e/avatar/constellations/10000108.json,58ec0c4b88d6172ace4f2b0dec972701
hk4e/avatar/constellations/10000109.json,e5b051342e4550282985ba8353088193
hk4e/avatar/constellations/10000110.json,0ee50e536a4719e18e8d1975a9671e6a
hk4e/avatar/constellations/10000111.json,7fcf46d881d6bfcc867e792fc82d71cc
hk4e/avatar/constellations/10000112.json,882ec8e0eb0a4a9ba1b603031b953c65
hk4e/avatar/constellations/10000113.json,9089a6f296ad267c40a755650d6dbf71
hk4e/avatar/constellations/10000114.json,5d79bc7a9ce3a3ddeaea65135b5076b7
hk4e/avatar/constellations/10000115.json,d799b7a9c69582ec761597aa2d6b3906
hk4e/avatar/constellations/10000116.json,0f380a4dec06ecaf2f7a40f26df3a922
hk4e/avatar/constellations/10000117.json,31ad26ec7f6e330accd3febf2dbeb0ff
hk4e/avatar/constellations/10000118.json,562522c9eaea68621096abb1abf188e9
hk4e/avatar/constellations/10000119.json,1ce4689e779c5a0be653a68274cf826a
hk4e/avatar/constellations/10000120.json,3ccf70e5d443e3304cf318e09358dc40
hk4e/avatar/constellations/10000121.json,0703a3830c4667f87ecc39ae1d0a8e8b
hk4e/avatar/constellations/10000122.json,bc57f56e6ccb55b01855851743e4520c
hk4e/avatar/constellations/10000123.json,d36f8afcc2444ee854daad7fe4e36a17
hk4e/avatar/constellations/10000124.json,525fe29ff15077cfe773a8293b5d0cda
hk4e/avatar/constellations/10000125.json,2cf54b357302d4507e6a58b8efcc45c1
hk4e/avatar/constellations/10000126.json,982ef90d409d1b5be55cad3ebb9018ae
hk4e/avatar/constellations/10000127.json,ee7b2e2dff2930dbb8c329eaad25052e
hk4e/avatar/constellations/10000128.json,87cf0cacb82f83c81ed21e9ab1a84ee6
hk4e/avatar/constellations/10000129.json,67c271bc0fa0895865781516a7ee94f7
hk4e/avatar/constellations/10000130.json,bcb4131433fbb8c50db7b205d79c17c0
hk4e/avatar/constellations/10000131.json,d46b6408c7975443bd8eacd84d5a207c
hk4e/avatar/constellations/10000132.json,0a2d40459d7f9369c5710a4b3b835dad
hk4e/avatar/profile/10000002.json,fbab54f51657b789eaa953c9871677c5
hk4e/avatar/profile/10000003.json,d033e3b3870263ea02390cf6a8ca35af
hk4e/avatar/profile/10000005.json,7c3733577b90226b9d0f27097008ceab
hk4e/avatar/profile/10000006.json,68cf8d9705e19100b7f99c1d1f2c800a
hk4e/avatar/profile/10000007.json,5e1cd022175e5b3045d93fb6708e078f
hk4e/avatar/profile/10000014.json,f2944ba06bfc8770dd6606bb63dc238d
hk4e/avatar/profile/10000015.json,9b8cca329ba67d245d097da6a2951c9d
hk4e/avatar/profile/10000016.json,96b71a5968794c4b69e82267b75bd014
hk4e/avatar/profile/10000020.json,88cf273992d09797f9dc4a7fe77de4f7
hk4e/avatar/profile/10000021.json,0c1ace674bfce6c9e6f5304b09be5927
hk4e/avatar/profile/10000022.json,46750c9fb83239edec88e0f1e013e2d7
hk4e/avatar/profile/10000023.json,098a4c3b9b788daf3459ef9ebaa6369e
hk4e/avatar/profile/10000024.json,04a18e43c55b1e8c19c5123421c53b35
hk4e/avatar/profile/10000025.json,0e92688b82c61bc6221cefeede6cca6c
hk4e/avatar/profile/10000026.json,affd2b58be758c4c2b16fbefeca1a0ba
hk4e/avatar/profile/10000027.json,88cf59b7d440f81f9a1da2fa36d1c42a
hk4e/avatar/profile/10000029.json,c5a12d55af6a15899c05d181c745e7c9
hk4e/avatar/profile/10000030.json,63f9ab6ff1271f21dc058da1ae371e79
hk4e/avatar/profile/10000031.json,f8026ab56efe0b16adde6abf328fc5f1
hk4e/avatar/profile/10000032.json,aed7d80f5c786c789a48dbb92f671141
hk4e/avatar/profile/10000033.json,a91ab0cbb206bd5946aa1a302ce01f52
hk4e/avatar/profile/10000034.json,639f6f2e5d86c12a354c605763afa0c1
hk4e/avatar/profile/10000035.json,0dec1fe03bd82c04a7b37f904f6c3896
hk4e/avatar/profile/10000036.json,e0dc353af84ca125b9b13711bee45de4
hk4e/avatar/profile/10000037.json,159d9748145a0e9dd5068d0b2ab02e31
hk4e/avatar/profile/10000038.json,2065f4e919c2f8b622d9b1459246d91d
hk4e/avatar/profile/10000039.json,fa9559f10aec455edd607bfd73f4eae3
hk4e/avatar/profile/10000041.json,830de40e5582c131d73ea0e24861bb28
hk4e/avatar/profile/10000042.json,3139094b7a227b9959547f57ab9febd8
hk4e/avatar/profile/10000043.json,926074d7c2803fb3c47ef010cc72888e
hk4e/avatar/profile/10000044.json,87af3d56f949d3f2622e8b8bf790e127
hk4e/avatar/profile/10000045.json,155978c3ab875d48676ea259241ce456
hk4e/avatar/profile/10000046.json,ef6ec5151600827bb391866de2af5f12
hk4e/avatar/profile/10000047.json,311fc6d1dfcf64796046a0028eddf131
hk4e/avatar/profile/10000048.json,565f57f04ed656808f0d76c4da0399ce
hk4e/avatar/profile/10000049.json,66ebb4deb5c2b2aeecb026a3fcbe25c9
hk4e/avatar/profile/10000050.json,14ea9dc6602d6e3b39d518a024a8d46a
hk4e/avatar/profile/10000051.json,69e993f65412c194391ca4d80f8fffe4
hk4e/avatar/profile/10000052.json,adcb5f52ee970496d52da849a1b79473
hk4e/avatar/profile/10000053.json,f3eceeaef130f971e79ff7f2202bee09
hk4e/avatar/profile/10000054.json,471af3d9d09e650eaec56e807c72dd4f
hk4e/avatar/profile/10000055.json,dca2a09634f3535e33e56a093a4d2f55
hk4e/avatar/profile/10000056.json,322e2eb4328219c06e5c91b630bba471
hk4e/avatar/profile/10000057.json,19439201c4aa8b79cf556f2c03347c92
hk4e/avatar/profile/10000058.json,50f6c1aefb2b53c3f4097d39d721a55b
hk4e/avatar/profile/10000059.json,0cda2a3381c864d878f589b88cb947ad
hk4e/avatar/profile/10000060.json,f1b6bf2a1641babe5ac9a76ed166ae9b
hk4e/avatar/profile/10000061.json,4d7b648cec37d52091368cce39031362
hk4e/avatar/profile/10000062.json,930b285f7f9f0c000ee7fae259cf2861
hk4e/avatar/profile/10000063.json,e4175c39b76bf83957a9a9ad65c476c2
hk4e/avatar/profile/10000064.json,a3a187a64352aa9e265317303654c7f3
hk4e/avatar/profile/10000065.json,3e4447a8cbccd1fdcb506613eda259f0
hk4e/avatar/profile/10000066.json,689e6a704d6b9f899eb3ffb3c0878d3b
hk4e/avatar/profile/10000067.json,e2c33b952124601b6a8413ea4d17e526
hk4e/avatar/profile/10000068.json,dfa37e3c2bd4d203d6c2cc25acd2fc07
hk4e/avatar/profile/10000069.json,a728633276c5df4487f224016386a1fa
hk4e/avatar/profile/10000070.json,c9825bdb90c45b019d2f5b444f13217c
hk4e/avatar/profile/10000071.json,0fc8e7443496afe5a101a70acc006aa5
hk4e/avatar/profile/10000072.json,3d8f402a65f7b765eafbe3203169b833
hk4e/avatar/profile/10000073.json,28f7383ed2daf87b1d2e7e69c5da5aa4
hk4e/avatar/profile/10000074.json,c07a6169f300dc17cdb0b0ec0cb7722c
hk4e/avatar/profile/10000075.json,3bb7f12033308f59b9f515a82cc09cea
hk4e/avatar/profile/10000076.json,ea39ecbdbdb05c4a2ebaf7b637b7899f
hk4e/avatar/profile/10000077.json,7a8b5ee2f6a44811da8874eedb0a1af7
hk4e/avatar/profile/10000078.json,7965dd77b13963c553b0aea0db186f3a
hk4e/avatar/profile/10000079.json,b56bd70e95303c1b7afadd812d53b0de
hk4e/avatar/profile/10000080.json,dc5fa46da4f745daf0816e4f62e9d050
hk4e/avatar/profile/10000081.json,a698687eb5230d2e71106769eb94f788
hk4e/avatar/profile/10000082.json,c4ea938b62466074139fecc8dee68e1a
hk4e/avatar/profile/10000083.json,fe4d3add093888a02d9a5121645e34fd
hk4e/avatar/profile/10000084.json,44fe2f5e64aa7e09c961471746214ce1
hk4e/avatar/profile/10000085.json,9c38527126571f215af06e0393fae300
hk4e/avatar/profile/10000086.json,12f494261125a3e840b9a8f58a590880
hk4e/avatar/profile/10000087.json,b8aef1ef60fbc95c9c0f5efab1e70fb2
hk4e/avatar/profile/10000088.json,9d157bb7b7f2c0e3e5b14ad103f77e03
hk4e/avatar/profile/10000089.json,597131102e56240173b4df6325e20a66
hk4e/avatar/profile/10000090.json,428c25bab2142387ddc8846905d3141a
hk4e/avatar/profile/10000091.json,9f1bc9d2c6307ee3a0716f0fc0dcad19
hk4e/avatar/profile/10000092.json,7bc5f68e85075f3b57e6670cf02bc677
hk4e/avatar/profile/10000093.json,a9bfea23b09f38dba06c1f8a696f6bb1
hk4e/avatar/profile/10000094.json,73584c1aa459a34d1b69ac16fe9aa608
hk4e/avatar/profile/10000095.json,3f3a73cde13227315a3ca7f18337370b
hk4e/avatar/profile/10000096.json,b09c5b572b5e86cfc5eeb7a7a600eae6
hk4e/avatar/profile/10000097.json,4477ace8ffe6fd9172f5a2306be1dc7b
hk4e/avatar/profile/10000098.json,4db14769032e2e051fb1cce60ba86898
hk4e/avatar/profile/10000099.json,c80020af3dd1542bec04162584fdfcf7
hk4e/avatar/profile/10000100.json,109f62db6e28ffe93809c00fa2c9a6bc
hk4e/avatar/profile/10000101.json,8a3dd54212cc605b7a0d9789c57ecc97
hk4e/avatar/profile/10000102.json,e5a982d87621bf788924cce95869cfb3
hk4e/avatar/profile/10000103.json,a29a5e0a58ee9529637550f81d81e3ef
hk4e/avatar/profile/10000104.json,c5ae23326876c319245e8243b33a2042
hk4e/avatar/profile/10000105.json,5ab49e21c44ee0610589dee1f878f1dc
hk4e/avatar/profile/10000106.json,111ca0cd20dce14e48cb2808761edcad
hk4e/avatar/profile/10000107.json,2ccc1c46fcffd233b3dd9387cd720968
hk4e/avatar/profile/10000108.json,770fc25aff8cd14031861c64bfc8e00a
hk4e/avatar/profile/10000109.json,af74f874cac8c7323c0483795fc02cc8
hk4e/avatar/profile/10000110.json,2fd69c26aaff81d92802ec3c634de495
hk4e/avatar/profile/10000111.json,83b1d6e96095a0d1dc35d3abadedf1eb
hk4e/avatar/profile/10000112.json,75c3e7a30a619a99117a0856140b6e18
hk4e/avatar/profile/10000113.json,7aa425d51221988ab344700a16ba047d
hk4e/avatar/profile/10000114.json,657753d9649cb234fba09d17613c2de3
hk4e/avatar/profile/10000115.json,6ea6e8e77e2842cfa92461555589bf81
hk4e/avatar/profile/10000116.json,2d5fc76e66d3e0b941640a5076f8ad78
hk4e/avatar/profile/10000117.json,ce77fabb85b170b69fdb5058f09ff5e1
hk4e/avatar/profile/10000118.json,6ed54d52920dce119f3ca6efa4e91a04
hk4e/avatar/profile/10000119.json,386668801d917ed7a801554dea0a23b5
hk4e/avatar/profile/10000120.json,1a8328342e511fc36f75ab2ef09d4a96
hk4e/avatar/profile/10000121.json,bf18458bd52aeddef2bb0642b68cb9b2
hk4e/avatar/profile/10000122.json,24373ff32c1eab0bafbf6ef81e06a1a7
hk4e/avatar/profile/10000123.json,c8760833eb550c332ce8940fb487ce09
hk4e/avatar/profile/10000124.json,d24766deec9f169f27cc2741a8aebe58
hk4e/avatar/profile/10000125.json,b06b837406d32974598907e5c588e020
hk4e/avatar/profile/10000126.json,f7901e039b141a3e0301d5db8c87f7d6
hk4e/avatar/profile/10000127.json,6d62856e8c5e7055b4ad81fadd2bcdc8
hk4e/avatar/profile/10000128.json,d9946e822fd888f21f837d3d563eed99
hk4e/avatar/profile/10000129.json,2be36f5a3d4e57afdfe0d5451230d676
hk4e/avatar/profile/10000130.json,9a91ff855a28e330daf524be17a8392f
hk4e/avatar/profile/10000131.json,f97aabfdcc0650b2dfd2cb004df6b747
hk4e/avatar/profile/10000132.json,eec1d591781130d89e9c6412cb08c5ef
hk4e/avatar/talents/10000002.json,438ad26d51270c58f060ca4780ac4e65
hk4e/avatar/talents/10000003.json,97eb0d2f46aa3ded807018c8558489dc
hk4e/avatar/talents/10000005.json,b8cb3f4572da1035520c96b67f3d23d5
hk4e/avatar/talents/10000006.json,da9fda43657f828d414fc6af84740cd5
hk4e/avatar/talents/10000007.json,4b6fe17acbc7b744082d46df234d3d25
hk4e/avatar/talents/10000014.json,ac1c804ca5623a306322952b5e045680
hk4e/avatar/talents/10000015.json,f130c180360efa945c7dee346982c4ee
hk4e/avatar/talents/10000016.json,1f9fb725483b29b9bdbcecb10f330af4
hk4e/avatar/talents/10000020.json,d18a97122f342ab5e07d83c6b656bd52
hk4e/avatar/talents/10000021.json,bb1c9528e70e6ddad80ed153d06d985b
hk4e/avatar/talents/10000022.json,00211234f2e96785ed62042a8415ec4e
hk4e/avatar/talents/10000023.json,0750e4e6176325698dc6a5ad85a5ea20
hk4e/avatar/talents/10000024.json,f559a64e809969be25f6f26b020503a7
hk4e/avatar/talents/10000025.json,a9dd9b87bd80a9794f2c411b03f63631
hk4e/avatar/talents/10000026.json,d949d9f012908226e6292f9c79a2440d
hk4e/avatar/talents/10000027.json,d071ed9f45b6f8242e227377af6f52e1
hk4e/avatar/talents/10000029.json,5ca90101254c1fcb7a12579cffb354e9
hk4e/avatar/talents/10000030.json,dd7376f0374504c707c8355d25e0701e
hk4e/avatar/talents/10000031.json,1df378ff2ce523a191a00767af23feb3
hk4e/avatar/talents/10000032.json,e91fcef9c8d83f337d2022262782d161
hk4e/avatar/talents/10000033.json,589145c9915e126699f27c75536bb234
hk4e/avatar/talents/10000034.json,a731b40fe4ee73b9bf5a8a387688af54
hk4e/avatar/talents/10000035.json,9bb5c4772b5820eaa66009a09ab8fb9c
hk4e/avatar/talents/10000036.json,e958614874248642311d7e8b0250e66a
hk4e/avatar/talents/10000037.json,afb952bb005cfe21c62b16172cb3193d
hk4e/avatar/talents/10000038.json,ec80d691420ed91169dc16750075a7a5
hk4e/avatar/talents/10000039.json,8ff5f514a5fa187888f6cab0d84549dc
hk4e/avatar/talents/10000041.json,8dbdb33462092ab32d7b841f33e39427
hk4e/avatar/talents/10000042.json,a38248a9bce109b6e90d4be7e9b98e3a
hk4e/avatar/talents/10000043.json,f4447cc8727da20bcae990244039dd15
hk4e/avatar/talents/10000044.json,ce8e4180ab9e70f87663eae5248e4e85
hk4e/avatar/talents/10000045.json,a2dafde2c98405a4c1dde69a66dbf875
hk4e/avatar/talents/10000046.json,8749b936c6d0badf0c17c0bfa01a47d3
hk4e/avatar/talents/10000047.json,e1ae1a84fe76cdf0b41f9ac197052e80
hk4e/avatar/talents/10000048.json,5f281b7df022649b91475ff62b3197a4
hk4e/avatar/talents/10000049.json,266e1bd24c8132fac0bc15bb93d85d1d
hk4e/avatar/talents/10000050.json,ff9e2a00ef190b629ec9a030fc3b507d
hk4e/avatar/talents/10000051.json,69cd819788c6f97bc69192bf73f8c5d9
hk4e/avatar/talents/10000052.json,6a3913d6f8e10ca339866d94f5179cbc
hk4e/avatar/talents/10000053.json,23895d005e5590194eab4e1f40a48ff9
hk4e/avatar/talents/10000054.json,f1f9360800e84899de9bc223e4b7f70e
hk4e/avatar/talents/10000055.json,5c7673addc2de7c1a9559b0d14015ad6
hk4e/avatar/talents/10000056.json,7799e036a3e6feb6ad02b2be747b549b
hk4e/avatar/talents/10000057.json,d8effe4e828b04c18550d7b6d321f6c3
hk4e/avatar/talents/10000058.json,5ba3285748a25c174efb9e0cbb69a7dc
hk4e/avatar/talents/10000059.json,9d2e08e30b66c9481cefc0cb2b56eb70
hk4e/avatar/talents/10000060.json,15e0e85dd0146274754082e26c72b321
hk4e/avatar/talents/10000061.json,20dc442bb305a313fd9c02563c854f1d
hk4e/avatar/talents/10000062.json,493b70668db9fa33e08565d099128e9d
hk4e/avatar/talents/10000063.json,42d78477e3154cd361e7827dc039f4d3
hk4e/avatar/talents/10000064.json,29905cdfb33477ae31a90e4fb56764ce
hk4e/avatar/talents/10000065.json,47f2a5ab9d9a37d646fb392a03081df4
hk4e/avatar/talents/10000066.json,2a8b89c0d3e867c920fbf3ed8f17ed64
hk4e/avatar/talents/10000067.json,3af287a63f4f3f4489795d081d9cd599
hk4e/avatar/talents/10000068.json,cc36894d97c6cfba92ecfeaa851c6c70
hk4e/avatar/talents/10000069.json,f6df003580d1754a4b101162ee081f03
hk4e/avatar/talents/10000070.json,5f976de60dceadeddd237fcd0413c537
hk4e/avatar/talents/10000071.json,4380d59036ebe971a0731d2031235f19
hk4e/avatar/talents/10000072.json,202068c5d2b8a7e7c76411eaad7b8a98
hk4e/avatar/talents/10000073.json,6d119e8670ba71feb66e1a4bd65543de
hk4e/avatar/talents/10000074.json,1a9cfd535904ca8ef21e5ca61ea8e25a
hk4e/avatar/talents/10000075.json,c28de6a314f91d46e244c97ebeb58233
hk4e/avatar/talents/10000076.json,7cb8d55e2433a56fd9298d89b6f1d226
hk4e/avatar/talents/10000077.json,fe1489f3633a1953b87ff8475f17bbaf
hk4e/avatar/talents/10000078.json,cec9e33becc2f56d8e8dd738a32a06aa
hk4e/avatar/talents/10000079.json,2e9f97c32d59fd26ee4a1f1056b04b4a
hk4e/avatar/talents/10000080.json,e92a8b22a9604ae63a3f48180cbe0f49
hk4e/avatar/talents/10000081.json,2e3bca460fca69d033dd5c9bba709372
hk4e/avatar/talents/10000082.json,469e6340bec2fa351c1ab3b26fc79d8d
hk4e/avatar/talents/10000083.json,25eb191241b24c38070ead795e965c24
hk4e/avatar/talents/10000084.json,758eeefbf0fd538699662110fb25aee8
hk4e/avatar/talents/10000085.json,1164aed1375a9450f33571c0fb4b9b9e
hk4e/avatar/talents/10000086.json,edb16e049adb2650ff1fb85ee567e091
hk4e/avatar/talents/10000087.json,369763e8992340bcfb6a9e6a7a7c28d7
hk4e/avatar/talents/10000088.json,c18d41b7601ec69ca187ff41f154a576
hk4e/avatar/talents/10000089.json,4ee9068eeff0ecee7704dcc53467cc50
hk4e/avatar/talents/10000090.json,f7ed1d051ec1fb39dd8ff54749a80283
hk4e/avatar/talents/10000091.json,f66b378815357a4ff201a7137582b9fc
hk4e/avatar/talents/10000092.json,3c7f253b2c27fffe8cc921ebeb3b291b
hk4e/avatar/talents/10000093.json,2257d0d179e7ad757f9677e85ba8caba
hk4e/avatar/talents/10000094.json,adb3d33c3a0cd2549ca544f2c5e6ef41
hk4e/avatar/talents/10000095.json,c86038f6d7082ad77bc979b058a96503
hk4e/avatar/talents/10000096.json,9f34f19d1d3c2d04d514e10434e32887
hk4e/avatar/talents/10000097.json,d7e7c546e50d55d8143a9aec59b658aa
hk4e/avatar/talents/10000098.json,884fa8eb929adb3bc20732e8b58739cf
hk4e/avatar/talents/10000099.json,4a655267022685cac16ec35ebe3f6c04
hk4e/avatar/talents/10000100.json,c3db9d234f92ef509432e62a3096b52c
hk4e/avatar/talents/10000101.json,ceebf00e90264b4d406ee3d4689720a3
hk4e/avatar/talents/10000102.json,8c52380f8ac60ea9fb8a87631d5f1844
hk4e/avatar/talents/10000103.json,fb21135451a1f8127239d2f70035c6ab
hk4e/avatar/talents/10000104.json,935ab15a58151cf41e7f0652c64f2beb
hk4e/avatar/talents/10000105.json,624b916ef0c24e9f21d03961b226e481
hk4e/avatar/talents/10000106.json,2b8de7f9e18c1785b928b2342294150d
hk4e/avatar/talents/10000107.json,c62a9d4092304956ce8f3ccae0f8dbc5
hk4e/avatar/talents/10000108.json,1892c607497cdfcc765504eaf3cca6bc
hk4e/avatar/talents/10000109.json,d1adc272c40d3863346b1393b35e6d6a
hk4e/avatar/talents/10000110.json,495d5460be785c53c88fdfc698fa9e15
hk4e/avatar/talents/10000111.json,11de9e9edf5e8c9077997bf6a246874e
hk4e/avatar/talents/10000112.json,a3afa6fc400d67829a56c020ec98a34a
hk4e/avatar/talents/10000113.json,611296f32a72711bd98caefe869fb962
hk4e/avatar/talents/10000114.json,8a446d1dd1636a32f91f28ecabad5673
hk4e/avatar/talents/10000115.json,9b5cac701e63d104870fe038298d7f20
hk4e/avatar/talents/10000116.json,7a2eec917270358235a574dc33b58f3e
hk4e/avatar/talents/10000117.json,164758fb9e2c00a401714338f747412f
hk4e/avatar/talents/10000118.json,8c4c28196fb3b1796146cdf5f2a0b9b8
hk4e/avatar/talents/10000119.json,5670b4c2beb95415a93452111fbb0680
hk4e/avatar/talents/10000120.json,81d538f89df85b6f02e66125d54691c0
hk4e/avatar/talents/10000121.json,3e6f069e28eb4155c0548809859caf89
hk4e/avatar/talents/10000122.json,f6689fd2a56a30c66be767ecbedd6486
hk4e/avatar/talents/10000123.json,0d1c2a55de64f86da99b9f0f5fcf48be
hk4e/avatar/talents/10000124.json,7369864da728e8a780cb54e35ebceda1
hk4e/avatar/talents/10000125.json,5353ac7b8c70970714c3280b1122dd6b
hk4e/avatar/talents/10000126.json,0081327141dbfac72566a31cdbfabe0a
hk4e/avatar/talents/10000127.json,0d07b44f8a08e66f2797a3a88a234ac1
hk4e/avatar/talents/10000128.json,6acd9e0321ec42ad0ca29cbd67edce3a
hk4e/avatar/talents/10000129.json,84716e5591dd426a399ae6442fd93879
hk4e/avatar/talents/10000130.json,3282ce2f8c65768053e70e57a0fc54d8
hk4e/avatar/talents/10000131.json,cb0fb83dbbdfc6a275f2eaefd007ad2b
hk4e/avatar/talents/10000132.json,8cbadfa8ecbbc87023dad3892c3520aa
hk4e/material/104001.json,6d31115e565f1e60e0442d28a942a29f
hk4e/material/104002.json,45f8accdf830a9f9d8bb15ebda1db18a
hk4e/material/104003.json,2515955329faac47aac4e0365604cbb8
hk4e/material/104011.json,252628ed0c7a536fdc44246839aba566
hk4e/material/104012.json,9770973224fdd10c33acdc2b634a46f6
hk4e/material/104013.json,0becd3f82328397f5079a1e46ed8e4f5
hk4e/material/104101.json,5e3bbed8402996746239b512a3eaeee8
hk4e/material/104102.json,3711755a721673f00c33af535099ffac
hk4e/material/104103.json,81f8d58be738876d819cb9dbf5fd2e6b
hk4e/material/104104.json,83118e0bd8c4470ca34f2bb5685a6060
hk4e/material/104111.json,e8cfe129142e264859657f5a77774ed9
hk4e/material/104112.json,ea8b3cdea133176b5663679d23972f7e
hk4e/material/104113.json,9109f670903b33b2ac81d88858a569e3
hk4e/material/104114.json,2a98e05251aef38d15fd3c9731e4e494
hk4e/material/104121.json,d077668ddd2088c31875e6d6e06303b9
hk4e/material/104122.json,03ad7fed8b14e5adb3157bb734602765
hk4e/material/104123.json,db9a2e5c92d18fe5774bce79d7877570
hk4e/material/104124.json,6f27ca73d9cf8c71e53ad2a0735bf1d6
hk4e/material/104131.json,d41b8fe5da3716e6de653d53693d318b
hk4e/material/104132.json,392230333cb3fa0855292d938ffa7f86
hk4e/material/104133.json,f2046134af1e7e72ab2870fc7a1229b5
hk4e/material/104134.json,32775764a537ec706a051794fd3a8205
hk4e/material/104141.json,037038bc48686b58ebaf4d6491f1eb46
hk4e/material/104142.json,9933069ce276b3304c63505fe56b2b69
hk4e/material/104143.json,e1ddc21f0c9d43b040ee4a13580486a3
hk4e/material/104144.json,e1bd37851ffc15da8fd4d9d08fef3b09
hk4e/material/104151.json,e3ac5e67d6d64bee3f8e026f5359f819
hk4e/material/104152.json,db809c27e225f0e77e3f67636183265d
hk4e/material/104153.json,c4ea887d23d04aac83afdaa8dd7ca7fe
hk4e/material/104154.json,20aa81c29756f94ff157c81ae11a0b36
hk4e/material/104161.json,c9dc594924010ec9419ca52efe6fe1fa
hk4e/material/104162.json,e496b6749fc52fa55204caf7086d8da9
hk4e/material/104163.json,a6d554641293b4c263fb1cce41537657
hk4e/material/104164.json,841c5a92f18d148962079260dabf628e
hk4e/material/104171.json,b078e273363fba5068febe0f3b2eb0e8
hk4e/material/104172.json,71d693f7d484b98bc07bfff47eecc60b
hk4e/material/104173.json,21859381bfcbec22c59bc7827c925f7c
hk4e/material/104174.json,73e230a793b3a5f5840d109ec45e256a
hk4e/material/104301.json,e1fe4e5578380491a1c442ca5812369f
hk4e/material/104302.json,510e9f9a518f803ad0448906c8269798
hk4e/material/104303.json,775b4bc06fcec70d335fcd2a7d5c3cf9
hk4e/material/104304.json,e967916f51cfa25ac4e4ca784a2efe7a
hk4e/material/104305.json,e1f6449ce36057223dfcde928d1b4613
hk4e/material/104306.json,d078e356e62252a3c01fa7fac1884a2d
hk4e/material/104307.json,5d5d6e0dae6e3a726312b1c77598ab45
hk4e/material/104308.json,12d81e58da6cb6ad1b31a5f9729f6f99
hk4e/material/104309.json,4fc2328dc35990d9d5be704c31699cc8
hk4e/material/104310.json,3d522da225c652af6b846681ec4207d4
hk4e/material/104311.json,f60f62c95eb3d902133acfda3a7f2e44
hk4e/material/104312.json,735c9024f2b5c226a7e094307cc7411e
hk4e/material/104313.json,90b16af99dcadff253dc851362850bab
hk4e/material/104314.json,13928093a26f60cc05d42bce47174308
hk4e/material/104315.json,7fb07425943aa0c7eb0cd3c68931f56d
hk4e/material/104316.json,0fb4d162407a044ef9b906461beb045c
hk4e/material/104317.json,234115485599eeb9db6d7f889bcc11da
hk4e/material/104318.json,a6e96c3a04aeb7c36dccc12a737f2ef0
hk4e/material/104319.json,d8f4e5085f8eb5b3396a2e26bd5a72e0
hk4e/material/104320.json,b49207bb2e60cc6fe8cf232e7062e27b
hk4e/material/104321.json,097f903e945a838d27451fda5cd844dc
hk4e/material/104322.json,97a1c278c83fb66d24f1d947b0f2d73b
hk4e/material/104323.json,15d7137b5257bbe38aa9f230876e21f7
hk4e/material/104324.json,6cabba692b74a0ad6f628bd28a30bf36
hk4e/material/104325.json,3aa04d7b6af46f538eb3cf3539b9937a
hk4e/material/104326.json,b222a56d6c84f4c8db2def2e1ffe757e
hk4e/material/104327.json,3808f5225ab4f947ac10fbe384ac8051
hk4e/material/104328.json,148a48501f1c4242cf56206f8c9942db
hk4e/material/104329.json,9671af8eeddbb348fd1f7fa206bb6e1b
hk4e/material/104330.json,2b5520a64dd5def05ea23aa54e54d342
hk4e/material/104331.json,fd14d629dedfd3c6a640d0b15d4fcb71
hk4e/material/104332.json,66d1f6fa0e65bfa9fd920caf572f907e
hk4e/material/104333.json,4338a8a48588052b323d2b2785af7fea
hk4e/material/104334.json,dc064f7c6fe1a66c99a68fd31a51c714
hk4e/material/104335.json,1c4283ec5d31600a12f13bfe75d09096
hk4e/material/104336.json,5be3be727357afd4d6f8c5c625bf3063
hk4e/material/104337.json,d2ca4ed80eee42a74e485e70ad483754
hk4e/material/104338.json,74070e08ceb67fc1586f097cd37405b0
hk4e/material/104339.json,30ea78f0e683d1e79bd442f1b4707cee
hk4e/material/104340.json,ea89108ed57de84a1903f56cb131b221
hk4e/material/104341.json,3c5b5a7b78df3707c31c1ff63d882eab
hk4e/material/104342.json,c3d182cd379d1abd05c9271fe7d7ea93
hk4e/material/104343.json,6646f1f9c33c2560156d197e564b2bae
hk4e/material/104344.json,953dc24ad0f17f0db9a45d150fe21d09
hk4e/material/104345.json,dffa9aa0a044b03af446c4880fe84133
hk4e/material/104346.json,4095be9a30d2a973d1f6b2b784d2ae1b
hk4e/material/104347.json,3daa7e58ba9b544539cd9759e58eec07
hk4e/material/104348.json,ab6c984fad45f70b5575e00d9feb93db
hk4e/material/104349.json,cb59636c74f267c9f0ea3ce3c41a61b5
hk4e/material/104350.json,401b0582c1ad3461d8831332dd3e3ca0
hk4e/material/104351.json,7cdfe584b1428aa94ea6b08fce8011f5
hk4e/material/104352.json,14174555062ec3af27225cf2c40d8a96
hk4e/material/104353.json,cca9cc12a5bb956bbc8bd66d1c3bbde3
hk4e/material/104354.json,e4dd1794712fc746876d18cfe5fd0166
hk4e/material/104355.json,e02e4397cca2168c79eca3e1f2f8c9ff
hk4e/material/104356.json,4bb88b89180b4c561439885ea54b7748
hk4e/material/104357.json,ce336f89599a05be6428c18584e3f551
hk4e/material/104358.json,5577f2c2118465dcff37c5b067c95fde
hk4e/material/104359.json,bc28e34a3a9d4dcee94ae4b4e749c84e
hk4e/material/104360.json,802abc01577afe62db77829614555b16
hk4e/material/104361.json,10bc52439078a4a79b77ae2e417f6e34
hk4e/material/104362.json,14784b0389bd074963f39246c6da4f4e
hk4e/material/104363.json,d1e0bfcc146b85afa392a75a1c9af429
hk4e/material/104364.json,94e9fb694ff472091718db46799183ac
hk4e/material/1102.json,f9eb6b1326db722a1d8a43136fcbd18f
hk4e/material/1103.json,710627dd7a22fc0fccdb5d24ca2378fe
hk4e/material/1105.json,b3bb0afb2f965e79252f1a2322b3521e
hk4e/material/1106.json,eef3f6b59669435d34274960099b3efe
hk4e/material/1107.json,69c724d15dcc49f50ae69b9a77b339a3
hk4e/material/1114.json,7d8704a904d5dd24e20d57738d4573e1
hk4e/material/1115.json,df755e4f1ae3e60d5c366cb96a462ac8
hk4e/material/1116.json,8d2e297eeef3c576f69683eb4d5ff3f9
hk4e/material/1120.json,3a556aa364e6e3d65539f1d9c38a5532
hk4e/material/112001.json,fd26b9957821ee5453926cb6e94cc979
hk4e/material/112002.json,6de8ee09875b52c5d1a90d89fa2ad944
hk4e/material/112003.json,ad91828018108af04687c35fd296d4c8
hk4e/material/112004.json,2c43c4fe516369367f9adfdfb94a856b
hk4e/material/112005.json,c5b9a3538142c7d673a5f8c0ab2884fc
hk4e/material/112006.json,66b7c8424f0eb32b2a8c23b0c3af5c2b
hk4e/material/112007.json,dc45e0e042784d49b7dcc71de1ea94b8
hk4e/material/112008.json,5a9afb40cb5f7120438b3a4f05c5ce17
hk4e/material/112009.json,93066d983ca0cec52b56d380ece5e5c2
hk4e/material/112010.json,d02c5b56369d461d6b4d8036f477450e
hk4e/material/112011.json,d2cd9ca3c67bebbd850c443fcf630862
hk4e/material/112012.json,2fc400bb624b8faf396ae6bb67af6725
hk4e/material/112013.json,dc10a17bde8fca22aacaffb4246d38ed
hk4e/material/112014.json,af096cdda24da82b11f805ce621f5cd1
hk4e/material/112015.json,6bfe2d0c80cf5ea08195553e32ed5af8
hk4e/material/112016.json,f05f509142ebfc7278cd4db1424264e6
hk4e/material/112017.json,ac8bc84f7540612eade03e700b7adf15
hk4e/material/112018.json,1c2154002f4dd7f936c689bbcd0d4016
hk4e/material/112019.json,e5a482f5b9ca823c6154114547d16458
hk4e/material/112020.json,6dc1e70b064a764f198d62a582be9381
hk4e/material/112021.json,7671cb808c5f9187def6e11f45f6ec15
hk4e/material/112022.json,5e8171534603e7d401ea601b5df082f6
hk4e/material/112023.json,97e49da16450dc396869b4d3e9f82539
hk4e/material/112024.json,3dd8764dbe5b20e83de7bb5d0ff62741
hk4e/material/112025.json,d95053ce82165701f1fd848a1ab16f33
hk4e/material/112026.json,df511331905fad53f4e204d9740ce87a
hk4e/material/112027.json,6fb726be6c753daa1d794d109d8bbcf4
hk4e/material/112028.json,7b6bb6f931b9012d930702833eb5483c
hk4e/material/112029.json,29fccce5d5b4daa9617458bf6236f0d0
hk4e/material/112030.json,878be8801fc06c977768c8dc3498157b
hk4e/material/112031.json,502d253ac7eaa627d420405eb592fb5e
hk4e/material/112032.json,be6e1581c9a54c55a4bc958510bcffa2
hk4e/material/112033.json,eb3d0bcf6b3d2631e0b088b4b4874f46
hk4e/material/112034.json,a5558eb1d666f5d49a74df5d665f9dc7
hk4e/material/112035.json,08230deaf551891b73c92cee67344453
hk4e/material/112036.json,048e93a171ba7f482325e0901ccb14a8
hk4e/material/112037.json,1ac4288c9754dfbb623df4f77d093f0c
hk4e/material/112038.json,0a590af114526926c922ec278fa0a9cc
hk4e/material/112039.json,2daf8c1dad2d1ea4b25aa8f511b62cb6
hk4e/material/112040.json,f5369bdb3a33805b443e772050395a19
hk4e/material/112041.json,68b3b120816d648f97c8a03eca590863
hk4e/material/112042.json,3b713e824075fdb0508632fb422a6dce
hk4e/material/112043.json,d7b46ca2bdb565cee9e51f77d9755505
hk4e/material/112044.json,0be7f8878d82edc936522b0ab9a607a2
hk4e/material/112045.json,0316e0722e6cf04b570154fa6374783b
hk4e/material/112046.json,fe5190d9e9003aafe9aeff1b2714ec3c
hk4e/material/112047.json,2b220080f1a31b55eb6824c48a47565f
hk4e/material/112048.json,71e45cbac5c0234ed09b8643964a5fdf
hk4e/material/112049.json,0205672de5d597fbdd32d777809743fb
hk4e/material/112050.json,1a68075fd2bc1ba9c5833dd5587f8290
hk4e/material/112051.json,bf098d687e7caf5d6c7ca022d8f94773
hk4e/material/112052.json,996aefd91ebc6e21569e3da61d0afd94
hk4e/material/112053.json,cb4936ccaf330fcbe2888ac212fc271c
hk4e/material/112054.json,bb2771c4a1f7c3712395d43c6a017fbb
hk4e/material/112055.json,be6971e49b9a0ed38e3946531e074a08
hk4e/material/112056.json,369acf6000074747f9f87ccbcb3b6d69
hk4e/material/112057.json,42485d8faac2e8a7b9fec7e68d7ce0aa
hk4e/material/112058.json,c6ebcfead185f814de4cfb16dbfef56a
hk4e/material/112059.json,3592e97c52f3649b01de41c4bd84bbae
hk4e/material/112060.json,0483813a0c3b1bacb6b04325436151bb
hk4e/material/112061.json,dd624ee283312421244dca89e18b01e1
hk4e/material/112062.json,cf92afeb8109159d21ca2fc45e068502
hk4e/material/112063.json,b9d257cacf0a10b3066c04c72146c225
hk4e/material/112064.json,5697fec200e29913ae12c6a9a3aaf0dc
hk4e/material/112065.json,f4a7db1b4c64fd285be3c80b96a45222
hk4e/material/112066.json,5e047513a285eb7304597db37087b814
hk4e/material/112067.json,bdfe25c66ade8962628828080c8f7c0b
hk4e/material/112068.json,bca49c0fe97767a82a3a4e0eae443d97
hk4e/material/112069.json,a4c17206934ff5117ea9dae50481f9b5
hk4e/material/112070.json,c7a637ac3a5dcf3502d43ddbd15b1c2b
hk4e/material/112071.json,5807b74dfa27d4c15e1742119257ce28
hk4e/material/112072.json,111b5a1979bd80b8f142e5ad85d413fc
hk4e/material/112073.json,9a2b8ff05b42753065691b05d37f4d30
hk4e/material/112074.json,1a3d405513e9f1eb2c0ea0981eba78c8
hk4e/material/112075.json,e63792100e06e74c23397ef6e525a4e7
hk4e/material/112076.json,2a4367c70d85b73577a09273ebd2e8b3
hk4e/material/112077.json,112b62d22ee063175afe8c0b4dc13b3e
hk4e/material/112078.json,ffa9d8284707adcaff77989d03ce6221
hk4e/material/112079.json,10b5554312fc80f3248f0b49217a6932
hk4e/material/112080.json,9707143820bf603bb65943c6c4552cd2
hk4e/material/112081.json,cb761aad89ef095409e73e0a76ed9bd6
hk4e/material/112082.json,0a936c2efa65ae8d601ad24b8c98121b
hk4e/material/112083.json,b3cfd80c31f75a2eaede8b331f0a76c7
hk4e/material/112084.json,5acfc2135a7408e56abbabf49a6936c3
hk4e/material/112085.json,f1c77d28b90a00fbeb561a0b5e4256ab
hk4e/material/112086.json,813f504eb6eaf8c2d001308335c37bd7
hk4e/material/112087.json,7504dd8d1025d1ef519fef0f0f30e6da
hk4e/material/112088.json,89c8e023b23ac268a975131a4129e12a
hk4e/material/112089.json,7c65ff5939c9a556360141e67566d516
hk4e/material/112090.json,dc0c0cf67c21c5bda8a71038f368dddb
hk4e/material/112091.json,beaa47467beb23466769c7864a160e20
hk4e/material/112092.json,2fc7e6d23d03e347a8d2add273c54075
hk4e/material/112093.json,98cd5ac4224a01333b2690adcf9ac2e4
hk4e/material/112094.json,097773a845c4d032cfd38a877c7482d7
hk4e/material/112095.json,2d5f3b289a5215f0a5e282ecb56cf611
hk4e/material/112096.json,a7900a68b19c6478d9ffcd0f8ced8ac1
hk4e/material/112097.json,07305bb3064e4cbb5a510e9c0d35f964
hk4e/material/112098.json,ea2baa8400c9db30dbfa9cbab3ec3a49
hk4e/material/112099.json,dc3ec22309da30bbd36662b887040ce5
hk4e/material/1121.json,ae080fa7be45660244f0dade40225f1c
hk4e/material/112100.json,7f4bdacf1d917b292d4d68f6774cbfa5
hk4e/material/112101.json,fb6a7e365db8df6de6575caedf853d40
hk4e/material/112102.json,862bbf8650185a35e63b6dce077f871c
hk4e/material/112103.json,59c0aa943f54d2c732bda6bae67abe1c
hk4e/material/112104.json,6f663b3eecf7ad89159687d308a8a2a3
hk4e/material/112105.json,75e9119c299c1946cfba368f82ac1369
hk4e/material/112106.json,1f950275db382ca7384081cbf62db2ac
hk4e/material/112107.json,bf6349ad45b6e2e24767174731128b9a
hk4e/material/112108.json,de1680673c7a81e2a7c1cf3cf8e5217f
hk4e/material/112109.json,beaec3f2baddaf7ccef2a87f93eee3b6
hk4e/material/112110.json,3ae388c8b23659979caf38e3a4efa2a6
hk4e/material/112111.json,e5cb5407fc5b146d84c174479555873a
hk4e/material/112112.json,6070f9823dd1a9090ea2dafa79bfba9c
hk4e/material/112113.json,1d768778b20975858fdbdf49eae1582b
hk4e/material/112114.json,c81dfe766c01814f0662cbe3be66616b
hk4e/material/112115.json,50ad80451d56de54ffe08fbb99253045
hk4e/material/112116.json,1c36f74137bcdb0e3104f1b186ad360d
hk4e/material/112117.json,3b4b6853b9304e2a9adce0f33622efcf
hk4e/material/112118.json,06b3751ffeeab80637f1769feabd6362
hk4e/material/112119.json,d3ba8af890cbe30a09caa491225eba19
hk4e/material/112120.json,7ecee8e9a0003c00bcfa145dc0bbb862
hk4e/material/112121.json,d41d3db913b959456151faebf911ddc7
hk4e/material/112122.json,a44ad0e97180923caac05d0ea7cf4766
hk4e/material/112123.json,4b4a485df13f4b37bfc6a47ab26f5ea8
hk4e/material/112124.json,d2efb36e1bc826dc9ef4c6461e3ebbd2
hk4e/material/112125.json,20fa239836073613a65f7b5a40fe5614
hk4e/material/112126.json,6029766dbb88646b1436df9f7ec1f4ab
hk4e/material/112127.json,21a4d9aa15dfe88c7651c28b884da454
hk4e/material/112128.json,ba546a03366103602e7fe6dea75cabe0
hk4e/material/112129.json,d37801ce6728b189ea26bfe74774ebe2
hk4e/material/112130.json,8acb699424445ce012a716f0e7f0eb85
hk4e/material/112131.json,ee7d8dff1af1eba6c0d4262024087a39
hk4e/material/112132.json,7f9c3cfd99fa3c60ab1b28f45dbc30a0
hk4e/material/112133.json,ff00b8a4a56aafb3f1c0b5d9017aa85a
hk4e/material/112134.json,1989c451c14295b52f20e7fac62c2110
hk4e/material/112135.json,d96ab4e9011ee410f030a6850ee52f54
hk4e/material/112136.json,3b5da016476bbcba44f846636ab4a8c4
hk4e/material/112137.json,6e920cba685530c2b0b0349ec1c64c81
hk4e/material/112138.json,a42143c6e8fb2143d8f0ed322925a0d5
hk4e/material/112139.json,33252eeea50f6c220f07041e753af2f9
hk4e/material/112140.json,e88bb9ae1ed2b78980aa3224a0539f3b
hk4e/material/112141.json,989ee7b3b4f13aa0dabacdc53709f65f
hk4e/material/112142.json,848fb5529d1f562710f3d1405195d3d5
hk4e/material/1122.json,2978c66a1cbf40bd52468ba6804ea7c5
hk4e/material/1123.json,738bda544a3feaeb830a83cfb426c84a
hk4e/material/1124.json,95288da289aa6a5030c4cf8709b0159b
hk4e/material/1125.json,ff229e4df0fcc1c51e153e8896ca53e5
hk4e/material/1126.json,a5f143a82d3f3147a95b83f2a61b120d
hk4e/material/1127.json,1e63f76c61abcec270eba59be1de3e77
hk4e/material/1129.json,f42b0a5270ca5db0bfb761be98bdc245
hk4e/material/1130.json,08f80e911254ae1147b7c8da6dff4eda
hk4e/material/113001.json,f576370a1e1aa0f5819f30d7b2341882
hk4e/material/113002.json,a53fde756b2ee7c3f810735076696c9b
hk4e/material/113003.json,207afd07d92b641b9efd4ad3702f2dc7
hk4e/material/113004.json,2bf0e46bc7e3a004c0121d27787d3ad1
hk4e/material/113005.json,550a1c10fc3fc6c9d2f3e4c6d7e7157c
hk4e/material/113006.json,2b61e2741859db8fa0819403ddad09ee
hk4e/material/113007.json,f3194feb3c738ed00151fd5fbdd7579d
hk4e/material/113008.json,01438b63a9f82821e3a55c552a2cdef8
hk4e/material/113009.json,6d8eff5439c20ede76d9f37f12589f14
hk4e/material/113010.json,a505375936908221695f31938902010c
hk4e/material/113011.json,6b484a0c5e006e8d11ea559b088ba0b5
hk4e/material/113012.json,51e796e18df7d7d9a229633792485c25
hk4e/material/113013.json,79a6cb55d5ac8e809a19e74a9c81c9eb
hk4e/material/113014.json,99379744552ec2ae0aa258b179737c35
hk4e/material/113015.json,292e5b957f340d688871aac7c7af22d8
hk4e/material/113016.json,be7c63e5163b68506886756f254b6e2b
hk4e/material/113017.json,de90f0167efc341642ae7f8a1148683e
hk4e/material/113018.json,c9219fa1813b83df778525da1cd75183
hk4e/material/113019.json,9261e4dedb7f8e1a8efb96f06799b78a
hk4e/material/113020.json,9feeef9e25ba5caf33b6e9ea38a71dac
hk4e/material/113022.json,d6eaac0e29eca5294c8b290228ace3d1
hk4e/material/113023.json,1476e82041323c170f6be5a77c2b7927
hk4e/material/113024.json,9a8a07e66d2267591cc8774f0fcbcba8
hk4e/material/113025.json,72c3c9eae08bba9cf454e8f0ad7ef68e
hk4e/material/113026.json,72b0e02c748162c82bfcbb80020f9a5e
hk4e/material/113027.json,45f9aee19492d1d4f0f80cfe917f20e3
hk4e/material/113028.json,5e6681901e8ed7adb38ee93d27cf2657
hk4e/material/113029.json,51bd2d49729fc5006a7aac9796de1453
hk4e/material/113030.json,49b0548fb89efa0ca71304bd11955e45
hk4e/material/113031.json,040821644ff069a830ff00385d09d112
hk4e/material/113032.json,da2c7498f049aefa684b49349cbb7939
hk4e/material/113033.json,b64e85cfbf81346f34519323e58eaf66
hk4e/material/113034.json,6e6b0d3245bd3af22fa10c0efcf055b0
hk4e/material/113035.json,a8c6da9cf25a5abd2f03567ff04ba0f2
hk4e/material/113036.json,33edc0d5f08bf382be1a67a5ba7dc2db
hk4e/material/113037.json,2384a810f240c863b28cf903b08995fd
hk4e/material/113038.json,6c3f763425aac6337b06e300ac18dcf8
hk4e/material/113039.json,2835105127350dfb64eb50152a63ed57
hk4e/material/113040.json,4d32e85c203b8221af4d337e276aa51a
hk4e/material/113041.json,bf11a0cf76c6d9efe6be459dae50f32e
hk4e/material/113042.json,b6bef670b3a2fe6f167b7680948318dd
hk4e/material/113043.json,7ead6f7b1ff2979c5f8dc798a245b4d6
hk4e/material/113044.json,1301bb4e8b722c68099184671d97a8a2
hk4e/material/113045.json,e84fde78f7f0411ca03cb94877c29b72
hk4e/material/113046.json,32b625737986af5c5e5bd629ff865d35
hk4e/material/113047.json,f84e766f4c781b41f0ea11234c03459d
hk4e/material/113048.json,b343e693f64d489917be5b842c24983c
hk4e/material/113049.json,b2f45ad24eed34e9e22bbcf5e022e298
hk4e/material/113050.json,66df70ad4220555f70038a057753d7c1
hk4e/material/113051.json,b5b8b65174be79ac07cf28611f820748
hk4e/material/113052.json,cf2480bc7ceeda0df859672c5eacf9e8
hk4e/material/113053.json,0710a4c4d88b5ca365806e2fd8cf7064
hk4e/material/113054.json,a0f88b1996967aeac34bf0ab1e950da1
hk4e/material/113055.json,56eda31ed244ae4f7765be7df10fdab5
hk4e/material/113056.json,552cac8367b847afdab8d36096e5f0b2
hk4e/material/113057.json,b8275522b0677e5786de03d32b6d263c
hk4e/material/113058.json,fc76905435081d1bf154a22ca2ef1518
hk4e/material/113059.json,b97524fec246208b812dc3590f35ef28
hk4e/material/113060.json,b0831f30b79c7f5ffffab0b9b39beacd
hk4e/material/113061.json,9db7a7f5b41af7e1c539e68e153f10a7
hk4e/material/113062.json,019f42b67d134b4c79d93ab4b53b2ca6
hk4e/material/113063.json,70f429235bed6ab9b1c90ea488637fdb
hk4e/material/113064.json,edb9dae2906008a767337afa863420c4
hk4e/material/113065.json,9de22aeaac621c2eaa0567b2e54dbbaf
hk4e/material/113066.json,69e54cdbecb2423139feede28d476271
hk4e/material/113067.json,63419f7170f4207fa6df39e304f591fa
hk4e/material/113068.json,77290bed9890943392cc471ce5800da0
hk4e/material/113069.json,8b6a195f70f72d736e4da5c0ea3047a5
hk4e/material/113070.json,5baa2cf9f43c85a3130cc16a5344a34a
hk4e/material/113071.json,69e788a33c7e6b6ef2759d6882569fdc
hk4e/material/113072.json,10f4039e6e1d442291903edb71d2ea6d
hk4e/material/113073.json,b38021efd443cc391c29ddb09eb4cdd3
hk4e/material/113074.json,9049245f821dfca846faf8df5d67d38d
hk4e/material/113075.json,f255e17772a989c69fa45ddc9debad48
hk4e/material/113076.json,9f89d67e20227ca1706490808a0ddd57
hk4e/material/113077.json,af6e26921c0b054f6da0502e538dd699
hk4e/material/113078.json,31bbf749117d2e26053a79749743e630
hk4e/material/113079.json,8869d66a300c341f5882c3cdbe270f94
hk4e/material/113080.json,b5e7e2bab7aaf86ff47441fff8b32099
hk4e/material/113081.json,fa3904ff31e90a7a2176922b76e85915
hk4e/material/113082.json,2bf06ea6e1ffd3f4f620074828a0915a
hk4e/material/113083.json,f1765dfaed5bf18e382304d800cc8f6f
hk4e/material/113084.json,ac7dcdb898adb042878174c8e964d789
hk4e/material/113085.json,19cf17416d4f360bfd2f3b132035f46e
hk4e/material/113086.json,77aa2eb15e80446d7cdfdae6a40fd56f
hk4e/material/113087.json,219c1c86e2dcb6b7ead56e02600f3c3b
hk4e/material/113088.json,0c59e61c8b6c5a381e71ac21afbcd56b
hk4e/material/113089.json,d7c16ae04a059f0c99f8f49712eef1bf
hk4e/material/1131.json,53806ab07118f75f9703b41a7facd5a6
hk4e/material/1132.json,8de1da05bcc32aeefb5506f270047e69
hk4e/material/1133.json,d395fcc159eeb9665c2ab498f2b46edb
hk4e/material/1134.json,82efa7dd5319a3547ea865b2cc44ad78
hk4e/material/1135.json,f550be080445956f7c192b22824c0e90
hk4e/material/1136.json,d057fb998101971a857d35d3e18e6e92
hk4e/material/1137.json,425df99845cdc3ff05e35ab8921adeab
hk4e/material/1138.json,34c09a84be6004a3d5217a0905aaedc2
hk4e/material/1139.json,46c479e3263feeffac748d6b7cd7496d
hk4e/material/114001.json,22b92134b253862feae944168ed258c6
hk4e/material/114002.json,ea32727b8e69ff560a99ac4c0e04fccc
hk4e/material/114003.json,b37e03f4ec5c0db5528ae3064a9352a7
hk4e/material/114004.json,67080a1296011316cb5b1c1e4b1a643b
hk4e/material/114005.json,92201e8182870807bf18479aa0ec3fc8
hk4e/material/114006.json,ea0018324e2e2e3a6c623d8043a384ef
hk4e/material/114007.json,623cfd6e10e26413b064b7679eb7daec
hk4e/material/114008.json,47f9d1988e8eca3851a5140384fb1332
hk4e/material/114009.json,afbef581c53cf3a0bdca79df58e0ee57
hk4e/material/114010.json,1aa0260c560cc9e09c086279c25aa3fd
hk4e/material/114011.json,359924cb58d6c181a49d3d34e8b557b9
hk4e/material/114012.json,0a27854a3d6f3b8ece2abe003ecd7ae8
hk4e/material/114013.json,cdc3a14aef88e44b36a83ece22489160
hk4e/material/114014.json,c64954101572231eabe0047c2aef0243
hk4e/material/114015.json,61024bdc820432242c85705d41733cb3
hk4e/material/114016.json,af3f9d430e869e1b041b30ed52f4c277
hk4e/material/114017.json,9035b1adf4fe176b5c21c08cea2c821c
hk4e/material/114018.json,99a722649bf415775802c88d9210d9ad
hk4e/material/114019.json,2ecdb5c203a54149b8c803c70384ff72
hk4e/material/114020.json,c0d20f3e92c23ad1a17f2edd6f137678
hk4e/material/114021.json,3e45fec39365c235d8fff7526fd68dbc
hk4e/material/114022.json,701d4d42b7748fad474977c73ea35724
hk4e/material/114023.json,7f1d3a5274c49e106762f948e933b486
hk4e/material/114024.json,9ccc01ac258bbe50e5a3138a8290e944
hk4e/material/114025.json,59a0f6ea1ddb27cacbcf6d5438c7c65a
hk4e/material/114026.json,34ae2a8d84d80171b7202a1bdd2770d6
hk4e/material/114027.json,43203feb7ba9e509c9ea2a94168efa1b
hk4e/material/114028.json,36a8529cf16df141fbd111469b687e22
hk4e/material/114029.json,219e28e3bd2b4b737af274414308e5f6
hk4e/material/114030.json,24a88bf6a19c02e188ae912d0381cff2
hk4e/material/114031.json,7c1ca7b747a579b101b795701223bbd7
hk4e/material/114032.json,72342c63d61bb08c6707628e48790ef5
hk4e/material/114033.json,43115f9d8a6801374132fc6916569477
hk4e/material/114034.json,414c759bd9baacc2065c4da8fb2931ea
hk4e/material/114035.json,9caea7199bc4d14c084fbd84c929aea5
hk4e/material/114036.json,6568107bd42099f090756031231a97d1
hk4e/material/114037.json,97f3bf5de7564c27bea369f41e25820c
hk4e/material/114038.json,052fd490cafe563497ed96654152bb46
hk4e/material/114039.json,80977fc88e695572f66fec6e07d8b796
hk4e/material/114040.json,8bd11e122de40214195cc4ba76a05e25
hk4e/material/114041.json,3a4666bd4ddc7551af254b49c5aa5c05
hk4e/material/114042.json,e8f4cb002f188c809f7b15540c5b2b93
hk4e/material/114043.json,7ce3d649a7b0ea0ca588cd0a0675841a
hk4e/material/114044.json,95efbe759ec8a4419b54c5d57a04e092
hk4e/material/114045.json,2da19481f60f4b0264a72793926d69bd
hk4e/material/114046.json,ba42502e3a0e7780aca550b778f0574d
hk4e/material/114047.json,a24a28ff86882be9b360efcadf8cf8d5
hk4e/material/114048.json,d9f8c4aa9f54f3d880112c2d5a34056d
hk4e/material/114049.json,cf608e14c82bc0d36556c8c83b6d4ebe
hk4e/material/114050.json,c515800aa9e3549aafc9c99b2ee7e51e
hk4e/material/114051.json,e888736dd6bbbec724bba5fe661e3e2f
hk4e/material/114052.json,bf3d8c49da6d229eb9fec63dadcefb78
hk4e/material/114053.json,47f0d098f570b226eaaf1a111cd3bcb2
hk4e/material/114054.json,00b4dc24137c6eef6568be65fc5fadd5
hk4e/material/114055.json,5d55386e1f51f90205aebbb41d94685d
hk4e/material/114056.json,bceec2abfb0ce63e7d36596d8e433546
hk4e/material/114057.json,3b795922f18e7c2d1ba94b9543c74ced
hk4e/material/114058.json,7d77df99baad2d6c9f1b89620c0d5de0
hk4e/material/114059.json,7deb6eed3d51ad781252b2be47ac17cf
hk4e/material/114060.json,33a61d6c3ac8709cb912a2459e07a919
hk4e/material/114061.json,2a17803409127b58ce6bb3c3b9b0c537
hk4e/material/114062.json,9aecd67e9e97edca36eff74af42246b9
hk4e/material/114063.json,222174de6f7e9e939ab9e9e2106ed9a7
hk4e/material/114064.json,ec5220ef5c399ed28a61f9727da4d5d0
hk4e/material/114065.json,dd030f408e6fbf7e0296b5ccb66997fa
hk4e/material/114066.json,8a9ece74d8bfbb0e0008ee500213ecdc
hk4e/material/114067.json,1258950b7c78078599617d963dba4ff9
hk4e/material/114068.json,58651e1836a8665f7ec657ca02d823ba
hk4e/material/114069.json,5072dfd3668eaddef4364a3a0b13efb6
hk4e/material/114070.json,9c72fa27286a72cca898fbbe5143beb6
hk4e/material/114071.json,b90b61f77e1deddb2edcdc3175358b2a
hk4e/material/114072.json,fe7629f5c95e43725799f275a24ffeb8
hk4e/material/114073.json,993e33d40a96ec42a637827f7ae512ea
hk4e/material/114074.json,f31e47ae1c67b049d077e82aa869a180
hk4e/material/114075.json,86007029569990ee08c15f5686d36ec8
hk4e/material/114076.json,496bef9e49b6f0b40eae9dc74b401caf
hk4e/material/114077.json,ecd7bd540e36c80fdadd9df6e1e868e2
hk4e/material/114078.json,3596eb8360481419111ec7faa9759f14
hk4e/material/114079.json,92c42b9bf52cf1dfcd319be95347a2d8
hk4e/material/114080.json,b26d837cb513039d5135392f6dfeb427
hk4e/material/114081.json,fdb495c2ec852bffeb4aaf2adc0fbda2
hk4e/material/114082.json,378d6151f1f659c7344b3a36919809c7
hk4e/material/114083.json,b23a7f3253f2d996967834fd87334b31
hk4e/material/114084.json,e07a2d85f3b36cc90c4926b6a90a2bd7
hk4e/material/1141.json,8941af554b5a8078eeb6f4b7da3ca53c
hk4e/material/1142.json,3bc07b5b478f779702b3157bca7891a2
hk4e/material/1143.json,dd761f02190b46cef9d2d1a5ed93f70f
hk4e/material/1144.json,4ef3c631ddc6d9175cc1d587ada34731
hk4e/material/1145.json,49a18a5283f3e38f19fa486e7186afb0
hk4e/material/1146.json,46d39457d1573cbdf0872fcb6544b9b9
hk4e/material/1147.json,c281299c7e195513bc07ae8fb7d595e0
hk4e/material/1148.json,0396b11368ad4820e067da298a6ba167
hk4e/material/1149.json,736c999319ac278eb024f67bc5080f5a
hk4e/material/1150.json,1a9391f84e236d0bad18f0547c2371f0
hk4e/material/1151.json,af75b50b194a8dcb63064de47de2abcc
hk4e/material/1152.json,0ebd20114a35bb412c5c0928c23e2486
hk4e/material/1153.json,2e714e663f861b469d444fdfb283de78
hk4e/material/1154.json,c4b914b707a391b2ee4964570ecccd09
hk4e/material/1155.json,fb3a9439216ccc4388d4d2646ad0f1a3
hk4e/material/1156.json,05c44ddd1049f52820cf22a32e2354ee
hk4e/material/1157.json,b521891106ce566e0021888720829fb2
hk4e/material/1158.json,3c00c7d57ce498949155791a9410a469
hk4e/material/1159.json,5a7eadf03cf6495ccc1f28d2d3c07457
hk4e/material/1160.json,af640db7f38b3a9ee403d6b1f36fffc2
hk4e/material/1161.json,b681169e532a1184d625257863bcb8dc
hk4e/material/1162.json,10f76b55812ca8666bf8628fccc50ad2
hk4e/material/1163.json,a40b5b3d7c470761c31745a92e663961
hk4e/material/1164.json,4bcb32cc346efbbe46c080435d64d049
hk4e/material/1165.json,ccc9d0f228dadf99b222d62b14cb906b
hk4e/material/1166.json,804d073a7acf9744e8fe330db0e1bb41
hk4e/material/1167.json,a770654cb5c4b4aa5a482b995d20c023
hk4e/material/1168.json,f3bfa9f3731eacecc3040333efa28d02
hk4e/material/1169.json,bf5329579622acb877b783175f0aedde
hk4e/material/1170.json,2815acde3d4490dac7ea3100f5bc0c9c
hk4e/material/1171.json,ba6181f1c7789834c90f275a7b9df98d
hk4e/material/1172.json,00747404eb0dea6442f1dc393934b6ed
hk4e/material/1173.json,4acc393257ac745af1584f70ad546465
hk4e/material/1174.json,c523a76f57f9e6b288354883a78777cd
hk4e/material/1175.json,56f803855307d4b7edd444207964c9f6
hk4e/material/1176.json,96dc443430e14cccc779dde58e112e72
hk4e/material/1177.json,6d6e4ca9c6a1bb120a7469f35bdee780
hk4e/material/1178.json,6cfd982a30692be7acba5d0658c29829
hk4e/material/1179.json,53dd07bbbd79b8ba8829d91854adaa3f
hk4e/material/1180.json,d666599d7fddfbd961c8065511835794
hk4e/material/1181.json,01f1ec3673af6b784d69e1b5c65b2889
hk4e/material/1182.json,b3a072eaddaad9066f0c8d7f6b41ccb8
hk4e/material/1183.json,efc8883272b4012f3ad7f9931a29ad51
hk4e/material/1184.json,096cef8b6102bdc25e6737bf3c1aee7a
hk4e/material/1185.json,b0f667d42d604cceb23c5dfff5e2d2ac
hk4e/material/1186.json,f3e7e69c40ec781eacca5d9a49934624
hk4e/material/1187.json,df2ae8983944d1e0bdf5c0efa5603afb
hk4e/material/1188.json,8b274d2be6a0aea75ee56c8e7cf3afe7
hk4e/material/1189.json,58c7a3514d63d6a78d472477a4273886
hk4e/material/1190.json,bfff2920347fecbf01782196f8428cf0
hk4e/material/1191.json,7fca42204f7493b3a5fd4404d4e9d53d
hk4e/material/1192.json,6da7bd909d48bd4257da2a868a500ca3
hk4e/material/1193.json,a31e2d3056cd0ec9de883c60f9a8e707
hk4e/material/1194.json,781a7e8f439113ac7d0b6716037795aa
hk4e/material/1195.json,29183d4df9aa55a8ced671388a0ed1e8
hk4e/material/1196.json,8494a5288cb2fcf24e9c8617cdb82f5d
hk4e/material/1197.json,d680a04bd646001727924d6634a16df3
hk4e/material/1198.json,cb782d0b956e4a21482acf8298c7de73
hk4e/material/1199.json,74258f69579b652520a37d17e2e2828f
hk4e/material/200103.json,af74fbc5614188f519b61fa0a0fe8b49
hk4e/material/200104.json,f7b3c86e28bd9c9eb8deefe513500f66
hk4e/material/200105.json,6309006c463421f20b4bd679b2af0f12
hk4e/material/200106.json,1855abacad4e46552ba266fb2f870691
hk4e/material/200107.json,3a82dcdbc13a2d9df65be2fc562224c8
hk4e/material/200108.json,9ed328390b0242843e1227615fc07ef6
hk4e/material/200109.json,fb61cfedd313c7fadcfcf31187cc9f7a
hk4e/material/200110.json,e83c9b4587234def0dd582ace2a3e1fd
hk4e/material/200111.json,bd46b9f7341f4ba8b3a43fb54b3296f3
hk4e/material/200112.json,f16c839ff3153ea212e9434e916ea49d
hk4e/material/200113.json,e06d50a9dfead4d1ddd39a77d21e66f6
hk4e/material/200114.json,771398fe50cc520c73676802c8990679
hk4e/material/200115.json,bf4155d7af81a671ffc7802d99e7930c
hk4e/material/200116.json,0e80d1c624c555f9f4f6c83cbc33acb2
hk4e/material/200117.json,4797995db1cd27898f8729c6f7241b9e
hk4e/material/200118.json,09f183fb1507507ba68ef690b81c198d
hk4e/material/200119.json,a245da3de7eb0b7ae075fabcf79b938d
hk4e/material/200120.json,b28e1dc303ca3c93a9615d3809c66481
hk4e/material/200121.json,46cb09dec577d386f35c905f2304eb1c
hk4e/material/200122.json,50c1cb7cb8b61cce93d3e86b879c4fda
hk4e/material/200123.json,0284a00c592e4e7443ff42cf41717846
hk4e/material/200124.json,d4ad817bca7fc2a49377f54a70b7d64c
hk4e/material/200125.json,13d70943de00a3d2fb180eb8095c6f92
hk4e/material/200126.json,d46bc480f482d07672134df9f0b99bc2
hk4e/material/200127.json,b674102b026d04c6b60d2ec7062d746d
hk4e/material/200128.json,2ab00573f7a28ee47b06204a80caa390
hk4e/material/5100.json,a5ca310171e6a710ae7f11dd40c9b8a0
hk4e/material/5101.json,bc9f7f2c449b77221236dba2e90fd0ca
hk4e/material/5102.json,fe3a461e01c50350e769e0ebe50c6706
hk4e/material/5103.json,280732dff2f32ad5f8a9a6d4f270b91f
hk4e/material/5104.json,c26fcf32fe74c310c371a187956123b9
hk4e/material/5105.json,1c9d9dc7f88fff3e5580fd9a1deb9f4b
hk4e/material/5106.json,3c2d118503ec00422f9051e2a75ecd7c
hk4e/material/5107.json,4a096333ccf562f5eb80327c8664835b
hk4e/material/5108.json,c44b6d10cad85893e01de500e81289e5
hk4e/material/5109.json,2670ca5a1031ebf68a111cc0a547a6fd
hk4e/material/5110.json,c4356f4ec50c22634802305b2e651685
hk4e/material/5111.json,b7cac090b0dc9d8c7cf29ad50d56e71a
hk4e/material/5112.json,ba04561eb2a951f02bedfe47a5a3295e
hk4e/material/5113.json,61e8b698dac9ab236ca57b8a7c983270
hk4e/material/5114.json,9ab32af05b423d6f7e7b5bab68387af2
hk4e/material/5115.json,8f2480cb2ac334289d896275e248629e
hk4e/material/5116.json,977c13d9a1328201fbd64af948e1c0a1
hk4e/material/5119.json,b4fc1255ca254dce3bbbfa295bbcb29e
hk4e/material/5120.json,4cf1997280f5d679ce3920d87dc652ad
hk4e/material/5121.json,c025bd8d7d317aaee107ec717203fd18
hk4e/material/5122.json,17fed8f989bacad83746cd99249a39d8
hk4e/material/5123.json,7cb1f25860ae380eb134de3f499a431e
hk4e/material/5124.json,940460e491513510a5313ce4b922fde7
hk4e/material/5125.json,28aea4c22c0bbec11c0a22d043e3c837
hk4e/material/5126.json,0704754856adedb2d78f26d8de2da1f6
hk4e/material/5127.json,f2553b246b31adee48fb3f2d8612960e
hk4e/material/5128.json,6c25294858df68e6f482a1a8fc170922
hk4e/material/5129.json,72b31f2c92cf937f45a03ea51ad53698
hk4e/material/5130.json,42178ce2154f07529af106a9bf46fce7
hk4e/material/5131.json,9393c2c79108f3d605b07748011a865b
hk4e/material/5132.json,c03876c1aaf42fcfd5991e8afaf17252
hk4e/material/6002.json,84f741605e486a5ed14ee974c5c3429d
hk4e/material/6003.json,f9871830cc3c255e7a67502c6065f85d
hk4e/material/6005.json,2751164f45a64daf3cc1c675d33587b0
hk4e/material/6006.json,13e7980cbe474030ab0efa96b9da64e7
hk4e/material/6007.json,2082aa01188c05e9f82f89a0b6e77487
hk4e/material/6014.json,3b3ad0782fbf243cc5c39c55d095722a
hk4e/material/6015.json,488b8239035500b62f0da818af091744
hk4e/material/6016.json,e08c76ec486b8f21f34d34651e3edc43
hk4e/material/6020.json,42555f7c5415ee5d6e4fff858a7943e0
hk4e/material/6021.json,abeb459d68b49b8461567a757c69e7ac
hk4e/material/6022.json,675a1824521a2b16d5ab469cfbf44506
hk4e/material/6023.json,e831e4df2452ccce0fb282c1515798a7
hk4e/material/6024.json,4e16ce2cde8ffd02902bf8d70a02faea
hk4e/material/6025.json,cf292c9a35ca745382b85dcfc4f16793
hk4e/material/6026.json,c2fb99f196cb4c17bb8dbae25d3f2382
hk4e/material/6027.json,ed68615ff500e1413b18a61f8c5d1908
hk4e/material/6029.json,7400fdbd0f5150dcb289e131cb4c2dbb
hk4e/material/6030.json,08017015a6605257cc813411609945d1
hk4e/material/6031.json,8f6149cf397f9a9ce9cb18f7d5c4d523
hk4e/material/6032.json,f15b43c990a2f7f8ddff8ed5ff3e202a
hk4e/material/6033.json,6f55813f1e6230e18d741de16ee19756
hk4e/material/6034.json,97d8f8d1af9cbdae9fd279eb3207c531
hk4e/material/6035.json,8ac18be4d298263abd3dc22d18ad5aab
hk4e/material/6036.json,07251eac786b89f3b99f2ee335897a98
hk4e/material/6037.json,94bdca2a914855f425a19047d40b4a8b
hk4e/material/6038.json,c83a59b7167dab14840e633e20f8fd68
hk4e/material/6039.json,087d5aa85ae504c928474bc63e19eae9
hk4e/material/6041.json,9428db2c50ca1bda35fabe4506646776
hk4e/material/6042.json,32eecf34b05c78b6cfe9518afeac8512
hk4e/material/6043.json,6f7bd2506d6b610afacd6cb65f53e99a
hk4e/material/6044.json,8e8f05ae6c96ed1d6ddcc8c604da44ef
hk4e/material/6045.json,e7d1cdc54364d714ee63311017843b79
hk4e/material/6046.json,cb685e0062f780c133c4889a416982af
hk4e/material/6047.json,de14f5d6a6bdb8ceb240ce0cd8c980cf
hk4e/material/6048.json,bb20b2e31160f0ba8be295d8895a9538
hk4e/material/6049.json,2938198b1a8f24ae008db98139e955c2
hk4e/material/6050.json,64c953307821b0aa9e9e6ae8f1f140e9
hk4e/material/6051.json,0d6c326893061df59decd4eeb2344075
hk4e/material/6052.json,324e2d49b913c0b132b56bd7f2966436
hk4e/material/6053.json,dc022f205c7b6018ade088157889b503
hk4e/material/6054.json,4140b9add8910c9e8b3b3ac99f5a29c7
hk4e/material/6055.json,eead1baba08550978a8b12a794796793
hk4e/material/6056.json,9654a20bcb9daab75b8ccb7912510a3f
hk4e/material/6057.json,6d7d40ccd636e24adb5a282611d1ba57
hk4e/material/6058.json,86954a2dff454b28fb1746605c19031d
hk4e/material/6059.json,054b4b5cbaf0aed40bfdf22648b6c924
hk4e/material/6060.json,54fdcc6bc30f556ebc81ef9da5750e4f
hk4e/material/6061.json,faf0397a2d6697d20442aba31c31c900
hk4e/material/6062.json,ef260d85155ff694e6a61deee503715d
hk4e/material/6063.json,c51070a075f10f0a1cd36bb0a298c70d
hk4e/material/6064.json,66874f3e2e3026a6e41d6e21665b457f
hk4e/material/6065.json,c8d3ddebbb1d83f8a42fd60668c6ea51
hk4e/material/6066.json,cbe625715de890b2a62714ba17668897
hk4e/material/6067.json,7e6d56dd471707e4bf87a55eeddeb74c
hk4e/material/6068.json,66b44911ceff88e5d9b4f29ffb865a17
hk4e/material/6069.json,8201b45cebfc8c457272c8b0d3287f11
hk4e/material/6070.json,07a6874de532678c1f4727688d83247c
hk4e/material/6071.json,4e19a0017095715df04a4a2bdab676c9
hk4e/material/6072.json,9454426fc23820d798c6f871bf5f5374
hk4e/material/6073.json,ee6e7bde3de763843ee2352d7f19a04f
hk4e/material/6074.json,6dfef2ac7ca1080a68a476396e72b43b
hk4e/material/6075.json,4c6240f840ef7d114f172da5f8103da2
hk4e/material/6076.json,2d929dad2647407882685c1e6b6caa1e
hk4e/material/6077.json,d2b6e7c8c9ea64eba43425d79dfdc7d1
hk4e/material/6078.json,d80f1929ff043e425b486829029216b9
hk4e/material/6079.json,6698a4e06d56b938d0e6ddbaebe951cc
hk4e/material/6080.json,0a006bcd1876e1cc9a968c9579a6be63
hk4e/material/6081.json,de2676263a6ba7bd3cbb75b1da9fb246
hk4e/material/6082.json,539419197ae38421c2ed3fe0c5d2d8f2
hk4e/material/6083.json,a8e48bdd7b323fe08431721b371bf297
hk4e/material/6084.json,917d8aae928017fc14642daac4cf612f
hk4e/material/6085.json,1686070789d6dea1ee0fb3c2a57e7315
hk4e/material/6086.json,96dcab17b3115c072e8b56aa06b08ce6
hk4e/material/6087.json,1b4bf655190485b2748b4cfe3c25abc7
hk4e/material/6088.json,c8407f498e3aa12419a709e760a9b0fd
hk4e/material/6089.json,fcfad029b36e0bcad29ab3f9637a576a
hk4e/material/6090.json,5a7c81e4760b41033fd70442687f4aff
hk4e/material/6091.json,8469eeb88b84701bbfc4c9524be677e8
hk4e/material/6092.json,91e71376af7dcfdbc84e17ffc4e3372e
hk4e/material/6093.json,be592edd7813c63ee604726e907e4d18
hk4e/material/6094.json,35ca92ef76738fe27630eb6a7f163e49
hk4e/material/6095.json,c7fec79faa696395501b53a033338f13
hk4e/material/6096.json,b2135eac2076b25999445670041fc4fa
hk4e/material/6097.json,22ffd7ef99234ab3de07db2bed0b3b7c
hk4e/material/6098.json,6f504518f740b98f63d02a9accd2be60
hk4e/material/6099.json,d02828fa10b97ab09f8c52e1e6499271
hk4e/material/6100.json,d2f71ff8efc81aea6ba1877f230d72ae
hk4e/material/6101.json,14d3b5c344b093b1d13a153264386a5c
hk4e/material/6102.json,7058096e64c7d548eccdedd2ea461109
hk4e/material/6103.json,cee5da6e2dc860e55af39088d910d02c
hk4e/material/6104.json,11e17ba7a85fc090b7a68eca9e60dadc
hk4e/material/6105.json,1acdee5c7c6bc128f04e5043b9145309
hk4e/material/6106.json,e286e0fafc1b11f35099a5ee0122f3cf
hk4e/material/6107.json,d8e44d94ede6d3c5403cea82101ee665
hk4e/material/6108.json,e2c3bd2fb757e37c2e09f9636b5e750a
hk4e/material/6109.json,e2a61627f68529b0ac38f5f17d40c269
hk4e/material/6110.json,39447ed371a6fddcdcb02ced1e016eb1
hk4e/material/6111.json,03f3f940561fbe3c0bf3ee5fd735f7ee
hk4e/material/6112.json,830bc7c782e1c1dc1129c97b49a90937
hk4e/material/6113.json,d4975a89a5d56cc5610acc815a477166
hk4e/material/6114.json,1b8bdfbbf8efe86e239937e1ffc82744
hk4e/material/6115.json,639a7e641f5ac040103b7c7dbbcd1bb8
hk4e/material/6116.json,b6fbc48ce7adcb9b9a75df04ead06eb1
hk4e/material/6119.json,f1eba275c5c0d7b7d4b53f17161cb609
hk4e/material/6120.json,673f385f7ad6f306609f8d682f8deebf
hk4e/material/6121.json,65593f02b63aeb5c93cd46779e8b7f27
hk4e/material/6122.json,0e504c91f96f9e10424912929a4ed98b
hk4e/material/6123.json,312cf89b7a6c6011de32db2250da7c08
hk4e/material/6124.json,fabac4977bb495d9bd63a18972300107
hk4e/material/6125.json,902d7d4893ba35b62a255b2c118fc725
hk4e/material/6126.json,fb420e9c0fed03d98157eea2b3a7b6e5
hk4e/material/6127.json,a0daeb52c093989aadc54a6f0b5af3ef
hk4e/material/6128.json,27c98b89f1ea586266079646cc118f5b
hk4e/material/6129.json,1c2c86eac1664872b950c0732e85c92d
hk4e/material/6130.json,aa46fe33c26ab2bddd647501e809b2b0
hk4e/material/6131.json,b231020963791f5f8c807cdc69c5ae42
hk4e/material/6132.json,f4a938ba140b3f13dc35b7915c9ba193
hk4e/material/911.json,43afcd239ce254552879850ce889d997
hk4e/material/912.json,ebfa673d74b739d818e6205d54138448
hk4e/material/913.json,ebb1a1c2adf14aacd8282de6e4f491c7
hk4e/material/914.json,c258d387a50920d7891e6f91d1d5b0e1
hk4e/material/915.json,3ccfdb17adfad922ec83230e45247032
hk4e/material/916.json,662de144ff1e52f3be03667b4568a305
hk4e/material/917.json,9858cec16a081b4c59efeaaa87ab173a
hk4e/material/talentMaterialSchedule.json,386fbe389c2c33e0b4a98ed1a072b86e
hk4e/material/weaponMaterialSchedule.json,2943d01e54e0773f5a18937f502f9ac0
hk4e/nameCard/210001.json,2c638967c4f37ade2464fbf9d6497e96
hk4e/nameCard/210002.json,8181e91afa141cc343054ebc6a0eb979
hk4e/nameCard/210003.json,f0c5b7fc7adf00dde1473fd9631b27cb
hk4e/nameCard/210004.json,31643f2f719b5cbb9bb8f327879c63fc
hk4e/nameCard/210005.json,57cdb367fca270de5db672ed5907fa2d
hk4e/nameCard/210006.json,0c19672cae11fdcf4b8204f1e11f579e
hk4e/nameCard/210007.json,6a5c0224ce189fe4840dd6b9429ef8b7
hk4e/nameCard/210008.json,41d9f18c6c7aac0cec511143e6ccae1b
hk4e/nameCard/210009.json,3262693c8f009a6adc9ec04b467107c9
hk4e/nameCard/210010.json,9593772115e183ffb0883b57a2688cec
hk4e/nameCard/210011.json,39917b79ca681cd17791a0b1ddf0cbde
hk4e/nameCard/210012.json,fca82dd7d48cc7456bc853879f9023c6
hk4e/nameCard/210013.json,469f196f597d2827efca24553c05350c
hk4e/nameCard/210014.json,b3062d39eb5f89616990779daf48ef8c
hk4e/nameCard/210015.json,4755a040733583da49a54a583a72f81d
hk4e/nameCard/210016.json,0677c2036b9e656b13d988ef73734aaf
hk4e/nameCard/210017.json,a55c019934e45cc9c9e60c260275102d
hk4e/nameCard/210018.json,1f1dba2cff745b65971b28bef91ad57f
hk4e/nameCard/210019.json,67be2ff7809b3f9cc55ff74e6f2a94c8
hk4e/nameCard/210020.json,b1a6ddeee1d2220e5bf122d684a8e7b8
hk4e/nameCard/210021.json,a5161ced6afe6e16b888724f985ee820
hk4e/nameCard/210022.json,5cdb80dbb22cc9b25c416c328d804dba
hk4e/nameCard/210023.json,9411d6bb2a0e187914ff65fe2831891c
hk4e/nameCard/210024.json,d916dfe85ac74ee002270d368b5fefb9
hk4e/nameCard/210025.json,06f53b63457360f7b50084eb833a62ba
hk4e/nameCard/210026.json,dcd1c932d649b9102cf822713ddd0f9d
hk4e/nameCard/210027.json,fbf52e87a10373985b6b98e3c8be4635
hk4e/nameCard/210028.json,f2d2a3255f148edef7141a0c9eab62ff
hk4e/nameCard/210029.json,05ae4831056c29454ac9c64700cd06ae
hk4e/nameCard/210030.json,9e4166f1838ab53d36b87e94e77e9907
hk4e/nameCard/210031.json,f90d82715ff9529def39f12ba82ab719
hk4e/nameCard/210032.json,724cd195cda11b799954682140e0b79e
hk4e/nameCard/210033.json,f56cd7fe13723288a3fdca5a82059c5a
hk4e/nameCard/210038.json,2757bc3d005e926b303748deb00bc26a
hk4e/nameCard/210039.json,0030f77fa29937ecb13165270ccf5266
hk4e/nameCard/210040.json,e9430902cc8787f87d7826bc054dd432
hk4e/nameCard/210041.json,7fe1a9a91f3ca373da41117c973c050f
hk4e/nameCard/210042.json,0414c069b25e1773267e0fd864d281ac
hk4e/nameCard/210043.json,29e5bed8359e484ef8daf11d14d3627b
hk4e/nameCard/210044.json,c8f531179aa0aa812fc02658d3380799
hk4e/nameCard/210045.json,6a86294324697c549c2c63c079fe7e8a
hk4e/nameCard/210046.json,0099c8a63ad0902d360b845df1a1a1ba
hk4e/nameCard/210047.json,02fdd6bb1305fe425bdf72f7796e8c2b
hk4e/nameCard/210048.json,f77f5678d3937c8ca5e1b26e0d155325
hk4e/nameCard/210049.json,ee473d60b4a0baea8a8e7e2e2fea244b
hk4e/nameCard/210050.json,927bad3c694f75cf43ba0c63e36a09ab
hk4e/nameCard/210051.json,c712c1c97e0041aaaeb91981a550204b
hk4e/nameCard/210052.json,8472ced25fb90c937ab1b80f1d1e9d0a
hk4e/nameCard/210053.json,670057bfa4e8bb32b1082150a9d27ee0
hk4e/nameCard/210054.json,2108fc70a35ad421cc70ff0fc3aa7f3a
hk4e/nameCard/210055.json,98f8262779f930ed265d914d41c8716a
hk4e/nameCard/210056.json,3c451cb1cdc0a7793bb7e00bdbbc137d
hk4e/nameCard/210057.json,730dbe91a164adea235f2842beb3caa2
hk4e/nameCard/210058.json,f5cb184cfffee976c3d3933ffb6fa710
hk4e/nameCard/210059.json,f8983e4f30f994fc8885451a29e58c69
hk4e/nameCard/210060.json,c698de0c464162ec73b8a13bec8499c8
hk4e/nameCard/210061.json,a4a996d87bbd6c91d72ad29eee5220c5
hk4e/nameCard/210062.json,272751e5aafb488352dcaf39371e02cd
hk4e/nameCard/210063.json,d3440e758fc9d4849d25959dbf681915
hk4e/nameCard/210064.json,858085eee9731277d198d4e556cb9462
hk4e/nameCard/210065.json,5382d4577d920c4035005d2a5baeef8e
hk4e/nameCard/210066.json,edc2b197b9d21912a783df1fc72e2290
hk4e/nameCard/210067.json,ad46fae6c425e489cd0a9969e8dbdc74
hk4e/nameCard/210068.json,b58c4b8cca4affcbd6bbf269933fac0b
hk4e/nameCard/210069.json,2e1312abb6cb9992d02f3a440e02f96e
hk4e/nameCard/210070.json,bdbcc00927a3489f64c31c588232fa14
hk4e/nameCard/210071.json,faeb6fcf3b0fc815c5877875d4efc8c5
hk4e/nameCard/210072.json,fde7c0a1d72ef50f0d021537ab6e5678
hk4e/nameCard/210073.json,0b099377ee4cb12e4312c8a21dc42921
hk4e/nameCard/210074.json,8c28bcc4e60362e7823f89a83e0c47aa
hk4e/nameCard/210075.json,fa448b8a607d3e0131ef6677e4d90aab
hk4e/nameCard/210076.json,44b990955e4071c16619413351cce6f5
hk4e/nameCard/210077.json,f05f4147e01c1b48a30773293866974f
hk4e/nameCard/210078.json,e88d8a31a7be06dbe90306ff0b1ac09a
hk4e/nameCard/210079.json,0adf311eda58d1849fc94229619f45fe
hk4e/nameCard/210080.json,c1a9813aca4e7a8b7d00482c6c01a77d
hk4e/nameCard/210081.json,1f32bc439cc169099a95a557a5d8b573
hk4e/nameCard/210082.json,44ea6e204e049882431897d0dc9c4279
hk4e/nameCard/210083.json,661d7c5977edceb0f824bb129bbaf78d
hk4e/nameCard/210084.json,aeb1cde1fa8ebefa7396165eb6e52afc
hk4e/nameCard/210085.json,2896949a60419643af39200a07a69359
hk4e/nameCard/210086.json,341e2317ac414b34df4b0413735a017a
hk4e/nameCard/210087.json,ecbd7d11cd7053a150452172ddeb51ec
hk4e/nameCard/210088.json,50be3018bf75fb4252694f8a6b4ea9ef
hk4e/nameCard/210089.json,5e7bb6768de596f6660e292467387a57
hk4e/nameCard/210090.json,5b954d13b61f35fd179933e015f4b3c8
hk4e/nameCard/210091.json,67ecfa3fef3b8bbbf444622f2a6b5b85
hk4e/nameCard/210092.json,ec859816e4375e412816cabc9f6a9745
hk4e/nameCard/210093.json,0dca70c36b313da68fe1ea72fd0e66b7
hk4e/nameCard/210094.json,d5ff3113ba2a070fac4335df2137d440
hk4e/nameCard/210095.json,3773674b8d8000a5acf9bb8a06fba65b
hk4e/nameCard/210096.json,c7b2b80c1cf15e40fe9c71ff8a2e6186
hk4e/nameCard/210097.json,3178e2de2975ba848d1100c1975c7932
hk4e/nameCard/210098.json,4770421cb35bb69c2839d098dd2f90bd
hk4e/nameCard/210099.json,b81d38a48d9bcaf83373a2ad4457990f
hk4e/nameCard/210100.json,c6b6ba7dd090a7f582812937de887555
hk4e/nameCard/210101.json,fdb2c0f201c73b42e0b143186dba066c
hk4e/nameCard/210102.json,498bb11152f4d9491146c1ba1d2bf5b5
hk4e/nameCard/210103.json,2ce8186bdaab28cbf75eaf5c2c5ff42a
hk4e/nameCard/210104.json,013e93f61de9dd4754d604aa8ab2759a
hk4e/nameCard/210105.json,1108511843b78b181bac723900d7d7be
hk4e/nameCard/210106.json,03dadcaf09c3ed461e3f48dc52679802
hk4e/nameCard/210107.json,a3938bb856211244330c652e34e2c3ff
hk4e/nameCard/210108.json,6fd08583de702a9d7f75a0ee4f13c4e3
hk4e/nameCard/210109.json,7ae5d355aebf923cc7dbed79b63e0ddb
hk4e/nameCard/210110.json,398090cd85d12e66e8883874e2a14aa8
hk4e/nameCard/210111.json,d70771351b002470ab6368d5fa89ca55
hk4e/nameCard/210112.json,3f178060453e7a5e0c6c64e798f5b33d
hk4e/nameCard/210113.json,4c0320159d481b6cf7c6a754ce53bf1e
hk4e/nameCard/210114.json,65371db523f6f2209a10780d106a44f9
hk4e/nameCard/210115.json,ca4474308cf8c13e01e8eaabdd3686c4
hk4e/nameCard/210116.json,0f8f7103617c97410ad5143cb6cf5ca9
hk4e/nameCard/210117.json,05af0ea15be8feeae597bd57ff22c06e
hk4e/nameCard/210118.json,b0a8712d447926d2c8bff54f0014216d
hk4e/nameCard/210119.json,c178cab4b48b33fb328c6ef424f1af22
hk4e/nameCard/210120.json,98b9bbab9317f53bb493f12b5d4cc1fa
hk4e/nameCard/210121.json,51bfa3eb51f64131329886d2fe1b5d85
hk4e/nameCard/210122.json,729ba618ea7cabe15d04d8e0375b7b28
hk4e/nameCard/210123.json,d8a9898a72059f25972827cb4eebd744
hk4e/nameCard/210124.json,22522cf0e78887c8c8c4179e094658df
hk4e/nameCard/210125.json,cf90800931c7d0d012ac59c428250420
hk4e/nameCard/210126.json,724bbb32764035e72a05279ad49ffcad
hk4e/nameCard/210127.json,d80292e64ce4e67c91328af7f0983ca6
hk4e/nameCard/210128.json,f6e60f5d62243af31cf74a6c3904d525
hk4e/nameCard/210129.json,ed89a6805f2673b01abe89169bdf5e2f
hk4e/nameCard/210130.json,28f1f9df99e30b66071f3abd98b4773b
hk4e/nameCard/210131.json,bb1bffcfd8343020e6bcc175f275618c
hk4e/nameCard/210132.json,79745d0f819c80c0e778ab24cfd2257e
hk4e/nameCard/210133.json,dbffe4ef356aa488c9cac35eb048ae69
hk4e/nameCard/210134.json,ce993144fd579ebe0499ee68a97056ac
hk4e/nameCard/210135.json,3fd7719a6c87d8172465104644dce0a2
hk4e/nameCard/210136.json,9d7937e41506787f3531d76e22277389
hk4e/nameCard/210137.json,fecc7ad16ad2ff94e1d329a47e349bfe
hk4e/nameCard/210138.json,788773259cf3a78b27fdc522b260aa92
hk4e/nameCard/210139.json,1deddbb0f1cc5b13ddee506c2fa8c2e4
hk4e/nameCard/210140.json,e13f1b3593e28e64ea4e27588ed189d0
hk4e/nameCard/210141.json,4a78e3d59acea3754c9b8b66f11b996c
hk4e/nameCard/210142.json,04fb730dff824c8d2d1f8542ae8f6103
hk4e/nameCard/210143.json,8bb3a7f8cb482540fb5032095d649654
hk4e/nameCard/210144.json,ee421fd40c82ce1610506fb10fd184d5
hk4e/nameCard/210145.json,1e790380557c1b7962543ff467a09da6
hk4e/nameCard/210146.json,c34fb13ec78d855c18f0fce32a5eff66
hk4e/nameCard/210147.json,fe8a0716fcea200df60ac1a9cc1e25dd
hk4e/nameCard/210148.json,2202c5a1cb6dc308229a8ed6b248a585
hk4e/nameCard/210149.json,29a92e0019c0d946e011fc20ed788763
hk4e/nameCard/210150.json,f4ec6d901621fd8090c7d51ec9848e89
hk4e/nameCard/210151.json,7ba1e77c668920911e480c9f2a312369
hk4e/nameCard/210152.json,01336cf60edd58eb3e05634c36b58229
hk4e/nameCard/210153.json,d02c3559fb36a4c8da082da3ff0ee94e
hk4e/nameCard/210154.json,769bba98e96d75029e60af9864c62827
hk4e/nameCard/210155.json,2934d5a98155b0dc41263ab080e9ba88
hk4e/nameCard/210156.json,bac24d1d8e46111682c0a1ee2de2bd25
hk4e/nameCard/210157.json,d90ae07ffe540eb6721b1a3190640d36
hk4e/nameCard/210158.json,b2a607f9b9f6b7ecd67c02902e01369f
hk4e/nameCard/210159.json,0df921028c31c7da5e5ad62e3eb2bba1
hk4e/nameCard/210160.json,5e5f1f7a5129a95001024a9e8d6f175f
hk4e/nameCard/210161.json,8e3bdd030f3b51c8844e900176300695
hk4e/nameCard/210162.json,c25128d6a304bbe9fc947e7de90eb214
hk4e/nameCard/210163.json,7ae8d1430689566387e0c0b15ce52766
hk4e/nameCard/210164.json,4660d3cd6b72ad9d69d14039f8eff721
hk4e/nameCard/210165.json,9e6437f869a94d42da18c96b9642b633
hk4e/nameCard/210166.json,0fb02a0b75572fbc8e57aa23d4e96cc3
hk4e/nameCard/210167.json,8014110a0eb8043120f2026811d95c5b
hk4e/nameCard/210168.json,6443a79edeb8cd8b5ba1d39868fe4d73
hk4e/nameCard/210169.json,fe8ae8e412f74bc1717955e00780e222
hk4e/nameCard/210170.json,87905e814fb0a388a6778fd87876f522
hk4e/nameCard/210171.json,79acd9655d612cdbc9e62da949c3f7b9
hk4e/nameCard/210172.json,754e2bd9a9de959ce3305f08cb760035
hk4e/nameCard/210173.json,62e602b86fc89e8a48de069be40eb7de
hk4e/nameCard/210174.json,ad2246e6c9a7c949a708cb9cd68b451f
hk4e/nameCard/210175.json,765dce6f492dca9bfe0daa936663ccbc
hk4e/nameCard/210176.json,a90da389ad5a6c0caebfad823b7b5d0b
hk4e/nameCard/210177.json,ce4557ccbb5be7034b085b24753ea384
hk4e/nameCard/210178.json,4451ffbf503711062b2689c097f0472c
hk4e/nameCard/210179.json,67789939ee1b066197d8f90ce44117f4
hk4e/nameCard/210180.json,27baa88feeefc9bbf4563ee97c0333dd
hk4e/nameCard/210181.json,3897b9aadf2f648e013dbd013a62d1d0
hk4e/nameCard/210182.json,422b17534d5a5a45ced3b9f56661e870
hk4e/nameCard/210183.json,0b8e2bf9dd64f709e42f13a839430115
hk4e/nameCard/210184.json,710761933a75efbe04b4fe1288e5dffc
hk4e/nameCard/210185.json,9b7d864412728d14b19ed6282516d98e
hk4e/nameCard/210186.json,f0a892467be126e0d82b70e60e667bb8
hk4e/nameCard/210187.json,1c057382513367935d061f07f9926d78
hk4e/nameCard/210188.json,9ceb785312b66349ac8e3a633306b7a0
hk4e/nameCard/210189.json,4408376db4a934956044153197db23dd
hk4e/nameCard/210190.json,cf1c2359409d0c375792f21602a42def
hk4e/nameCard/210191.json,5a90a6f03a1da1a94b74267979f1b404
hk4e/nameCard/210192.json,c04ae8a1f2a1a3cc7c4ea344966c6fa7
hk4e/nameCard/210193.json,ad9923e994d168e97058c525fd9db28b
hk4e/nameCard/210194.json,e52b0271f704eae48daf155ac8b9728b
hk4e/nameCard/210195.json,7d3f2eb040698692ac5324bad65b7fa7
hk4e/nameCard/210196.json,50af013b6785ea1df8badd5962d1cc3d
hk4e/nameCard/210197.json,af54a65882a11e483833cd556f202344
hk4e/nameCard/210198.json,d4006bb667c951dfbdf3ce26b94d97dd
hk4e/nameCard/210199.json,020a4fba24438836ec78c52b9ace96f7
hk4e/nameCard/210200.json,da4555ee31cc129284111a92df031d3a
hk4e/nameCard/210201.json,a0fc1a384393207e07d29399b9650812
hk4e/nameCard/210202.json,c98351bccd621f01b153bc6d18c187b8
hk4e/nameCard/210203.json,21b36a5b160751a43a8c9c1c134797dd
hk4e/nameCard/210204.json,c5d2cc8b90e1e0763b239aeb46588d49
hk4e/nameCard/210205.json,9f7f2dbf5e382298ad385bda9d643d03
hk4e/nameCard/210206.json,3a1d6a11696b4a98164069b57dbc04bb
hk4e/nameCard/210207.json,ad339cfa0b9e988d8d5fd499fd43d5e6
hk4e/nameCard/210208.json,e40f484421151c0c92251de7c1399f08
hk4e/nameCard/210209.json,c04d25182d6ff5aa916a4b0aa00d9f56
hk4e/nameCard/210210.json,bf40b692b1801c5405a2edc612f54b26
hk4e/nameCard/210211.json,dfc4a7957e5f727b2813a26bb1bf83ae
hk4e/nameCard/210212.json,5d8222bf46bf8adade6a1050df53f907
hk4e/nameCard/210213.json,3ca90a76730efd422427b52053fe7f5d
hk4e/nameCard/210214.json,93640365e73b0c1e2c423bce20b6f84e
hk4e/nameCard/210215.json,521a71a086818b77046edbe4c4a472c9
hk4e/nameCard/210216.json,1fb0ffe9212b1878484cc52b3ed8e194
hk4e/nameCard/210217.json,923040bf19238966efb6c089985acc3c
hk4e/nameCard/210218.json,df2aea2e7ea4f38985d806dce0c8f8d7
hk4e/nameCard/210219.json,b9676360f67ff58a528130c588bdfd3d
hk4e/nameCard/210220.json,793b7cee14539cc094434336e5ac9775
hk4e/nameCard/210221.json,4fb19a9322aba633eb8f15904d5ee4a4
hk4e/nameCard/210222.json,2a14ba41b8224b570e50aa66016ee696
hk4e/nameCard/210223.json,b647cceeccf8ba0f01f2e85edfbadd1a
hk4e/nameCard/210224.json,072c92b3571cf1d0e4b2de9356f10271
hk4e/nameCard/210225.json,c5f03a539c7b8981195d145a08702794
hk4e/nameCard/210226.json,7f6e5669dcd0f16a21cfab56aed42b84
hk4e/nameCard/210227.json,5a6bb6196b4d8af7bedfc2bd3c21b6c7
hk4e/nameCard/210228.json,b014d1a8cc09e595f226c18c3d31a36e
hk4e/nameCard/210229.json,e366b8dc19b79b9914505ff324d18734
hk4e/nameCard/210230.json,a87ec97e75a5937ce9ab13c967913204
hk4e/nameCard/210231.json,702dba6fcf454d180d83a113c7ea0dd6
hk4e/nameCard/210232.json,74ba5b0fbc682fafdd7436e0146d9f44
hk4e/nameCard/210233.json,dcb0afaa4c524ffa7a79ac41df582aa4
hk4e/nameCard/210234.json,dcc1721215f80c551b941e33d80bff04
hk4e/nameCard/210235.json,1a92bdfebe91d7c729eb9af00de7f941
hk4e/nameCard/210236.json,5aab04031a9e39a47c0a42e0f28eef60
hk4e/nameCard/210237.json,2138dbd3179263521098c91823562c6d
hk4e/nameCard/210238.json,3d51cef5c7960c10d88af7d384c0d0cc
hk4e/nameCard/210239.json,8eae798a7cfd475bfbde0c763cdab45e
hk4e/nameCard/210240.json,ee06809fa0e61dea9e89fb1e48ae8623
hk4e/nameCard/210241.json,80680a2447c6be7c4cc342d35790b68c
hk4e/nameCard/210242.json,6022a26510d526d5582bf5b813f983ed
hk4e/nameCard/210243.json,66894ba68e9ed3ac0183a991cc0e2c12
hk4e/nameCard/210244.json,3dca54289bf36848eb370f8d1d06a7b9
hk4e/nameCard/210245.json,596b652c9340464e5544048976acc36a
hk4e/nameCard/210246.json,c77e32239e102f66ed6b8895b852400d
hk4e/nameCard/210247.json,63f4adb5cd129b85e8416de053cc5001
hk4e/nameCard/210248.json,6d3c9b1f97b14d791bc1908d9cbfda30
hk4e/nameCard/210249.json,c682959b60010099cfd5142e51c5aa7d
hk4e/nameCard/210250.json,cc0b30aafc8e94a31e8b220942a12ee9
hk4e/nameCard/210251.json,ef45fe03685f337525acac001928fd53
hk4e/nameCard/210252.json,405e536d309f943c10f422a99e95b62c
hk4e/nameCard/210253.json,de009c0fede0730fa7a5786a46c9fc36
hk4e/nameCard/210254.json,44e4d7059dd518bad2bfc2dda1d116f2
hk4e/nameCard/210255.json,be28b5a03f7ce84e009ad6889890ae03
hk4e/nameCard/210256.json,15bdf27f4127ad8fadea8504d64782be
hk4e/nameCard/210257.json,d0be366f166ab120f55f5c1ca934f264
hk4e/nameCard/210258.json,5b4b6df4ca81ea4c81f591da1239cc64
hk4e/nameCard/210259.json,24a7c81da6c49311a744bd0d47ff3aad
hk4e/nameCard/210260.json,4e0fb384ba94aa29c47a98139207ff81
hk4e/nameCard/210261.json,46ef2ca5243137e0489de44d04170e0c
hk4e/nameCard/210262.json,eff51cf5f1de4f84bded7f40829d275a
hk4e/nameCard/210263.json,ce63f8ce29ea0d80d655d0bc7801bddc
hk4e/nameCard/210264.json,9899948f95ea78e3d787b1d6deaee81b
hk4e/nameCard/210265.json,27663205b806ff0ba8bd290c78ae9af8
hk4e/nameCard/210266.json,0863407aabe8ec30f21e06e22d6a5234
hk4e/nameCard/210267.json,32823b286c381f04606da327df11bbc9
hk4e/nameCard/210268.json,6f810e1c32f3bc76605145a7deddf7e6
hk4e/nameCard/210269.json,22b129425937ffc07fd0acfc8e3a3220
hk4e/nameCard/210270.json,697b711f44bc5df5397d32d9fca8c419
hk4e/nameCard/210271.json,9d2d0785a46ef64cd96581f386e45096
hk4e/nameCard/210272.json,5a1cec1ba75334e186017c8e191df980
hk4e/nameCard/210273.json,ed7d47f24f054eebb280bf443dd17f4e
hk4e/nameCard/210274.json,40e3540502c3586f54b4a2df12e1868b
hk4e/nameCard/210275.json,d8155fb09ca29101d123a9a1023421ee
hk4e/nameCard/210276.json,be5f8723a067fd790757cdd15e214735
hk4e/nameCard/210277.json,ef607a98ca607dd0bc032c14b6af8c50
hk4e/nameCard/210278.json,5424c627911a089b03f8d1652a06ee7e
hk4e/nameCard/210279.json,0ae03f668b75ef2d1a9c3c808e115cde
hk4e/nameCard/210280.json,79a5fe3fcc1a8e0e5ad890b57110f577
hk4e/nameCard/210281.json,84c6d7ccbec58d2d69f57ecde57aa76e
hk4e/nameCard/210283.json,3841d69f8f2c658cc235f434f3c434f6
hk4e/reliquary/attributes/20002.json,927d9d67a06df11413fbde0895f225ab
hk4e/reliquary/attributes/20004.json,afe9a714053fb27ce4d2e845a3a56535
hk4e/reliquary/attributes/20412.json,b5f7ea54bb517ec278a4a59fe8d49765
hk4e/reliquary/attributes/20413.json,68fc810884ff390e838bf21a206f4587
hk4e/reliquary/attributes/20422.json,bb4a5149769acc7938f340f91fe2bfcf
hk4e/reliquary/attributes/20423.json,80cf8844b2a6f3f805e005414547f4b4
hk4e/reliquary/attributes/20432.json,26817db72905359154c6de78daf3598a
hk4e/reliquary/attributes/20433.json,0ef8da600d136d8cb4d2ddc5ccbb7ae5
hk4e/reliquary/attributes/20442.json,da877223b605ab95a469759ce7dde1fb
hk4e/reliquary/attributes/20443.json,860fcb8d2e6767a74a002dd77bb75e5f
hk4e/reliquary/attributes/20452.json,5f6638362be1f06eaaa7d19d78db00e5
hk4e/reliquary/attributes/20453.json,eff1932cb35178b49f92d15d7efdf010
hk4e/reliquary/attributes/20513.json,f0e6834cc90bb762d1cd18cf5f2ae9ff
hk4e/reliquary/attributes/20514.json,172986f7864f61cda8b9861008904b9b
hk4e/reliquary/attributes/20523.json,4013bc43e422a44b24679c9c9f803abf
hk4e/reliquary/attributes/20524.json,21e7b7f76ff98f6542bedafef042603c
hk4e/reliquary/attributes/20533.json,277d17655979a46e7fa0ca93a050f86c
hk4e/reliquary/attributes/20534.json,558076a6bc53a8799258f58915d0c349
hk4e/reliquary/attributes/20543.json,c7b35fb81c36a547dfac11d4fac5884d
hk4e/reliquary/attributes/20544.json,e851a90c03ae7ab9f24b66d06ee9e9e6
hk4e/reliquary/attributes/20553.json,a9efc3e2604b3ea1d0fd76988f366cdc
hk4e/reliquary/attributes/20554.json,e41755abf36724c91fc9c298778f4c4c
hk4e/reliquary/attributes/21412.json,30885b0ae3c6eda1716ebb284dbe3439
hk4e/reliquary/attributes/21413.json,06df82079c6def2a5dd4bd41e4bcf3ca
hk4e/reliquary/attributes/21422.json,0c048ffb556cbaaf27478225cb8470f3
hk4e/reliquary/attributes/21423.json,1e24cce7891acdca070dfa3535143cf3
hk4e/reliquary/attributes/21432.json,43d92617fa9e9a6897faea811c4df7ff
hk4e/reliquary/attributes/21433.json,48d98cb307ec35e430385c9a275fa3ad
hk4e/reliquary/attributes/21442.json,7ddfae8d65b6afc461543bf0de8b9247
hk4e/reliquary/attributes/21443.json,37cd2c3393ffa70967592e1db26143ad
hk4e/reliquary/attributes/21452.json,135d83db894426ee63551c0d132e0da4
hk4e/reliquary/attributes/21453.json,c518c90b83dfc122316793725d28d93c
hk4e/reliquary/attributes/21513.json,de5e5f1dbff289983abe1c5116d80003
hk4e/reliquary/attributes/21514.json,3b8ce462f488e5e7f354fe4f3f6a7395
hk4e/reliquary/attributes/21523.json,a96ce320b696c3c3455921cb18f58099
hk4e/reliquary/attributes/21524.json,038bbbf89bdbd57c8580051dc4a603b5
hk4e/reliquary/attributes/21533.json,45def837538ee85832af5e3770b9b180
hk4e/reliquary/attributes/21534.json,894cdaafc9b65780946cb2d0946ed14d
hk4e/reliquary/attributes/21543.json,6508c77d517ab1c889f39c05d1ee4ffd
hk4e/reliquary/attributes/21544.json,87f75273a3ee0bf089905ebb8b33e460
hk4e/reliquary/attributes/21553.json,15081832b7fb9b08b5a19f38b7810688
hk4e/reliquary/attributes/21554.json,7e48c1e2d49c8b548ba579d533a38389
hk4e/reliquary/attributes/23300.json,d5f83860abf875be466b219e31a153f2
hk4e/reliquary/attributes/23301.json,d8a55cdcf9a2b90d36a13daee71b54b5
hk4e/reliquary/attributes/23302.json,4059936180d5ed2aee522ae4b175f6eb
hk4e/reliquary/attributes/23303.json,d5563820ef68ee8b13405c86e587375e
hk4e/reliquary/attributes/23304.json,b0d412bf72829f6293fc6fc11ed8ff76
hk4e/reliquary/attributes/23305.json,f2af5bef8e1a95b68de3dbbaa1fbf317
hk4e/reliquary/attributes/23306.json,77ee0dd9511fc7339406916ebfd4082e
hk4e/reliquary/attributes/23307.json,ed9bb0c5e77dd0ede864c48f7024f8b6
hk4e/reliquary/attributes/23308.json,b257dcfa665580dfdfc3dfd5465908e0
hk4e/reliquary/attributes/23309.json,9e51adbfb7d5dff6caa8c96c00c4e136
hk4e/reliquary/attributes/23310.json,0f79f9f7d1fd63cdea22c0cbf8f410fa
hk4e/reliquary/attributes/23311.json,e0eabcd370e954fb5a690f73341f2a2d
hk4e/reliquary/attributes/23312.json,cd8a800567003bde45d2d2d2a463564a
hk4e/reliquary/attributes/23313.json,397af5444124ba8c5c38018ea9594728
hk4e/reliquary/attributes/23314.json,9676296b7bd16aa1b6f12a780d619729
hk4e/reliquary/attributes/23315.json,d6251dc37a82a4993a5efb7002842132
hk4e/reliquary/attributes/23316.json,367e717738efd87bf7506fc879e05a99
hk4e/reliquary/attributes/23317.json,b9ddbbde8522ba348d113b6d52ba1e1e
hk4e/reliquary/attributes/23318.json,2c5f95482aaed9eb2f40d16276f51fea
hk4e/reliquary/attributes/23329.json,6534415c16d87e1eef260cdf1eb7fc6c
hk4e/reliquary/attributes/23330.json,ce4b666c85fd0fe460d8d2d9fab227fa
hk4e/reliquary/attributes/23331.json,74819d7b543d7fe677de8e0d99e32d6f
hk4e/reliquary/attributes/23332.json,981033d536ffdfa1ce4cbc4550af6f89
hk4e/reliquary/attributes/23334.json,548d2d5ddbf43eb711db0f3ed14c8df5
hk4e/reliquary/attributes/23335.json,68c64561531036d492314d83181d5b03
hk4e/reliquary/attributes/23336.json,1ecfd1a621b600f6587bea38ad38e5cd
hk4e/reliquary/attributes/23337.json,af4fe22499f9683919d39ca8f7c6f78d
hk4e/reliquary/attributes/23338.json,1a46f5d242dea60bf914df0491c4cd29
hk4e/reliquary/attributes/23339.json,83efebe0d08c452d26034f3cff09b81c
hk4e/reliquary/attributes/23340.json,2b56ce49b47d5c2f7be8b77e6ab638df
hk4e/reliquary/attributes/23341.json,cff80f4ae688832ac9df265774e67165
hk4e/reliquary/attributes/23342.json,83097eaf07082a44d76b46ce98d86c2d
hk4e/reliquary/attributes/23343.json,2fa3312d0e36582af43e272194fc734f
hk4e/reliquary/attributes/23344.json,78a8957b14b2d1f7ef1d96e20eb8af22
hk4e/reliquary/attributes/23345.json,a9c67130006516674d14ca01421c0ece
hk4e/reliquary/attributes/23346.json,d5aba8570f2b4b2d86b34eb6ca4df3d9
hk4e/reliquary/attributes/23347.json,61cf04d877501fd768b6fe89a5ceb754
hk4e/reliquary/attributes/23348.json,186eb5b1896d95501369afdb4a2e2306
hk4e/reliquary/attributes/23349.json,465a396f06dce9e1fab1aca54ba5c16e
hk4e/reliquary/attributes/23350.json,abe31289dabf0f686bb3931afdf0aa0e
hk4e/reliquary/attributes/23351.json,f28feb736dfbfb024fcb09e3e41f7803
hk4e/reliquary/attributes/23352.json,7d4e99c22ed31752bf9c655f3f9a3a0e
hk4e/reliquary/attributes/23353.json,10b1f6eb46e173cc5d7c6d1dc60e805d
hk4e/reliquary/attributes/23354.json,883b50e27da607c85ea9640c6598b7c5
hk4e/reliquary/attributes/23355.json,1f8d934d60871cc0ebde33f59771af06
hk4e/reliquary/attributes/23356.json,c240f0a4935e7d54cd515a48a1751768
hk4e/reliquary/attributes/23357.json,7aa62af4f79ea1e49542c0300d7ce84c
hk4e/reliquary/attributes/23358.json,88d3a87b80e2680829e217b645281de8
hk4e/reliquary/attributes/23359.json,5184fff2bdf3dd15da9b76024ae60519
hk4e/reliquary/attributes/23360.json,ffafa357b65371626601c2a83e1360b4
hk4e/reliquary/attributes/23361.json,0a2c39fc058e84450e81ba585b174a87
hk4e/reliquary/attributes/23362.json,c241e142bd328345e39bb889420fb0fc
hk4e/reliquary/attributes/23363.json,296db6dc32817f0671a80eac95634828
hk4e/reliquary/attributes/23364.json,4d6728caa76bae444c11ca0b812f920e
hk4e/reliquary/attributes/23365.json,c1e93fe07016500d3ac84b473ee3c9a3
hk4e/reliquary/attributes/23366.json,9d9b6fc08171baa2c7bbcf2e94897097
hk4e/reliquary/attributes/23367.json,44b11fb936bc58cf5e0c9e316394800a
hk4e/reliquary/attributes/23368.json,034835aad0bc4024c03cd9757e74eed7
hk4e/reliquary/attributes/23369.json,c90be5b51f61c2990653824a97c094e4
hk4e/reliquary/attributes/23370.json,b34aff09e268767e8dd6ccd2bc5afe79
hk4e/reliquary/attributes/23371.json,99b5e83f578acf5e7b3c2e4a745ec090
hk4e/reliquary/attributes/23372.json,0aca7647bc0b417808f4bdd9477fc9c4
hk4e/reliquary/attributes/23373.json,5edacd76a5f469ce32dbf1b69f508469
hk4e/reliquary/attributes/23374.json,d8db6d2084aa9f1ab85754e0629f330d
hk4e/reliquary/attributes/23375.json,cff5bfbdc2a71474a7f900d39fae081b
hk4e/reliquary/attributes/23376.json,c84394b77d8223b71cbb5932855e44ba
hk4e/reliquary/attributes/23377.json,d5ad9fe38317dc51d9d8e54e0a138ee3
hk4e/reliquary/attributes/23378.json,fa6fed87d846bf50de70c3a9dd83d984
hk4e/reliquary/attributes/23379.json,059559ba87521ad2e69f1996e694716e
hk4e/reliquary/attributes/23380.json,c575c9f96fc67a7c5185303d2460ac2d
hk4e/reliquary/attributes/23381.json,328f04c4cc521a86255205847cfe506e
hk4e/reliquary/attributes/23382.json,0b2acd9d82784d4130a5682f1527efb2
hk4e/reliquary/attributes/23383.json,46425e05244182c31ba05e8d0b7dac22
hk4e/reliquary/attributes/23384.json,1723ee2a679a50ae527b8f88ac7024e6
hk4e/reliquary/attributes/23385.json,62abbe190437d5b47d56f16435b60c8d
hk4e/reliquary/attributes/23386.json,42a5fb7abea6d4430d590e8699600439
hk4e/reliquary/attributes/23387.json,5e70b6442c3c9a98746c8d335a73b062
hk4e/reliquary/attributes/23388.json,1ea1c202b51ea53886393bec27d032bb
hk4e/reliquary/attributes/23389.json,de75398919e2f70bd8f7b765a8548712
hk4e/reliquary/attributes/23390.json,91bce555bc55fa4ecddb8cc5a0f02fd6
hk4e/reliquary/attributes/23391.json,637e354207694ff53ac8cf1bf768a7b9
hk4e/reliquary/attributes/23392.json,6909e7572812117233235e632b788302
hk4e/reliquary/attributes/23393.json,17cd5e12b52b1f8721ceaf6994db85ff
hk4e/reliquary/attributes/23394.json,0c949a56c1cd85471ec274cff079b4d8
hk4e/reliquary/attributes/23395.json,f6c2a34b5686419e45aae9686b7e5e08
hk4e/reliquary/attributes/23396.json,3e68578881b69b9acff1b09cbfba76fa
hk4e/reliquary/attributes/23397.json,455256558be7208fa14d99b905bad341
hk4e/reliquary/attributes/23398.json,d315bf1b32fc2eccc14a0e347ab38e5f
hk4e/reliquary/attributes/23399.json,1f1800cb7c34212ccfd792b041ae4008
hk4e/reliquary/attributes/23400.json,0fbd0350099126fd0b6949f945742669
hk4e/reliquary/attributes/23401.json,7e9a7fa1335cef7853295c9f3afe11a4
hk4e/reliquary/attributes/23402.json,2e30e3fbb012c25776b3e9b0708666a8
hk4e/reliquary/attributes/23403.json,f8754813340077fb5212c37c03e8be75
hk4e/reliquary/attributes/23404.json,e93e2d284b698fdeed8aa934ac5f3add
hk4e/reliquary/attributes/23405.json,aa567fb43149bc488d31b1a6af72903f
hk4e/reliquary/attributes/23406.json,1652442d0876bcd7b6ba0c111e4874b9
hk4e/reliquary/attributes/23407.json,e8ac882e2bf9eb2cb8a8781053772278
hk4e/reliquary/attributes/23408.json,6a628509a33dc0b6c1a124894b6a77f0
hk4e/reliquary/attributes/23409.json,dab8cc930f01071c5854521bd548b57a
hk4e/reliquary/attributes/23410.json,01112d41aae91dda7b6942973c904229
hk4e/reliquary/attributes/23411.json,784a8d83a4e3866aefbe0954b512090d
hk4e/reliquary/attributes/23412.json,47f9005e01319b26467f2ef00403c985
hk4e/reliquary/attributes/23413.json,3f28002b61e6cf4e9a83894240fdd866
hk4e/reliquary/attributes/23414.json,e4455b93841f620bbb3ab0ffb96c9807
hk4e/reliquary/attributes/23415.json,17149f42c636119e88e77ccda717e458
hk4e/reliquary/attributes/23416.json,b28b829fcefb13d590034d3b7335fd14
hk4e/reliquary/attributes/23417.json,bee0d54500238df2084aae2f5b4ed228
hk4e/reliquary/attributes/23418.json,57133e954e927682c7ccbfa4d14cfdaa
hk4e/reliquary/attributes/23419.json,affde1c64fb1730c5c5c5a452b8ce742
hk4e/reliquary/attributes/23420.json,c1c58ef3cda0da07a7615ef35c8f0965
hk4e/reliquary/attributes/23421.json,8da4dbea4b0bd4de5305a436362aa675
hk4e/reliquary/attributes/23422.json,6e888766d012248db52ded47df15c7fd
hk4e/reliquary/attributes/23423.json,5e9c5454ebb95296aa32484f221498f0
hk4e/reliquary/attributes/23424.json,1cfacd06934127969ee2e0fe102a574a
hk4e/reliquary/attributes/23425.json,020aa40cfd964e33f5b718f98ac7181b
hk4e/reliquary/attributes/23426.json,91e30b66e6f0244aeb1bc66054544d6e
hk4e/reliquary/attributes/23427.json,3b2454e37fa367696afe692301780af5
hk4e/reliquary/attributes/23428.json,43d7de44999e1ac8fc27e56046772ae4
hk4e/reliquary/attributes/23429.json,3ede47f7242b420fadcc16d714886286
hk4e/reliquary/attributes/23430.json,43856c7ff1dbfa8fd171f1e1f23089c7
hk4e/reliquary/attributes/23431.json,0032220cf5e747f7a1c61c4465712632
hk4e/reliquary/attributes/23432.json,9d7826c36b2f0c5d2a0370c850e599f1
hk4e/reliquary/attributes/23433.json,f493ffb1daba3b5b45febdeb78bf0aa1
hk4e/reliquary/attributes/23434.json,f02573eb5a568e729e668306691fd7e9
hk4e/reliquary/attributes/23435.json,eea1f61e08d1f6790aad146222b5f26d
hk4e/reliquary/attributes/23436.json,978f6a208b2ae27fa4a94284636b5dd4
hk4e/reliquary/attributes/23437.json,f63ba19ef66031998d4e483fb30d122c
hk4e/reliquary/attributes/23438.json,7681651f0070aee5019bd337c720076c
hk4e/reliquary/attributes/23439.json,f8a29ebedfc07e86e21e4c27c9bf3934
hk4e/reliquary/attributes/23440.json,f7eb2392a0ffa794ac48c924d199b9af
hk4e/reliquary/attributes/23441.json,9ff65551c24e3a394b69b9ae380c9f49
hk4e/reliquary/attributes/23442.json,b98df62a127b9ec3dc5dee1d1123a496
hk4e/reliquary/attributes/23443.json,180ebf032c2d90608a887bd2a1adfea0
hk4e/reliquary/attributes/23444.json,ec4f41dcceaec1c10b5c77d238bfddb6
hk4e/reliquary/attributes/23445.json,4079aff490f303cd985e3f4a3403f3b3
hk4e/reliquary/attributes/23446.json,2a072b9aa516d77c1312f7d28ac43cde
hk4e/reliquary/attributes/23447.json,9fa1517438ea4c53eb7d13bcc0e17a29
hk4e/reliquary/attributes/23448.json,1247d10152093a27cfa0b0e9fcf665bc
hk4e/reliquary/attributes/23449.json,88dd7662ad8beb1f6eb0e687d4b66245
hk4e/reliquary/attributes/23450.json,854d4618c302b49962715599fd7cf07a
hk4e/reliquary/attributes/23451.json,a9d78f19bd8e938c72043a37f13f6e06
hk4e/reliquary/attributes/23452.json,d7cdf292ac6f9cb9eedc437d3445f094
hk4e/reliquary/attributes/23453.json,0dcf5bd4fc8aad627394471a52dbc161
hk4e/reliquary/attributes/23454.json,ae5af16993f54b782397e77994ebb84c
hk4e/reliquary/attributes/23455.json,daa49e7aa07db80ef115100bc6e5b417
hk4e/reliquary/attributes/23456.json,7281c86b973eaf2197673563b78f52ef
hk4e/reliquary/attributes/23457.json,e954bdcfc606768284bcc5644a96d705
hk4e/reliquary/attributes/23458.json,eb214e7d382f2aef540047a76a441fa7
hk4e/reliquary/attributes/23459.json,7f2c9aae268d623574a27d0978d959fe
hk4e/reliquary/attributes/23460.json,f0d33b2bc4f77d79752d0409e6ec2ebe
hk4e/reliquary/attributes/23461.json,d4f98a202fb91a9b7840ecf8748deacf
hk4e/reliquary/attributes/23462.json,29f1e4c62729e0fb6651b78e2547260a
hk4e/reliquary/attributes/23463.json,496e74cbf9ce328dd40ecb2aa0a16559
hk4e/reliquary/attributes/23464.json,ff4bb88ff814fda5bdaf290b1638cc98
hk4e/reliquary/attributes/23465.json,b1309fcd4daa56ecd5d5f3b3a0764483
hk4e/reliquary/attributes/23466.json,3a462bec3a8258289254f665a8439d09
hk4e/reliquary/attributes/23467.json,b78bfc3aac019ac0fe889bdee4907b3c
hk4e/reliquary/attributes/23468.json,62a2bd093929c8b12756c3e704fae0e8
hk4e/reliquary/attributes/23469.json,997efa6670abe3b79b5e4766f9195251
hk4e/reliquary/attributes/23470.json,70b7358733fb51c23a33d6d805f97435
hk4e/reliquary/attributes/23471.json,5dababd2244874cb46b9c7c6da3a83ac
hk4e/reliquary/attributes/23472.json,e229740012aaaee8040865aaf167dea5
hk4e/reliquary/attributes/23473.json,a2577c810b6e083aa900ec2aa3e6b5f6
hk4e/reliquary/attributes/23474.json,4308d3708109d1c25faf2f06e48fcba3
hk4e/reliquary/attributes/23475.json,645ddd79f765f59935a01bf213a20bfa
hk4e/reliquary/attributes/23476.json,070ad1d3ed9cbb8cc3a323de514d3716
hk4e/reliquary/attributes/23477.json,b326b8d3b37c81dfbe6163dab6a5bfa2
hk4e/reliquary/attributes/23478.json,1fcbf5fa38373be0d26c92d77ac72ef0
hk4e/reliquary/attributes/23479.json,510add187c50f8ad1e2a5e900e6bdce3
hk4e/reliquary/attributes/23480.json,a005bd8b14b3a1b0418fd9d54c08b068
hk4e/reliquary/attributes/23481.json,07fcb20762fe6ad0d1da3784cd3ab2d4
hk4e/reliquary/attributes/23482.json,5a169645d6efd6c23a30e059735015c4
hk4e/reliquary/attributes/23483.json,d726fe809d06207d90e9d4985e0ec71c
hk4e/reliquary/attributes/23484.json,b7861f3cfe8e5545af6d09d768da7ecd
hk4e/reliquary/attributes/23485.json,38b4ba80ff1392c4d06d4c2b245bbdb0
hk4e/reliquary/attributes/23486.json,f080f6c3210181d9c49d47aec33f634f
hk4e/reliquary/attributes/23487.json,7b3cbee6452bebb6801e827d8d0ddbd2
hk4e/reliquary/attributes/23488.json,9488ca4201f83f956c618fc3eeef8329
hk4e/reliquary/attributes/23489.json,3768222e3b1047ef2a5228cb9d6eb394
hk4e/reliquary/attributes/23490.json,2af70a1577ecac67996253b484c2f1ae
hk4e/reliquary/attributes/23491.json,70d164b4ed302b68242b937ee94337e0
hk4e/reliquary/attributes/23492.json,afda2ade673060efd8fb1a39a114ee48
hk4e/reliquary/attributes/23493.json,a04bea280c5729db02335e1e97a1a20a
hk4e/reliquary/attributes/23494.json,64bb67640c07eef6645a2dad4f638ca4
hk4e/reliquary/attributes/23495.json,5ee5397a0c03d13ff7a2f92323ac11a8
hk4e/reliquary/attributes/23496.json,552e8983cebb130212acf022312cac31
hk4e/reliquary/attributes/23497.json,ccfd482c547cbcebe8510a1dfafee4eb
hk4e/reliquary/attributes/23498.json,701c07b78cb206ddde9f0bf418073e7f
hk4e/reliquary/attributes/23499.json,4109b3ee6fccd53d966f61b1e467e1e1
hk4e/reliquary/attributes/23500.json,68c74daa275e850983c8ea1b9e19dd78
hk4e/reliquary/attributes/23501.json,59b97c94f85660ff65cdfde95491856e
hk4e/reliquary/attributes/23502.json,d7094354ea9a7a259b3131fe92e62bdd
hk4e/reliquary/attributes/23503.json,e33e64a6ef7439e9a2f19cb14780daa8
hk4e/reliquary/attributes/23504.json,1eb2bee8906d9a4b11c7af1c01da8391
hk4e/reliquary/attributes/23505.json,c627ba8cdf35adb8d9c8aeb9ca9cb0ef
hk4e/reliquary/attributes/23506.json,cd4eebebc15bb9f4994a3df1b3fd4246
hk4e/reliquary/attributes/23507.json,f48cbeb68d249342e7da26c41bc70288
hk4e/reliquary/attributes/23508.json,8e4d22517273bcf44dfadf86507fb521
hk4e/reliquary/attributes/23509.json,442356804f79c0833d8d21fd93362f89
hk4e/reliquary/attributes/23510.json,537833bb6431fe23b83fa2151b80ad93
hk4e/reliquary/attributes/23511.json,0af551b017e1b64a376d357ead03bead
hk4e/reliquary/attributes/23512.json,051b8b4f2b9ba64dd11d72bfe1bd814d
hk4e/reliquary/attributes/23513.json,5404f97a2985f9900d49a90c79a3902e
hk4e/reliquary/attributes/23514.json,1688d42024cc0481368790e2e8b33ada
hk4e/reliquary/attributes/23515.json,904e18810a2382241a6f0592111bd143
hk4e/reliquary/attributes/23516.json,dc337a101f6da26689bf3a15f665e743
hk4e/reliquary/attributes/23517.json,fc7ae29cc31a5d62bef6d1d24561fc33
hk4e/reliquary/attributes/23518.json,4dc3e4b5bfe380ca4454504fbcc7fa6a
hk4e/reliquary/attributes/23519.json,0df1bef6eef3c38f42b607fe219ba049
hk4e/reliquary/attributes/23520.json,35cd03e91be6a436bcf98823945f4674
hk4e/reliquary/attributes/23521.json,07931a50231a0af5beaf80af57dd5b8b
hk4e/reliquary/attributes/23522.json,9e2dc13c84572450dbd77262158a151a
hk4e/reliquary/attributes/23523.json,49b166fed112c5b0fbd1578b3028f911
hk4e/reliquary/attributes/23524.json,3613a754b31de4498aafc34181cd2e50
hk4e/reliquary/attributes/23525.json,6e555d7c43b5cf05a0fa7a7d5a36a0f1
hk4e/reliquary/attributes/23526.json,a4a723b4ed3f6b28d96d883b2520a008
hk4e/reliquary/attributes/23527.json,55af7439632a8032457d4b62bbd03960
hk4e/reliquary/attributes/23528.json,a8e6abed2b7ccf0a7be85c06a6c8ef02
hk4e/reliquary/attributes/23529.json,6afc4c3e71d93e44cc9ad53b96e945ba
hk4e/reliquary/attributes/23530.json,a7c50a18f2c2c0b086f19f8b02073423
hk4e/reliquary/attributes/23531.json,a97f60053133150864e502cfeae02b31
hk4e/reliquary/attributes/23532.json,5e7ff77d5989393ae6c8c2cbad673be8
hk4e/reliquary/attributes/23533.json,c33628c5fa0614b81f4a2ac9f476b82c
hk4e/reliquary/attributes/23534.json,e211b5ca2ca71ca7f9612d94c0564736
hk4e/reliquary/attributes/23535.json,e0e6c49ce645da047c30d7424bf812b2
hk4e/reliquary/attributes/23536.json,35b5a9fdb216527058f96ce47814c593
hk4e/reliquary/attributes/23537.json,6434eff45797ea2601af62b78236bbc1
hk4e/reliquary/attributes/23538.json,16f47e2b5578e6f1d280bb2314a8e881
hk4e/reliquary/attributes/23539.json,0d9c30b001e81851f67a3215d68c2f7b
hk4e/reliquary/attributes/23540.json,960fd754e109c8d101fd6ec60b426073
hk4e/reliquary/attributes/23541.json,999848142ebed52c5b0ae3e8648b29f7
hk4e/reliquary/attributes/23542.json,93db7471be893814d1921bb60766ddd5
hk4e/reliquary/attributes/23543.json,5b3cf3472ba2928a18824a476f577528
hk4e/reliquary/attributes/23544.json,584275757219e81e86d56a37a7572b00
hk4e/reliquary/attributes/23545.json,12da0e02c252a5b637675a72c0c35dc9
hk4e/reliquary/attributes/23546.json,745fc4f234f62f566567b9771af606b1
hk4e/reliquary/attributes/23547.json,b19ed9c7a278a44278215f8bf7d80ef0
hk4e/reliquary/attributes/23548.json,8c1df40fe85eb86698fad87e5d7033ef
hk4e/reliquary/attributes/23549.json,d5d9b1583a4ea5dbb4894c26acaf9ca6
hk4e/reliquary/attributes/23550.json,88e466782f3efaecf7d4a08af79798d0
hk4e/reliquary/attributes/23551.json,ca004cb5399cf6dd8dd184ecfe81e8e9
hk4e/reliquary/attributes/23552.json,720453644abd44d7d4b405df1fb70139
hk4e/reliquary/attributes/23553.json,7429eb069c09c75287512cbfd7350c93
hk4e/reliquary/attributes/23554.json,2e4024111e34efd4fb1af64f7cb29273
hk4e/reliquary/attributes/23555.json,cdcf8955f75de5e84636f5b3579c4556
hk4e/reliquary/attributes/23556.json,8aba2c26ce608ac58f6992f8332ef6d1
hk4e/reliquary/attributes/23557.json,4f4cfed33be0ea894e5818b582ad38c0
hk4e/reliquary/attributes/23558.json,d458c01284f8ccaad554e4f945b6bce5
hk4e/reliquary/attributes/23559.json,9dbb09700cefe0ae92967a10fdf19cd6
hk4e/reliquary/attributes/23560.json,c8cc82cfead49a9b7a45dd32c12651d5
hk4e/reliquary/attributes/23561.json,8de4892ce9a05d720e55ec1d9f0e83da
hk4e/reliquary/attributes/23562.json,77d857bd9283a3b5281a3c261e32ec42
hk4e/reliquary/attributes/23563.json,cd70e880c37d09637a4a8127e4846bc6
hk4e/reliquary/attributes/23564.json,33c217898c634af7c80838f7db7e000b
hk4e/reliquary/attributes/23565.json,8d91a6bc8d87202b62c8ff034bf076e4
hk4e/reliquary/attributes/23566.json,194eca6cddafba3b75a1bc6713e07e67
hk4e/reliquary/attributes/23567.json,72b8b40dbdf7c343e74ab9bd74e76efe
hk4e/reliquary/attributes/23568.json,e9a14638af7b20c0450488fb76ba0f2d
hk4e/reliquary/attributes/23569.json,6938477a1f832d5977a0f7e77437acdf
hk4e/reliquary/attributes/23570.json,99c150df8888c91fd6d83f5bed9fefb3
hk4e/reliquary/attributes/23571.json,98aea0fd55e217fce31f812122e85c73
hk4e/reliquary/attributes/23572.json,32a2b8222135dea0bd03ff6b33e6f631
hk4e/reliquary/attributes/23573.json,41b14a7446202269626b629a27b51086
hk4e/reliquary/attributes/23574.json,9b298ea5ce49073aa547dae9725d1d03
hk4e/reliquary/attributes/23575.json,0d2d94738e9b79376f9d6905e4a3fc90
hk4e/reliquary/attributes/23576.json,3ae23c17ca76ebfeb1fd98d259831432
hk4e/reliquary/attributes/23577.json,3e0611913f57249569589c67677cb750
hk4e/reliquary/attributes/23578.json,c4ce2199e32704ec4071d4e94116adaf
hk4e/reliquary/attributes/23579.json,aad375ff3d05599de4873ac2c8d4f65a
hk4e/reliquary/attributes/23580.json,2fa3fb5de1d88a72f099847c139e83b4
hk4e/reliquary/attributes/23581.json,73506c789ebaa1ef26f27d831d7e7195
hk4e/reliquary/attributes/23582.json,03557d037c369a3961d238f871f4494b
hk4e/reliquary/attributes/23583.json,6a5b3720050724be120f5af9904614b2
hk4e/reliquary/attributes/23584.json,03586245ba561266e12219f3c482ff28
hk4e/reliquary/attributes/23585.json,e45b23ded56579df48253c8c95a97be0
hk4e/reliquary/attributes/23586.json,0ae1b931e045c75815e4a80cad305b94
hk4e/reliquary/attributes/23587.json,1bc878569cee166232f22fbfb34c5b2f
hk4e/reliquary/attributes/23588.json,d1dbf4a525a288f040b2f92511a09e15
hk4e/reliquary/attributes/23589.json,51e5336777f2d6b022ff7f7b93df45e0
hk4e/reliquary/attributes/23590.json,db56a38ae5414b4484c2da465d0e7e2a
hk4e/reliquary/attributes/23591.json,9cfa0ea072d4f46185768b902b232035
hk4e/reliquary/attributes/23592.json,d19b83b3e31e13e27d160e3c2754ced1
hk4e/reliquary/attributes/23593.json,27e39d47bd208a1d5e2cb1534057f261
hk4e/reliquary/attributes/23594.json,b2ba87cb0f9062aba473040fc28f2288
hk4e/reliquary/attributes/23595.json,9b32b0816522dbbfff325c2aa5c01b78
hk4e/reliquary/attributes/23596.json,9eeee016f96eb61e2cfef4efd4a392a5
hk4e/reliquary/attributes/23597.json,335df568ae6b742432ce1472a4cde70c
hk4e/reliquary/attributes/23598.json,0b426004bb890cb25adc08e753904727
hk4e/reliquary/attributes/23599.json,4aa3d4da65c94851f7059d8c93c234c0
hk4e/reliquary/attributes/23600.json,7e8c93bb0692fa747b948d3fa8bb42b6
hk4e/reliquary/attributes/23601.json,e0ccc4109d7ed0500a5ade8efd026803
hk4e/reliquary/attributes/23602.json,cc56515f68618aba6cf19db01e5e22df
hk4e/reliquary/attributes/23603.json,da775f97a3528b81d1830477b788a049
hk4e/reliquary/attributes/23604.json,530791ed7a7da25dea0e936dffce7fe8
hk4e/reliquary/attributes/23605.json,e7bbcc5f7a07f2380dd595ac4bec663b
hk4e/reliquary/attributes/23606.json,1f6ecb967d719d9129be9f660ed64e72
hk4e/reliquary/attributes/23607.json,5f217ae3ff4ae49b0ca6180f93d42df5
hk4e/reliquary/attributes/23608.json,5b5ca72bf6ab5745ac0922670a92168e
hk4e/reliquary/attributes/23609.json,e499b163a45d3ee354d4aa8e93a0366c
hk4e/reliquary/attributes/23610.json,4402b9d6aa30f3d0175a00880904cbb5
hk4e/reliquary/attributes/23611.json,f207fecfb4b1984f3b332c2f0f02491b
hk4e/reliquary/attributes/23612.json,1de843c5c744ea8120b70449d74907f2
hk4e/reliquary/attributes/23613.json,b01660fd30e888e3a938303f81262a2d
hk4e/reliquary/attributes/23614.json,0a11e1259774b213d545e62ab70bf531
hk4e/reliquary/attributes/23615.json,9f62d5f9d1e8dca52be09ce10f0bdef5
hk4e/reliquary/attributes/23616.json,d98f952aa78f0235a9205a3ea024e308
hk4e/reliquary/attributes/23617.json,786f35f686cdfd7d2989427ef8df2e05
hk4e/reliquary/attributes/23618.json,b706fc0652dc89973afd77ef5971f7fe
hk4e/reliquary/attributes/23619.json,c6e74b9d179c6d9ab3b2070f8f914ea0
hk4e/reliquary/attributes/23620.json,0310aa8d15112f4d89e4cbdb9417a2b5
hk4e/reliquary/attributes/23621.json,050784d8ebc6f93a167acf5dc831d1fb
hk4e/reliquary/attributes/23622.json,1cb35b3a007a2da14a86a8c0abb1bedb
hk4e/reliquary/attributes/23623.json,cb7b8707340336837347e26f8068bb57
hk4e/reliquary/attributes/23624.json,264f446fa761d164d4a3be0e531624c2
hk4e/reliquary/attributes/23625.json,1b4bd2c9ad5799b79cebf975dfde8d6e
hk4e/reliquary/attributes/23626.json,0b0ecbbbc5bf9ce0c75a5564f29edd73
hk4e/reliquary/attributes/23627.json,e36f5de3fd623e3cc1f2a05ab79eb868
hk4e/reliquary/attributes/23628.json,6f3bf57140ec7b42d8a2626b6808b886
hk4e/reliquary/attributes/23629.json,73f81bf47891f41d9c7d96414516a4f6
hk4e/reliquary/attributes/23630.json,e0cfee7ec96d3edcf86e996dcd3e3d46
hk4e/reliquary/attributes/23631.json,ab91fae77eca6848aa8699361b21faab
hk4e/reliquary/attributes/23632.json,b529bfbf62628e4513873253a7ccba41
hk4e/reliquary/attributes/23633.json,fbb0c994234e0e0170fd2ae85bef68f6
hk4e/reliquary/attributes/23634.json,e2186b28602e4dd28ee01d7cca1a9333
hk4e/reliquary/attributes/23635.json,0bf84dbecec89711d5a180deca0c23e3
hk4e/reliquary/attributes/23636.json,7bab17ded62cbfc8d4f5f35505e7f36a
hk4e/reliquary/attributes/23637.json,e0b62806a60dba3ae7df81c9c3d71640
hk4e/reliquary/attributes/23638.json,e68f25057799049b6fa5852d43a501fc
hk4e/reliquary/attributes/23639.json,b8bd07a36826a537dbccbaf636ef80bb
hk4e/reliquary/attributes/23640.json,0f21615ce97407b0715a6d3e2f739c10
hk4e/reliquary/attributes/23641.json,4bc18a783db95ff2b065bfbc951ef70b
hk4e/reliquary/attributes/23642.json,2bcbc24f97725460baf2860aabb4e2e6
hk4e/reliquary/attributes/23643.json,00474fd3d06ca974e9c7ae7ea4eb4795
hk4e/reliquary/attributes/23644.json,8ba7cdd1dff893b130306785cb646c15
hk4e/reliquary/attributes/23645.json,d48c7415f5be4f11650bf09b3568fd86
hk4e/reliquary/attributes/23646.json,61e252ff626921ed3b726a8ef86e83ce
hk4e/reliquary/attributes/23647.json,99c60a84ead22cb8a6f1a64752b32430
hk4e/reliquary/attributes/23648.json,3784d0d6af303331336319f9844924d7
hk4e/reliquary/attributes/23649.json,ef59529a9aad03bfceb62d081fd1b0ad
hk4e/reliquary/attributes/23650.json,7b890ee3f900fbe3cccae24d66363628
hk4e/reliquary/attributes/23651.json,9fd349671be0dd33265f57e23d702dc9
hk4e/reliquary/attributes/23652.json,3427b6309986cb8e3d1803ac3003621a
hk4e/reliquary/attributes/23653.json,9b038c1bdeb3e3a3405afe1cce695e9a
hk4e/reliquary/attributes/23654.json,3071e2847567656c4b748dc6bec26e2c
hk4e/reliquary/attributes/23655.json,8199ae45b960301e8ab83431adaf6561
hk4e/reliquary/attributes/23656.json,65b7e1eda5b5d15fb88a18102e1b033b
hk4e/reliquary/attributes/23657.json,26450316cea98db5bb3f88759faf42a3
hk4e/reliquary/attributes/23658.json,d4b6b509b90026401c3316e3cb765834
hk4e/reliquary/attributes/23659.json,a74652baaf1eb02c6171b75276e5b51f
hk4e/reliquary/attributes/23660.json,20001d45b199c90f52810876780c53da
hk4e/reliquary/attributes/23661.json,cbbe44ecd2ccc6e8aeac03fe3fe91fda
hk4e/reliquary/attributes/23662.json,f98aad9af3f84893c5733bb6306890f1
hk4e/reliquary/attributes/23663.json,c38bbf38fc69847a95380162da2a824e
hk4e/reliquary/attributes/23664.json,e2641e7234d76c4393cddae787a02803
hk4e/reliquary/attributes/23665.json,f6c4bd51ec7b0da247eb58104914afff
hk4e/reliquary/attributes/23666.json,0320fbf8172732ef8d4b075f749b60ec
hk4e/reliquary/attributes/23667.json,4ac83f8e5523d9c09e8dd0f2a11b5a1c
hk4e/reliquary/attributes/23668.json,60143b49a189ec9fc6ae6b64bd2624b8
hk4e/reliquary/attributes/23669.json,1055188d8a88a34ff79532c78b025cc6
hk4e/reliquary/attributes/23670.json,441fbbdce4c949b4018fdc582eb425e9
hk4e/reliquary/attributes/23671.json,77eeaa7ff10b76cf0ca03545170df481
hk4e/reliquary/attributes/23672.json,fb22b3ddc81adbbc78bf7f05d4cab044
hk4e/reliquary/attributes/23673.json,bcdacbc95e2132b0d7cd0ed3e22c7d5c
hk4e/reliquary/attributes/23674.json,f98f8e8242a320dca9f0c753f079cae9
hk4e/reliquary/attributes/23675.json,dba38b618a5e42647ed719fa9cebab3c
hk4e/reliquary/attributes/23676.json,5aa7985e15b3c61e57cfb081200417e3
hk4e/reliquary/attributes/23677.json,f70c096accb6d3b7e7800aae756e9ece
hk4e/reliquary/attributes/23678.json,511739315835767ac4f06682ce919ab2
hk4e/reliquary/attributes/23679.json,b6af737eb4bb3120ae05767eb5f7e9af
hk4e/reliquary/attributes/23680.json,0e438602e72c42fa395e9d4fddd8ef39
hk4e/reliquary/attributes/23681.json,79ec2ddc546cf695421370f002018d4c
hk4e/reliquary/attributes/23682.json,ba67e0c515d779b18b01f500f86ecba5
hk4e/reliquary/attributes/23683.json,0bd17c7e521bef682edeec50d09bed93
hk4e/reliquary/attributes/23684.json,02f35155697d04f270a14f776032a381
hk4e/reliquary/attributes/23685.json,07b2fe755f997a4550b9ed334402e85e
hk4e/reliquary/attributes/23686.json,21182e8179a3a1930eadc941c5cabed5
hk4e/reliquary/attributes/23687.json,f97da3d1bf35f26ad9eb345ce2cf9fb1
hk4e/reliquary/attributes/23688.json,3fb5a01b178e4d7934a6b0b5a1b0c6a3
hk4e/reliquary/attributes/23689.json,04f1972b6d09a8e73ee4bc849de26087
hk4e/reliquary/attributes/23690.json,199bba3f44a59135ac2ab8620a64d8f8
hk4e/reliquary/attributes/23691.json,5e1559af31ecbc86fac6e78f605a0c17
hk4e/reliquary/attributes/23692.json,a7f0178f86a1c3a49957ccc01861a79b
hk4e/reliquary/attributes/23693.json,efa138d285708d97c7a465b0ea56ce8b
hk4e/reliquary/attributes/23694.json,5bdaa6e46188b35144a23f47ba99830e
hk4e/reliquary/attributes/23695.json,ee413c219b7d46ebc92a214a10389853
hk4e/reliquary/attributes/23696.json,249263603e5f77006409bb0820b2dfb2
hk4e/reliquary/attributes/23697.json,00fa77991b98b2503f7e764d09080bc2
hk4e/reliquary/attributes/23698.json,e36513317a08550f47d908404c7a9778
hk4e/reliquary/attributes/23699.json,f2f33f2bcd1d104786d3a21e51839777
hk4e/reliquary/attributes/23700.json,9e2e30fd95e55d6d2e50856d6f69f446
hk4e/reliquary/attributes/23701.json,11352738fa66c2169c5549b508cc1cc9
hk4e/reliquary/attributes/23702.json,352a33c3877c6c40fdceb1b9e9c2bc77
hk4e/reliquary/attributes/23703.json,270a3a7e9a376f5953d5e70804bfe57d
hk4e/reliquary/attributes/23704.json,f4af42131a9ad7e7a4b3c6189e20f606
hk4e/reliquary/attributes/23705.json,31899aaf7dae54323df4e4ff2f99cc12
hk4e/reliquary/attributes/23706.json,19350729c18b6eac0d709dbcea5a82aa
hk4e/reliquary/attributes/23707.json,bcf5f2f07ac686db4f4910e9e76c2d79
hk4e/reliquary/attributes/23708.json,7aee99fbda84cc282d4caae34c0859a5
hk4e/reliquary/attributes/23709.json,cad3996e81cbc0de903d59b696f728d1
hk4e/reliquary/attributes/23710.json,22cb2e79876ad686371de2894f77001d
hk4e/reliquary/attributes/23711.json,b353ae1d00db78c9773559a987712eae
hk4e/reliquary/attributes/23712.json,c7800158fbbe26e5d9c4f55f91040a05
hk4e/reliquary/attributes/23713.json,e98a6eddfbedd87fbe6e7f90369fe7ed
hk4e/reliquary/attributes/23714.json,4f9ae5ab0b31bd090f98647dbcce54f7
hk4e/reliquary/attributes/23715.json,b8728e9e4f96396d8f2f9a7635722a73
hk4e/reliquary/attributes/23716.json,2a49d81e3929246d254125b2030db331
hk4e/reliquary/attributes/23717.json,b3052c3d47fe4bb68bcbebec51e85a0a
hk4e/reliquary/attributes/23718.json,8dc73f6b6aa10857c3a3ba99ac7a51b1
hk4e/reliquary/attributes/23719.json,7fb59bcc3ff9d59e029bda5b4607405a
hk4e/reliquary/attributes/23720.json,fdad36beee6be2fff3df9593916f274c
hk4e/reliquary/attributes/23721.json,fce7b831b7e7d22f7d093fe65214d502
hk4e/reliquary/attributes/23722.json,3b16182c5c15ec444e9d4aa57733adf6
hk4e/reliquary/attributes/23723.json,285e00573a0ff0325d8c279ee936e3d9
hk4e/reliquary/attributes/23724.json,fee7d85344d975f7ac4241ce465080cb
hk4e/reliquary/attributes/23725.json,4573787af3456c114e5ee831db453c55
hk4e/reliquary/attributes/23726.json,bebc63ae922a1664726adbc7b7259187
hk4e/reliquary/attributes/23727.json,2cc373f6e5082c5b40bc41b0f31e6262
hk4e/reliquary/attributes/23728.json,6ffafa776dcd17e82c64692300558f32
hk4e/reliquary/attributes/23729.json,89f4ac55b05721c3adb099ee0797d195
hk4e/reliquary/attributes/23730.json,d5a90e533806c54f7c3d2ebeec54e9a2
hk4e/reliquary/attributes/23731.json,bf30646f63c80c166a069a19929e5932
hk4e/reliquary/attributes/23732.json,bf3cd192d601807dd6fef49256904524
hk4e/reliquary/attributes/23733.json,ab9f57c448ab1bef2e4848b7b8dbf996
hk4e/reliquary/attributes/23734.json,143408d92ebb0661e21487b5a938556f
hk4e/reliquary/attributes/23735.json,3fc869200c77a9d7a8e2ddada46626fa
hk4e/reliquary/attributes/23736.json,ccb2dfafe97017a05d11f9e203b0164c
hk4e/reliquary/attributes/23737.json,7bbc9d9466476312c1ee7d9a1837e44e
hk4e/reliquary/attributes/23738.json,c356791d1c303a3862faab1903a616cf
hk4e/reliquary/attributes/23739.json,23d499ce2e4d857887025c67d9d37bdd
hk4e/reliquary/attributes/23740.json,dc15897df51cb00198efed8316b0933c
hk4e/reliquary/attributes/23741.json,732a36f8742029ef3c897b0ae16a0ef4
hk4e/reliquary/attributes/23742.json,36ddec9e39f832b9e29e4812e24719d6
hk4e/reliquary/attributes/23743.json,59d1d8ca32bc47fb5b01cfe97a3e904f
hk4e/reliquary/attributes/23744.json,978379c73bd2de9507b186005f897001
hk4e/reliquary/attributes/23745.json,eff4540377427dde307a0cedc51257a3
hk4e/reliquary/attributes/23746.json,6bf450f613b764f074526e6634394184
hk4e/reliquary/attributes/23747.json,45863ef1c37f339badd15b4a3a833871
hk4e/reliquary/attributes/23748.json,c2393935b3432eae56a10f7a4fe341bc
hk4e/reliquary/attributes/23749.json,e2ca12a9c1febe84df4dcbd004eb3fbe
hk4e/reliquary/attributes/23750.json,2e6ed7e600178dcfdec12eff6a3419ed
hk4e/reliquary/attributes/23751.json,0b6a880f598355100c33e069dc1399b3
hk4e/reliquary/attributes/23752.json,16147ef7109d9fb189234de7dd201a35
hk4e/reliquary/attributes/23753.json,3e8300b5775572f1e6c3e8a159941f97
hk4e/reliquary/attributes/23754.json,65ab102ba40b6424480a3d2c751d9e47
hk4e/reliquary/attributes/23755.json,eba4eda79df9a110981f4def08c8e6d9
hk4e/reliquary/attributes/23756.json,4a22c0da112b5f5af8b6fb74c335ba1c
hk4e/reliquary/attributes/23757.json,f3c97f567ae47ad5cb2623958104a45a
hk4e/reliquary/attributes/23758.json,daf304fe07c48b05b3fbff9523d520d6
hk4e/reliquary/attributes/23759.json,b0c6fc2aa18f97478881619c5a520480
hk4e/reliquary/attributes/23760.json,987ff90412e98b0a56c4854099816693
hk4e/reliquary/attributes/23761.json,24bbacc5313f0d5cf4ca70f90d5557f9
hk4e/reliquary/attributes/23762.json,ef35aa7285032042eca10404eda52e38
hk4e/reliquary/attributes/23763.json,40bf1abd016667c7ebf03aa0a495ae35
hk4e/reliquary/attributes/23764.json,6b9d2279193d3baa3f4e559562b727d4
hk4e/reliquary/attributes/23765.json,30b9b2b7bb90fcdaf827a1f283962f76
hk4e/reliquary/attributes/23766.json,5f3e0d965163b1f82a2129fed6e0dc52
hk4e/reliquary/attributes/23767.json,8c8a00f376e1c15585dd48b74fdf3f7b
hk4e/reliquary/attributes/23768.json,f72590413faaab12ae18de5707077760
hk4e/reliquary/attributes/23769.json,e8b9cd55639fb7456cb954881c0f88c3
hk4e/reliquary/attributes/23770.json,e998d54d1ded1abc79496d826ec3d8c4
hk4e/reliquary/attributes/23771.json,6007ed923395c4837e522ca9f04e4023
hk4e/reliquary/attributes/23772.json,f2d9f3063c8f789a6b7a8a7d206c3012
hk4e/reliquary/attributes/23773.json,dd8bdcc0ee55c904483ca53da32bd742
hk4e/reliquary/attributes/23774.json,434bebeefd5217373149ea2c94d35682
hk4e/reliquary/attributes/23775.json,b6021d8aee2db1214109938ae838a9d5
hk4e/reliquary/attributes/23776.json,f3064e9ee41d77d88b84c49a52166f56
hk4e/reliquary/attributes/23777.json,9d9a204073234d8cd7c8ae69ececf68a
hk4e/reliquary/attributes/23778.json,acb48883dd1bcaf6f11fb9f750eb667b
hk4e/reliquary/attributes/23779.json,d1db9d1762e8c5bd8c1bb03ef2091b60
hk4e/reliquary/attributes/23780.json,76be6c8ed88fb0cdb5bb1c711125e88a
hk4e/reliquary/attributes/23781.json,4e205fe902646c2f3aa9de3c98d43fa5
hk4e/reliquary/attributes/23782.json,fe56232278b0048b65b59ea0b432f0cc
hk4e/reliquary/attributes/23783.json,d5662a233a8c845101285f3520c691a6
hk4e/reliquary/attributes/23784.json,2980dcd442c372bb57878662e724804b
hk4e/reliquary/attributes/23785.json,1161b7190ca84fc4901183aca4dc8534
hk4e/reliquary/attributes/23786.json,831cc4d900958dfb92b6a86256ee173f
hk4e/reliquary/attributes/23787.json,2b3381824afd292003994132ff21b6ef
hk4e/reliquary/attributes/23788.json,8d7d5ff97916e3617a2c038971d26f82
hk4e/reliquary/attributes/23789.json,be97ca18c6f5c1e047aab4dba8d252e8
hk4e/reliquary/attributes/23790.json,7963a57a2391557a4e926b8165a3f97b
hk4e/reliquary/attributes/23791.json,fd6f6fbdaa671964f86ea6cb31db49e1
hk4e/reliquary/attributes/23792.json,8c81856168daef30f175a54caab45c5c
hk4e/reliquary/attributes/23793.json,9adc31107e218f91abfd45503db9f4ae
hk4e/reliquary/attributes/23794.json,4781414e445f6d56ba33f4b4f1714734
hk4e/reliquary/attributes/23795.json,6fae8aff57b5f552b4412550438e7ded
hk4e/reliquary/attributes/23796.json,556d87f273b61afe811701693dbc439c
hk4e/reliquary/attributes/23797.json,d549170e85e8e7abe6d996f0750a298c
hk4e/reliquary/attributes/23798.json,9fb03ac92cadd2cb13ff1bed21b19db3
hk4e/reliquary/attributes/23799.json,03735f810ae48f67f36a31897c4d3267
hk4e/reliquary/attributes/23800.json,a0d37478830fbdb25ba2ea141336f183
hk4e/reliquary/attributes/23801.json,e9c10672b0d256b405c60fbbe286f06b
hk4e/reliquary/attributes/23802.json,5265cfb63ccdd7b56df3974c16c2c72a
hk4e/reliquary/attributes/23803.json,13e0145bd8e906beb8ebf98380223c3c
hk4e/reliquary/attributes/23804.json,67972d1e5b18c0eec299e02bd7f2affd
hk4e/reliquary/attributes/23805.json,5c80d8de298b872e71d32272c1bf8cb1
hk4e/reliquary/attributes/23806.json,4027617de8b3e70c3a4b3f15d51bb8ed
hk4e/reliquary/attributes/23807.json,2ad29b6bcffe4ffb23349d7644f057a0
hk4e/reliquary/attributes/23808.json,f3328b9506e86fbb065a3025d9af7d3f
hk4e/reliquary/attributes/23809.json,208efe0e381d1a96a5e0eb15e711e725
hk4e/reliquary/attributes/23810.json,6220284a5a65f62a54f35eea7d9f9116
hk4e/reliquary/attributes/23811.json,e3fd08c8743baec31873516f1e795fb9
hk4e/reliquary/attributes/23812.json,3459356da64d7bfe795d76a9d3aedcbf
hk4e/reliquary/attributes/23813.json,edaee3f2da8ad3f19cadefb008920d53
hk4e/reliquary/attributes/23814.json,86dd959f7d49dffa3783ada39dd90f5f
hk4e/reliquary/attributes/23815.json,49e37def124467a0c47dd84032663226
hk4e/reliquary/attributes/23816.json,b530b93b290828fb8ecb96d4deba8556
hk4e/reliquary/attributes/23817.json,53d80ca9ae8fe9ecf49d739b150eb932
hk4e/reliquary/attributes/23818.json,ab24106e0c25eaf96a85ec0ff43927b6
hk4e/reliquary/attributes/23819.json,09d82d642f9c6e2bab4e82843a9a89ae
hk4e/reliquary/attributes/23820.json,a155061a464c9388838a9994ef87a82a
hk4e/reliquary/attributes/23821.json,0f65893e68f32fedb61c7a940e40cba9
hk4e/reliquary/attributes/23822.json,199b8e74adb05d5c6452df96dc095915
hk4e/reliquary/attributes/23823.json,a26156ee7ca7689498afc1fbf5de6cbf
hk4e/reliquary/attributes/23824.json,72160f364b1d04f27c7d2dca86f5b8c9
hk4e/reliquary/attributes/23825.json,19618806d8e7319b230c35278571a11b
hk4e/reliquary/attributes/23826.json,f5d76e0268685df1240af9a98ea9fc07
hk4e/reliquary/attributes/23827.json,de685bdf68c7dc1e0f543bc03cbdde86
hk4e/reliquary/attributes/23828.json,b02ad74b17d08a1ca3d799542b783e56
hk4e/reliquary/attributes/23829.json,81ceafbf3fb4cabde0e0f3664920b9ac
hk4e/reliquary/attributes/23830.json,8d5d869c32e0f0417e665c346f69da92
hk4e/reliquary/attributes/23831.json,3e64780a983d76d698e23edc53564579
hk4e/reliquary/attributes/23832.json,4bdde69e0e63c83dad17543133aa00a1
hk4e/reliquary/attributes/23833.json,fdc30e59b8f744201db0b80b204d4d38
hk4e/reliquary/attributes/23834.json,44fae7cbe0940ebf66a1d3bd4733e542
hk4e/reliquary/attributes/23835.json,df8c5a876f9f4426cdc10c036ad08504
hk4e/reliquary/attributes/23836.json,541ec913b7bafe70844302733b1cd209
hk4e/reliquary/attributes/23837.json,ca9b9d3be38bf36e923dfaa05787096e
hk4e/reliquary/attributes/23838.json,78262ee58ee347de5150649ba09bba31
hk4e/reliquary/attributes/23839.json,fca7f06ad0b06e584f3cd19f08a63af6
hk4e/reliquary/attributes/23840.json,1c4b2676f50c2991b3cf4ae400fc7972
hk4e/reliquary/attributes/24101.json,ac664d1f13762f5f509a54929371fc4f
hk4e/reliquary/attributes/24102.json,cdefac207aaee4c29e3ab54946a59035
hk4e/reliquary/attributes/24103.json,4b2057094abe8ed838a464d68cc7733f
hk4e/reliquary/attributes/24104.json,80fccd6b15ee0a89c481e96994ad90dc
hk4e/reliquary/attributes/24105.json,de49b443247f30df431d98eba89c30f0
hk4e/reliquary/attributes/24111.json,c189a90060e0ee897283265c0f499f14
hk4e/reliquary/attributes/24112.json,58c4639f2d2080bd79d0555f1ac43fd5
hk4e/reliquary/attributes/24113.json,7be1048a2ad4f54b677cc8b26ab2b827
hk4e/reliquary/attributes/24114.json,cb78ae40403736afcc2f2e9e2548eaad
hk4e/reliquary/attributes/24115.json,fd03f4a71c9739dbf61fbcc74ff8ab12
hk4e/reliquary/attributes/24121.json,b669c3ead81d8b2f83fa961b4f4e384d
hk4e/reliquary/attributes/24122.json,4553959a39276ba01284537f13fadd92
hk4e/reliquary/attributes/24123.json,eeba7a76361d151be741fc14a50f7827
hk4e/reliquary/attributes/24124.json,5a8ad152d621395d6d3cd7062e936ed7
hk4e/reliquary/attributes/24125.json,3e7a5c811d9283f03448162fe1a22fe9
hk4e/reliquary/attributes/24131.json,e57b9a5a913b763fdfa118d220db2eb7
hk4e/reliquary/attributes/24132.json,e1733e54bcee4fafc2fba880804f3fbc
hk4e/reliquary/attributes/24133.json,c0de2d87dfb99d7b33a2298be34f3011
hk4e/reliquary/attributes/24134.json,f297be15fe1f592e61bb4d45280d52fb
hk4e/reliquary/attributes/24135.json,29f8be471acb240dc8961085f36a80a1
hk4e/reliquary/attributes/24141.json,196675107aa4afb25f723c15caab819d
hk4e/reliquary/attributes/24142.json,5cba30245f08163e438f04ec1679e1ee
hk4e/reliquary/attributes/24143.json,466137e1c9834db188069e6fb6630821
hk4e/reliquary/attributes/24144.json,40d7320b997129ba87bd44a333a093fe
hk4e/reliquary/attributes/24145.json,1e2b856a8c6e3bdee70f19dd7cf45b85
hk4e/reliquary/attributes/24151.json,d1bc872ea094f87afc4e36361b7548ed
hk4e/reliquary/attributes/24152.json,a50aacd9272c85c8a4fa0b41af78470a
hk4e/reliquary/attributes/24153.json,c9b0a4ebe2c88f6bc813e2d8ef1d0174
hk4e/reliquary/attributes/24154.json,9428b9f8b2df27c3977e04bf4716a994
hk4e/reliquary/attributes/24155.json,9878c9d1681c36ecefea8c3cbd0a220b
hk4e/reliquary/attributes/24161.json,ca890695d70b730159a1e673a77e566d
hk4e/reliquary/attributes/24162.json,b6bb8b25f7ac315863628d9510a5c107
hk4e/reliquary/attributes/24163.json,5365c28ec72bb0eda05ce29c873745c0
hk4e/reliquary/attributes/24164.json,924fc34b77224d5f0a9b847b8b6f185f
hk4e/reliquary/attributes/24165.json,07081c2d0429b79651efbbba0b878ba2
hk4e/reliquary/attributes/24171.json,a4e774ed9fc336ae2e579ad4a16059a1
hk4e/reliquary/attributes/24172.json,d9fe4de32a5b5a3b21365298ee842ac3
hk4e/reliquary/attributes/24173.json,ed788cc2ebfdd29fef05ec35e5a0ec5c
hk4e/reliquary/attributes/24174.json,b7dd24e41fb6976495e666d498dc9fe3
hk4e/reliquary/attributes/24175.json,b7a75b4f3155be753cae5646e298a53b
hk4e/reliquary/attributes/24181.json,cf0fa1d5574e10e1a8b447ade2b5c649
hk4e/reliquary/attributes/24182.json,8726dc6553a0a2033693affc7889df31
hk4e/reliquary/attributes/24183.json,9c3c852035df0fddb4f156c1edc11edc
hk4e/reliquary/attributes/24184.json,2fe5a01d9eefaf974c28dc6d848c6af8
hk4e/reliquary/attributes/24185.json,539839ac8c9eea9a7d70fa3c5ff8413c
hk4e/reliquary/attributes/24191.json,6afc290c8a40d9b4cdd347ca85ad337a
hk4e/reliquary/attributes/24192.json,7eea498bd27784a8ab35b00e16e2817e
hk4e/reliquary/attributes/24193.json,b775174fc38dfe673b66de85d1ebd024
hk4e/reliquary/attributes/24194.json,3d6375761a53de1f5198b9cc6c8de4b3
hk4e/reliquary/attributes/24195.json,04fa0d71c5fba4be2a119bbdd9f61ccd
hk4e/reliquary/attributes/24201.json,74141568a45d0c38fec8d161662b0748
hk4e/reliquary/attributes/24202.json,8c8c45b0bdf57baa0d97965dcac9688e
hk4e/reliquary/attributes/24203.json,94649ea74eed5cf3f47fd7b155b823e5
hk4e/reliquary/attributes/24204.json,a316b13f7cb0316a01aaa890ac40581a
hk4e/reliquary/attributes/24205.json,5dc079732488291b9096ac2d04c98c56
hk4e/reliquary/attributes/24211.json,2f3b4e2a70e97cfae7bc0e30c70b60f9
hk4e/reliquary/attributes/24212.json,2ca100d22ea495d79f40e28f90b46ce4
hk4e/reliquary/attributes/24213.json,0319aa77c5fd0adcef88de4398a7d963
hk4e/reliquary/attributes/24214.json,34e617109dea692286147da67e631cbb
hk4e/reliquary/attributes/24215.json,a7cb74c51a0924b91df321fef19a76f3
hk4e/reliquary/attributes/24221.json,89d968013edd8d34be9acee800dbc1d9
hk4e/reliquary/attributes/24222.json,7bb359d21c102f47d26d9f85c7e24bcb
hk4e/reliquary/attributes/24223.json,4316c34175f86b870cf609b1ef1a4e1d
hk4e/reliquary/attributes/24224.json,3f9f6f7260e03793e22b1dedd5ce30bb
hk4e/reliquary/attributes/24225.json,bebc656b454053c756c125239e3e0494
hk4e/reliquary/attributes/24231.json,6ef4840068cfa759ee8d899bf2658b9f
hk4e/reliquary/attributes/24232.json,c164a688b9cbba47ce63152ff615b060
hk4e/reliquary/attributes/24233.json,32fae9ab4dee3ebf88f8b5b1e9d77e81
hk4e/reliquary/attributes/24234.json,ba93c8e139cf4b83cb5e1c599a00efc5
hk4e/reliquary/attributes/24235.json,fb0b1c334374d75f9e282f7b1fe6492b
hk4e/reliquary/attributes/24241.json,09498263defd96a5137dd7f8d2b1a57f
hk4e/reliquary/attributes/24242.json,b3cea25335c8d9a49d0b3c77c519224e
hk4e/reliquary/attributes/24243.json,b051e07e7b390a05855ca836882554cf
hk4e/reliquary/attributes/24244.json,a76e59d3f9e5f6863f92ca56e7a6ca20
hk4e/reliquary/attributes/24245.json,30c886038486767bf3d69f280e67f0d5
hk4e/reliquary/attributes/24251.json,66998fa69eecd1e658eb7e7e94f46fe8
hk4e/reliquary/attributes/24252.json,002c5f0a5b3f34f2de735dea2f132267
hk4e/reliquary/attributes/24253.json,11d452838e4fd2b162f7b4937168e80f
hk4e/reliquary/attributes/24254.json,5dda4180abb067263ccca2efd7c8b480
hk4e/reliquary/attributes/24255.json,9c944493de00884d819875c1cc36f4f9
hk4e/reliquary/attributes/24261.json,6cdc9a1242d0f578c885fc7e57df105f
hk4e/reliquary/attributes/24262.json,96c06fb13ea3fcbee5994f147d73ba49
hk4e/reliquary/attributes/24263.json,46be0dc9a4eb22cd08b94e80633a11c7
hk4e/reliquary/attributes/24264.json,83ff4684607a77b7bc53866749c82afd
hk4e/reliquary/attributes/24265.json,9847f3276d0728e9a230baf3206c89bf
hk4e/reliquary/attributes/24271.json,06c30267a7845cbd9f02787ccfa676a7
hk4e/reliquary/attributes/24272.json,8c57f9bdbe2cc2a9eac92ac7407189eb
hk4e/reliquary/attributes/24273.json,90e082bf5363b05592f01b6bfceb563c
hk4e/reliquary/attributes/24274.json,624ab9f15564d4b95c622b4931c396dd
hk4e/reliquary/attributes/24275.json,897fe8f7fd0ae965b765208d2bcff5cb
hk4e/reliquary/attributes/24281.json,e2df8bf3d299fa459b69cf405e06f1bb
hk4e/reliquary/attributes/24282.json,b35dc03fb784705bd880bb178c404b0b
hk4e/reliquary/attributes/24283.json,8bca34f07500c99545024aeacf03c6df
hk4e/reliquary/attributes/24284.json,c01a2acf9b71a949687762abf93dac65
hk4e/reliquary/attributes/24285.json,4146c13ff5b6e2f613f7de32b91fd405
hk4e/reliquary/attributes/24291.json,f8740150b0a84b6ba933bab32dd63d92
hk4e/reliquary/attributes/24292.json,40dec670452199f75c0c71c904b5cc66
hk4e/reliquary/attributes/24293.json,6c88c0178be7fe8c00fd496bcd7868e2
hk4e/reliquary/attributes/24294.json,fb4c0c27d6f7a8b0b29a02124f8bbb43
hk4e/reliquary/attributes/24295.json,23447273d3e0b23bb237883ec0662492
hk4e/reliquary/attributes/24301.json,3245c66e888fbdc30a5e7ca75ee633f2
hk4e/reliquary/attributes/24302.json,d3ff4547a47bb00a35d600ba5c9b63bf
hk4e/reliquary/attributes/24303.json,60f9f45c12b37768029221b4fb96e810
hk4e/reliquary/attributes/24304.json,d9f7ffa9600d63ef1337b785a305bb63
hk4e/reliquary/attributes/24305.json,3ab76512e60f8fed856d4a6e353ef634
hk4e/reliquary/attributes/24311.json,b7eb00031d382ac93fbc5c337a4ba7a5
hk4e/reliquary/attributes/24312.json,cf70a9e352a3fd5fa88a02531b41374b
hk4e/reliquary/attributes/24313.json,a091f62d6b7c83d1d4a198e3190b1116
hk4e/reliquary/attributes/24314.json,ad5887f231b65ab0994c1fdb5f8ebcc4
hk4e/reliquary/attributes/24315.json,ee1aa920509299fce49300abb0a7f011
hk4e/reliquary/attributes/24321.json,8d8e715b429643c02fe22f8d43d06e05
hk4e/reliquary/attributes/24322.json,404a46299a448c4d9d524b4d56cfb1ea
hk4e/reliquary/attributes/24323.json,f20810bd5d16777934c0f959a2ae668a
hk4e/reliquary/attributes/24324.json,60180a3bba0e8c9fc20cc5dd2781333b
hk4e/reliquary/attributes/24325.json,1500957d0b0631405e985f7496c88750
hk4e/reliquary/attributes/24331.json,6e249ce782785f23af88eb7b7e05a295
hk4e/reliquary/attributes/24332.json,5b7cfc75f844547d7bbfb0f9ec0817e1
hk4e/reliquary/attributes/24333.json,6ce1980610a6ce9ae49563b59b97f626
hk4e/reliquary/attributes/24334.json,96858fa718bcae5c2d8c6ffc2a56944f
hk4e/reliquary/attributes/24335.json,baf043113e2df8bcfef87c338afb04d8
hk4e/reliquary/attributes/24341.json,ad820362d91815edf2557e730183a9e0
hk4e/reliquary/attributes/24342.json,c8f0b5412e3116f34a93c2fb0dd745a0
hk4e/reliquary/attributes/24343.json,0c720742adac0b64e7bfe06ae0d77a39
hk4e/reliquary/attributes/24344.json,0d69d589693a3a0bedcfde479ffa5965
hk4e/reliquary/attributes/24345.json,2c1c085aaf15032b7cabcee3eade1d3c
hk4e/reliquary/attributes/24351.json,3670811a3b2f23d253a6bd3cf0418816
hk4e/reliquary/attributes/24352.json,cbca49223e2877494ee6beeb5a0890ce
hk4e/reliquary/attributes/24353.json,e16e79fb9fb0fba6798968fe2b96b3e5
hk4e/reliquary/attributes/24354.json,d02104373d3a4f61db680efbe0e1c9b8
hk4e/reliquary/attributes/24355.json,aabbecc5e66679ee895707afd3ccc5ce
hk4e/reliquary/attributes/24361.json,8f90a7c1467ccacbe1e7077b1a5ad890
hk4e/reliquary/attributes/24362.json,24b4520da8ff43aa168f140099249a20
hk4e/reliquary/attributes/24363.json,c877435421cbbdb4721a7d99f7d05515
hk4e/reliquary/attributes/24364.json,1727b684976faa2ea2da64fd593cd6a8
hk4e/reliquary/attributes/24365.json,7b53ea23d16fc60f99aeaee6fd166109
hk4e/reliquary/attributes/24601.json,aa1355d34f980a9c2f9f4a20d9ccf9f0
hk4e/reliquary/attributes/24602.json,a7e2deadd98b4b726155af6baf9e83fb
hk4e/reliquary/attributes/24603.json,52ae4aedf7bf8d048dbcef89c188b820
hk4e/reliquary/attributes/24604.json,542321d3bb59c90abf33e10854baa4c8
hk4e/reliquary/attributes/24605.json,44ed0bdc79cac27de8dbdcdd12562a43
hk4e/reliquary/attributes/24611.json,21b48bff2fe7071f4936a41cc4aa11f0
hk4e/reliquary/attributes/24612.json,8d4703a75b6a0ba93791be9982ffcb65
hk4e/reliquary/attributes/24613.json,c74768ab8764aef035c69234095dda5b
hk4e/reliquary/attributes/24614.json,812a53600dded1ffc3fae19311a6e37a
hk4e/reliquary/attributes/24615.json,9501f5b0dc3fde3345d2e45c162628ef
hk4e/reliquary/attributes/24621.json,acac1c39a40af02ed953368b2bb1778f
hk4e/reliquary/attributes/24622.json,d9b55622554e1fad32708db0cc16e00a
hk4e/reliquary/attributes/24623.json,d6d32defce2f6c1d3a2444cff60cd1ef
hk4e/reliquary/attributes/24624.json,d71cef28c5fe9dd44641ba59c23d5d5a
hk4e/reliquary/attributes/24625.json,1ba6ad03de81274dd934956f40a630fa
hk4e/reliquary/attributes/24631.json,00823e204931421263df734326ffc893
hk4e/reliquary/attributes/24632.json,a0416899bdd0786fda9675716b348e68
hk4e/reliquary/attributes/24633.json,5a08b52329e9cb5ecd3971f7e2511880
hk4e/reliquary/attributes/24634.json,c3a308191b67e8e2d7cc63fbc6e99bdb
hk4e/reliquary/attributes/24635.json,ebfe630e493f10e530da7f35bdc3c60d
hk4e/reliquary/attributes/24641.json,51e65de08edd6b6556d7ddedb6c3273b
hk4e/reliquary/attributes/24642.json,04f7584db90586d632fd5d13463d4cf6
hk4e/reliquary/attributes/24643.json,7e36ec3ec1726067d5b9521142cef83a
hk4e/reliquary/attributes/24644.json,1c93f00381ecfa638a0d7b923c564417
hk4e/reliquary/attributes/24645.json,abd68c19d010b09d00480614bfd2b729
hk4e/reliquary/attributes/24651.json,c1184ee87449bf34c557d13cd7f3bc5b
hk4e/reliquary/attributes/24652.json,fb0e4e039e459a6f091db8b36e5dc060
hk4e/reliquary/attributes/24653.json,8ffae2016ad41518a0db63bccdc56e78
hk4e/reliquary/attributes/24654.json,9265943f5804913628eb1c1630033c03
hk4e/reliquary/attributes/24655.json,3cbe7b89a890594c379d5d1c2d79907e
hk4e/reliquary/attributes/24661.json,f456dca24570e157bfea50889a5812ca
hk4e/reliquary/attributes/24662.json,42d39eb18683668ba98114218879dbdd
hk4e/reliquary/attributes/24663.json,cdf69ddb98b44ef1b20155ca0abe3e0d
hk4e/reliquary/attributes/24664.json,4f14a3e40eca6ff394814624eb08adf7
hk4e/reliquary/attributes/24665.json,cde4fe97f459eac669334d32c6700d81
hk4e/reliquary/attributes/24671.json,5d9661bdb4808e9dbf11057721527ed9
hk4e/reliquary/attributes/24672.json,468fd371eb4df49d74f7d2abe867d22e
hk4e/reliquary/attributes/24673.json,fdfea272e72088a0779e0d98941f0519
hk4e/reliquary/attributes/24674.json,d021ab74a14217357d4fc2d57eb90775
hk4e/reliquary/attributes/24675.json,df7f8a8121d7cf820d2f0ac789573a8e
hk4e/reliquary/attributes/24681.json,3ffd90b7ee4044ab9a98c5e32c1df60a
hk4e/reliquary/attributes/24682.json,b1cb7a631268a4ea7efb21140d9f5a6d
hk4e/reliquary/attributes/24683.json,4717883e57ee1eaefa91c8023c2ac918
hk4e/reliquary/attributes/24684.json,8686cd87cfaf7d0e6f248036c2edb47a
hk4e/reliquary/attributes/24685.json,4f41c091813ae63772d362d2fd99728d
hk4e/reliquary/attributes/24691.json,551a79e2fdf9df6e0c4fe34b7d3ae3fa
hk4e/reliquary/attributes/24692.json,f26372bb2a61a2c3d17ca0c85dba8c74
hk4e/reliquary/attributes/24693.json,274d63805665063ec7fa2e5c2a8410bb
hk4e/reliquary/attributes/24694.json,ece950e08d4d75a80a4cc8f23f055c13
hk4e/reliquary/attributes/24695.json,349f1ba3bc6ef67fc5ff38a7a60682e0
hk4e/reliquary/attributes/24701.json,0c62d12f9f631a8699674674fa744757
hk4e/reliquary/attributes/24702.json,9fef470e88a466522c85b668a075b4ed
hk4e/reliquary/attributes/24703.json,79a71ca385c54cbdf861cb70dab17380
hk4e/reliquary/attributes/24704.json,73393a75cb95eacac6dc36f9598efe0b
hk4e/reliquary/attributes/24705.json,a4e97a88a87811c9b1a7662ec439d607
hk4e/reliquary/attributes/24711.json,b217d46cd89b524f1f44fd4d8d0c15b2
hk4e/reliquary/attributes/24712.json,36886b211fd205b23510fe2af576b1ee
hk4e/reliquary/attributes/24713.json,1ef2d489b5e0a102abafd4bc7b144412
hk4e/reliquary/attributes/24714.json,16fd4e92329d4ea94bea366dd27b6aef
hk4e/reliquary/attributes/24715.json,52a3ab8f5e86bdc34458a29b2962aeb2
hk4e/reliquary/attributes/24721.json,8d8150e98f0a39ea4c6143fc35aaf8aa
hk4e/reliquary/attributes/24722.json,a4626e994daeed4375bfa8d7b905e7af
hk4e/reliquary/attributes/24723.json,2f9465a169574cd6ceba03afce167eca
hk4e/reliquary/attributes/24724.json,ec3d33d1739cd22f465a7d163498fddb
hk4e/reliquary/attributes/24725.json,70ef43ce7cc8b818e322c01aedc68672
hk4e/reliquary/attributes/24731.json,0b0f06554bde655e6106d593db16c172
hk4e/reliquary/attributes/24732.json,a9fb9f841c29c698cb601f7150dbd4bf
hk4e/reliquary/attributes/24733.json,5b28ba80ddd9a00fbf659cc9da66d4e2
hk4e/reliquary/attributes/24734.json,e9d25cbf30484f6b6ddf51eb70407b85
hk4e/reliquary/attributes/24735.json,622c42910082c1b3bbfe22128461e964
hk4e/reliquary/attributes/24741.json,6537e6c5f4fe0b3c2e1a08989c9aeaab
hk4e/reliquary/attributes/24742.json,a75c223735853af4878f38fdf9349fc7
hk4e/reliquary/attributes/24743.json,527ef5f7d4e161a6563731e175a779e2
hk4e/reliquary/attributes/24744.json,158aeaef246412b303657b19fb22b6c0
hk4e/reliquary/attributes/24745.json,c66f6a6ffb0bb307f08234365a7bebdb
hk4e/reliquary/attributes/24751.json,09307fea6c686149a09386d48f47725a
hk4e/reliquary/attributes/24752.json,e27ab9f5e917de491b3736791bb38442
hk4e/reliquary/attributes/24753.json,79c55bea42af76ee87d79c0f4c58c4de
hk4e/reliquary/attributes/24754.json,2bc0909b7473191e2bca06f88e01b39f
hk4e/reliquary/attributes/24755.json,a71d613292a031839fea830d8aeafbc1
hk4e/reliquary/attributes/24761.json,50bcb225fffd3fb83a322b062fef0aa6
hk4e/reliquary/attributes/24762.json,0ceb227e68c2d518bc1322b94f14e564
hk4e/reliquary/attributes/24763.json,55c1dc662511c1cfa95040a16adfea86
hk4e/reliquary/attributes/24764.json,6232152e2dc55273d2787eafce66bca7
hk4e/reliquary/attributes/24765.json,7816553ccb30d3ec436f48d02153ef87
hk4e/reliquary/attributes/24771.json,d0605c73c744f8e8ff86fef9cabb3b9c
hk4e/reliquary/attributes/24772.json,bcff04a9cc9ed782563a5de620f48c78
hk4e/reliquary/attributes/24773.json,a2db7d17b54e9638e1fc3146e3f88a7f
hk4e/reliquary/attributes/24774.json,2373b202a0335645cc53c9c2c310a0e3
hk4e/reliquary/attributes/24775.json,71b9dad6b20ca2438a3dd4f66f8bdb4b
hk4e/reliquary/attributes/24781.json,5e5147bbbbac885411df2799030f9d06
hk4e/reliquary/attributes/24782.json,eaa556a467198620e3453e1ec15411fd
hk4e/reliquary/attributes/24783.json,14caa18b91d1087ca76959c1235cebf6
hk4e/reliquary/attributes/24784.json,2b5c1b3e06d20a8269f6948089fa797c
hk4e/reliquary/attributes/24785.json,debf708c68c3b83b00226d004070b0e7
hk4e/reliquary/attributes/24791.json,1819b9bc3e8d91b20b56e1ca9ed1a1db
hk4e/reliquary/attributes/24792.json,70f259ded98df1ace05aae1cad777ff3
hk4e/reliquary/attributes/24793.json,2c993042f3490b2de9e8d1f006ef227e
hk4e/reliquary/attributes/24794.json,7892e081bf24517842eaec70bed81ad7
hk4e/reliquary/attributes/24795.json,7500db6bde1debff5ecf3f76811cc9cc
hk4e/reliquary/attributes/24801.json,f24f010d5ca55cbf68c35a660e1374b1
hk4e/reliquary/attributes/24802.json,cea4fbc7d5ca057f7f2a938491280488
hk4e/reliquary/attributes/24803.json,3b23845f496869a138131f8e70e66cdb
hk4e/reliquary/attributes/24804.json,021d2b1df6924c512835af9d539585c8
hk4e/reliquary/attributes/24805.json,612dbe33fce593df0316774413e22899
hk4e/reliquary/attributes/24811.json,8da26e0d7827a3e21cd75e39f3a8ca3c
hk4e/reliquary/attributes/24812.json,7a9e2caa63e60150802eb84ca8895705
hk4e/reliquary/attributes/24813.json,f1820cd769d314c600b039f7421a77b3
hk4e/reliquary/attributes/24814.json,1658096f9d75c565d08a9d9fc9a2f757
hk4e/reliquary/attributes/24815.json,3a477b72ab55a950a5c84783b81100cc
hk4e/reliquary/attributes/24821.json,9d7b36e96ddca194e842e12299a4a2f2
hk4e/reliquary/attributes/24822.json,2503df27d6e98f0e5432c517669043ce
hk4e/reliquary/attributes/24823.json,46bb6eb1ae5bc583e675f9a1d2e36bfe
hk4e/reliquary/attributes/24824.json,6525391dfe86c3b225e39b328146d93e
hk4e/reliquary/attributes/24825.json,9e9db458610cb8fc16cd3f46abbc067a
hk4e/reliquary/attributes/27412.json,e7c4db575aa697bb9b042fcb3b5d025b
hk4e/reliquary/attributes/27413.json,a07936c245629c8ca0f6e8a1f95782d9
hk4e/reliquary/attributes/27422.json,92c7ea02c053ea39c507c7886bceee7f
hk4e/reliquary/attributes/27423.json,989830fa51120272f80a26b6c61f1f09
hk4e/reliquary/attributes/27432.json,c0e8721f60a1366d00db7df5940805d2
hk4e/reliquary/attributes/27433.json,53b0b3761e49af9295e0c3198b075f25
hk4e/reliquary/attributes/27442.json,9a3bb8edac9eda6d0b48b633eed8feed
hk4e/reliquary/attributes/27443.json,b9f2d78f5a065a97cc2a05416fecceb8
hk4e/reliquary/attributes/27452.json,a85b2c6905d9fe2b5776e1ac9ae01e37
hk4e/reliquary/attributes/27453.json,6229f360cb544991b548ccaa11434f77
hk4e/reliquary/attributes/27513.json,16cf214f66c10faeb12483d57e6b4139
hk4e/reliquary/attributes/27514.json,7c240f43431278fc551ebff406d2cd09
hk4e/reliquary/attributes/27523.json,00a0f5ceccf212b897d16eaedc6e27d2
hk4e/reliquary/attributes/27524.json,18cf7791cf668f0bb0a627f4418647f1
hk4e/reliquary/attributes/27533.json,e5e2c54b1c6b79c89c623a7a5629307c
hk4e/reliquary/attributes/27534.json,afca5c063bd219fb6fb0fdd9376c1118
hk4e/reliquary/attributes/27543.json,c1bc463c8e993f0c04c0d60bbdd7be92
hk4e/reliquary/attributes/27544.json,5632f4e325e254a6ef2dd897c05ba3dc
hk4e/reliquary/attributes/27553.json,8b9549737de4430f57224649fdbb9821
hk4e/reliquary/attributes/27554.json,34d47e6d18a5fd7aa7fd35c8b9d7deb9
hk4e/reliquary/attributes/28412.json,37314a107efecdf0e0c53186a22366c1
hk4e/reliquary/attributes/28413.json,53d588ac90ed5772acfd570a28a3581e
hk4e/reliquary/attributes/28422.json,056bb93dab0247ba67a5591aef507e92
hk4e/reliquary/attributes/28423.json,6ea254995b0c322a643885f220c3f2d1
hk4e/reliquary/attributes/28432.json,44489926f5b1a7cf3affe20f9efe3875
hk4e/reliquary/attributes/28433.json,425c74363931b7e5d6abe2501f789117
hk4e/reliquary/attributes/28442.json,55d78b4633097fb82832c840f8704d4a
hk4e/reliquary/attributes/28443.json,80d457dde405944a2cc42e2153d07f5e
hk4e/reliquary/attributes/28452.json,1381ffadfac6cf4b9ea869730893cdaf
hk4e/reliquary/attributes/28453.json,0bbfb9b85730a4a31c067b02e9ad141c
hk4e/reliquary/attributes/28513.json,ace6c76165a702d60b7e6a99d23de45f
hk4e/reliquary/attributes/28514.json,60c195b7e64e67e7fd1aac116e0f0528
hk4e/reliquary/attributes/28523.json,cfe5985917f31479d17d9d72bc8372ca
hk4e/reliquary/attributes/28524.json,65fb6a1ac8183eb20265327a26da39e5
hk4e/reliquary/attributes/28533.json,bdedd7bb0ef746fd957b1ab530eeb420
hk4e/reliquary/attributes/28534.json,21ca75be6ce942f48dab518e153610e4
hk4e/reliquary/attributes/28543.json,3462e149c9bcf9e42033e4f9f4ccf3f4
hk4e/reliquary/attributes/28544.json,30b7a5ac8af4cb2ad8553604af4e51d3
hk4e/reliquary/attributes/28553.json,9fab64e791bfb4b994a0afe962d819d9
hk4e/reliquary/attributes/28554.json,3e83324bf69f1adb89d530e85d319f01
hk4e/reliquary/attributes/29412.json,609a94d9cc613977da1d97abfae06bd8
hk4e/reliquary/attributes/29413.json,89059397ec8dfe48a0cca7e14e60611c
hk4e/reliquary/attributes/29422.json,fae105ad8d9713134c50eaa7f63c572f
hk4e/reliquary/attributes/29423.json,fbf3a26e838a6854c3e7988158783054
hk4e/reliquary/attributes/29432.json,74f668a9c54e48f1811269a7a3e6f524
hk4e/reliquary/attributes/29433.json,82a5457b9954853db7b0affd28a343f7
hk4e/reliquary/attributes/29442.json,ea9263a32c6472f4d48794cd405b771a
hk4e/reliquary/attributes/29443.json,96525ae9ac0ec7215cb4eeccd7b38248
hk4e/reliquary/attributes/29452.json,42fec61bdf3a039f5d8b33907186e79e
hk4e/reliquary/attributes/29453.json,6a6762c7bc154a7d57fa97ce024137f3
hk4e/reliquary/attributes/29513.json,3d56ff75bf5669ae6a8737ca72853339
hk4e/reliquary/attributes/29514.json,66a485fecaced4b871a8b36a1337d1ae
hk4e/reliquary/attributes/29523.json,f78bea719f21132bf2ec7162d5307d85
hk4e/reliquary/attributes/29524.json,d6a45cd91a40b7dd033b293b89c3b805
hk4e/reliquary/attributes/29533.json,352ba5115f9e716a8ea6e9efd11442df
hk4e/reliquary/attributes/29534.json,9df9e273abb7dedbd87d53114cd75eab
hk4e/reliquary/attributes/29543.json,e17dbfb1bac705c4738c1b779a79af81
hk4e/reliquary/attributes/29544.json,9479e23002b4f818b2cce5b1a3ce0526
hk4e/reliquary/attributes/29553.json,4bb845ae73bbd001ca341997ef7fefdf
hk4e/reliquary/attributes/29554.json,8a3673e309cef2f5630699b719aeb8b6
hk4e/reliquary/attributes/30412.json,32912f01a12b35ce38c75f2eba17c66a
hk4e/reliquary/attributes/30413.json,28dd43547a61630d4e3ef7ceb9a87a25
hk4e/reliquary/attributes/30422.json,62c8e1cce603680916424b38a7336aec
hk4e/reliquary/attributes/30423.json,02a0cebc31fe40327e206ffebb0b446d
hk4e/reliquary/attributes/30432.json,520801542a30a9af8500df54eb39e285
hk4e/reliquary/attributes/30433.json,c9605d4203aa98ebdfbf7823ff867f5d
hk4e/reliquary/attributes/30442.json,b63abebe8fa586fbf9e17832e5a1f3ac
hk4e/reliquary/attributes/30443.json,0fd6652abf1a2ff0eb6cabf3bd5842c4
hk4e/reliquary/attributes/30452.json,f105167481266d85bf194c3edb089340
hk4e/reliquary/attributes/30453.json,4cef5cbd5a71bef4a9ed1441b657c078
hk4e/reliquary/attributes/30513.json,aa2787856132ca2a9f15fed117d085ec
hk4e/reliquary/attributes/30514.json,022959c647c9b77e16b80a217a0d5d65
hk4e/reliquary/attributes/30523.json,6858475b8355ad9d17b16238a73aa573
hk4e/reliquary/attributes/30524.json,a1e8d053af6c3c6ba9e08e1053a42473
hk4e/reliquary/attributes/30533.json,8d9bfbfbe38c1d6a09e50cb5fcb589b0
hk4e/reliquary/attributes/30534.json,cb368a67dfbca88ccfc633411744d208
hk4e/reliquary/attributes/30543.json,91c1193230fa65d4cb8987c392caa6cd
hk4e/reliquary/attributes/30544.json,4e2ea47ef8e68fd9a6a435a1bb03a8a4
hk4e/reliquary/attributes/30553.json,15206659eb9e561e50df132c3ed88d4c
hk4e/reliquary/attributes/30554.json,fb6212107a9ccc9762f7ebb4ddf1facf
hk4e/reliquary/attributes/31412.json,c0c372eb39fa10ae3ae0b385a6127cb1
hk4e/reliquary/attributes/31413.json,b54809c5e8be7e69e9fc61a3a7c69b6e
hk4e/reliquary/attributes/31422.json,52802867af575d0d703f853d7449d143
hk4e/reliquary/attributes/31423.json,1e416bb6d9b67e440b243c2c144c1e2c
hk4e/reliquary/attributes/31432.json,57be4b00563941c76286ce7229315fb4
hk4e/reliquary/attributes/31433.json,15666aedf0e9fa4c6f6f8e62e63f0069
hk4e/reliquary/attributes/31442.json,b696cefc68a4f5abf452870afb54554f
hk4e/reliquary/attributes/31443.json,46c88272f8d00156429824fc7859cb48
hk4e/reliquary/attributes/31452.json,3a190a7d81f5b8f9943eda602bd8e324
hk4e/reliquary/attributes/31453.json,6ed115d20559d3efd042d9e9e687e237
hk4e/reliquary/attributes/31513.json,8c7d56d5d1025db3e82eea848049e879
hk4e/reliquary/attributes/31514.json,3eef87278c9a125ffd3b294921f3ce11
hk4e/reliquary/attributes/31523.json,98c46c4e50ec5abbe7231cfc6d52229b
hk4e/reliquary/attributes/31524.json,90368107c1a631f9266149c826cb9427
hk4e/reliquary/attributes/31533.json,b23b1a132b2858641340c276a4d0efbd
hk4e/reliquary/attributes/31534.json,3a8f021aa6c55efe5c17ad7382e75170
hk4e/reliquary/attributes/31543.json,18fc03b2351ff8ff5c5491b23374d465
hk4e/reliquary/attributes/31544.json,cb1f63f4c65ccbdd3c39f59265f06813
hk4e/reliquary/attributes/31553.json,b81a8ed6678afd9f15a9cfbdfc482d21
hk4e/reliquary/attributes/31554.json,ced8690c3431c37ea7cdcd2f8744dfe6
hk4e/reliquary/attributes/32412.json,c6e04fe22fb92bb5942d32b9493e2b73
hk4e/reliquary/attributes/32413.json,e1315938ac25fc9e69d3d082a6a68b1d
hk4e/reliquary/attributes/32422.json,92231106f7ebe599377b373879118cd1
hk4e/reliquary/attributes/32423.json,ca096b342a28bb650972671f137431b5
hk4e/reliquary/attributes/32432.json,b104adb23720d7a8c5770a6575864d43
hk4e/reliquary/attributes/32433.json,7946ba1ceea28d5e7ec5886829179b68
hk4e/reliquary/attributes/32442.json,a321942a5240570044571353fc352387
hk4e/reliquary/attributes/32443.json,f393f06618b3408b21e5a3bad80a6649
hk4e/reliquary/attributes/32452.json,94f5f0381111fe65bed82d5ec18e0dc1
hk4e/reliquary/attributes/32453.json,bc0ab929479341fbf0584f45d01e41e4
hk4e/reliquary/attributes/32513.json,9ae6a7d6824194eced1ead2460e1ff4d
hk4e/reliquary/attributes/32514.json,503d068ee30de84e51ddc14b9b576dd6
hk4e/reliquary/attributes/32523.json,2191352bf4c8b8e449ea53b721a8d94e
hk4e/reliquary/attributes/32524.json,fb127aa6c9453a959492e04940b014f6
hk4e/reliquary/attributes/32533.json,89b16845bd1872ccaf2c2a3cf01769f4
hk4e/reliquary/attributes/32534.json,a4ef075736ac01e911172345b5e3f502
hk4e/reliquary/attributes/32543.json,26c3a8efafb06ab2b43c851ee8211854
hk4e/reliquary/attributes/32544.json,9d71fffe23295691f0be884cd6c15203
hk4e/reliquary/attributes/32553.json,4bf4d7563c64f36e62510ff4d5e4ec37
hk4e/reliquary/attributes/32554.json,0e0db68f89f5e44c3403ef1fc541ee25
hk4e/reliquary/attributes/33412.json,73849f6d4453eefcbd7d1f177dc7abbb
hk4e/reliquary/attributes/33413.json,340ff5e6054a7d525fe9af161eb94dab
hk4e/reliquary/attributes/33422.json,384d33112fb9528a789edb53fc209e66
hk4e/reliquary/attributes/33423.json,bf60691a02f8897eff2c6c39330938f7
hk4e/reliquary/attributes/33432.json,3363cf0f13aabf930e6e58bd6b1f4181
hk4e/reliquary/attributes/33433.json,5b31768202dd6d853cca722b53266f5b
hk4e/reliquary/attributes/33442.json,5243b69be3f996699c1fa175786f4bc8
hk4e/reliquary/attributes/33443.json,4ede9d0c99efd4b3ee45ceca2a35a1b1
hk4e/reliquary/attributes/33452.json,d9296ef960a9df44eff057ffe7f805a7
hk4e/reliquary/attributes/33453.json,6bcf1433f858f6a6ec2db198c01f7345
hk4e/reliquary/attributes/33513.json,3cb4d50495143ac54352fe46a0a873c5
hk4e/reliquary/attributes/33514.json,f3ad97b83675eccc62c1e604e8c0c099
hk4e/reliquary/attributes/33523.json,3890727b91e63f7fa9c01b60a6981d8f
hk4e/reliquary/attributes/33524.json,31c0fda2ec5085030941bff3deabcfaf
hk4e/reliquary/attributes/33533.json,02f7fbba39e2951ec6e93317772e490a
hk4e/reliquary/attributes/33534.json,700a4f0293ceedb349f3f97b05781bc2
hk4e/reliquary/attributes/33543.json,0161b42f265483c3a1ef98dd3de32555
hk4e/reliquary/attributes/33544.json,897e200b0000eb1a59213e3bf89615e2
hk4e/reliquary/attributes/33553.json,9e37cc66b43f133b412a5568c4f5eb8f
hk4e/reliquary/attributes/33554.json,576a3629e6c4f1545bac1db2c2402a9b
hk4e/reliquary/attributes/34412.json,6e4ba30a546de848e7f2f3974a281d8b
hk4e/reliquary/attributes/34413.json,e68dff548a5e2a9414f4ace23ff0640c
hk4e/reliquary/attributes/34422.json,a4781078dd4f59402b687dc0db2035cb
hk4e/reliquary/attributes/34423.json,009408944eec3d50fc78ffa5634fcaee
hk4e/reliquary/attributes/34432.json,3247979474e2b05a1432b73b08263d59
hk4e/reliquary/attributes/34433.json,5236b936e74f4581a56f3cce4cdb4ed7
hk4e/reliquary/attributes/34442.json,8368081d6952c997237c744e2cb197a9
hk4e/reliquary/attributes/34443.json,15f03e072b9ff651039e5620d05ea2fc
hk4e/reliquary/attributes/34452.json,f94f0dbc0cea17f4048f59963758a4ab
hk4e/reliquary/attributes/34453.json,c8aceca8c0f4dc7bd18be7c689263574
hk4e/reliquary/attributes/34513.json,bbed0671b20ca9934802a5ed9244bfb0
hk4e/reliquary/attributes/34514.json,22346483afc46188ad00954dcdfb94b1
hk4e/reliquary/attributes/34523.json,2e3c5c0b1469c0057529dd127153da5b
hk4e/reliquary/attributes/34524.json,64ee3eab495dddf97cb586dae1980ceb
hk4e/reliquary/attributes/34533.json,b3c5bb675821cd7a32af53321a7aec9b
hk4e/reliquary/attributes/34534.json,c305090cdcbf3757573266e628fda1cd
hk4e/reliquary/attributes/34543.json,7526a10c430d4fa005129c5c4591d48d
hk4e/reliquary/attributes/34544.json,988abe062a477ab51fc3d3a48c0a29e6
hk4e/reliquary/attributes/34553.json,6613028e7dcc7f69ebcfa25adc940731
hk4e/reliquary/attributes/34554.json,f714f31f8e20c1314356b4ccc77efe2e
hk4e/reliquary/attributes/35412.json,67192eed4c9d4945c946c5bbfc51246f
hk4e/reliquary/attributes/35413.json,0f5d740cb6b290649841290aff5ccac6
hk4e/reliquary/attributes/35422.json,0260e59955b96f4654a695dd4599de8d
hk4e/reliquary/attributes/35423.json,d02a290c30f5b7deaef5ac2604287ea3
hk4e/reliquary/attributes/35432.json,2d8ebe1a2368f93917f08ddce0ef49f0
hk4e/reliquary/attributes/35433.json,5dff55b850512164467bbac727335444
hk4e/reliquary/attributes/35442.json,c578f132ca2252ad7de82fcdb4a5968d
hk4e/reliquary/attributes/35443.json,f069c67ce5550b012e15d1393a52d7b8
hk4e/reliquary/attributes/35452.json,a826209dbcc705393704fa699ce6d300
hk4e/reliquary/attributes/35453.json,2637783abcac2dffb07ac7b505a962dd
hk4e/reliquary/attributes/35513.json,0d66610a9e09aa2eb2b565415dafa1c6
hk4e/reliquary/attributes/35514.json,5bf485efd30d92e4c1572aa1c7b9f44b
hk4e/reliquary/attributes/35523.json,2fb908c8ed60f9f11f78958be94abe44
hk4e/reliquary/attributes/35524.json,2199938b61c0df7bdd534648452d18fc
hk4e/reliquary/attributes/35533.json,8ff12b8275e4071796ae90912f57bc98
hk4e/reliquary/attributes/35534.json,0e435b362bb5e11b55b19d633788aec9
hk4e/reliquary/attributes/35543.json,3281a7fe78491d7890013c00241eb770
hk4e/reliquary/attributes/35544.json,69f183afea481aefcc40f3c90ae0f120
hk4e/reliquary/attributes/35553.json,0950c4b4a5c0d6386ecefb030e695aa6
hk4e/reliquary/attributes/35554.json,2037630e2a24b2fff6ba004ba25a1bbf
hk4e/reliquary/attributes/36412.json,d46e27c7098471a9757185654bcb2926
hk4e/reliquary/attributes/36413.json,641acb50374cb35c976ed923bb419a9a
hk4e/reliquary/attributes/36422.json,5a214b6a4b6a330a5a7c5a26d893783e
hk4e/reliquary/attributes/36423.json,ad848b73cdda67f4234b2b5d7107a2e2
hk4e/reliquary/attributes/36432.json,e48a9054ebba9a169c4635c4ea4a2258
hk4e/reliquary/attributes/36433.json,5976530c1f7568a5f8d995ad4d302dcb
hk4e/reliquary/attributes/36442.json,f8a3fbb3650d226a4f7c5c606e963868
hk4e/reliquary/attributes/36443.json,675ccb378f3b740dc4f72a6dcf3aa5a3
hk4e/reliquary/attributes/36452.json,693fd61ad4403628b54126c6302b6166
hk4e/reliquary/attributes/36453.json,9b8e3844f7e739739b523492d8614f7f
hk4e/reliquary/attributes/36513.json,b724ccfe92debeca75b12174146ffcbc
hk4e/reliquary/attributes/36514.json,32480d0cba8d373a67eee95802b3ef8a
hk4e/reliquary/attributes/36523.json,addb74627c29ab108f5b17f65bd657b6
hk4e/reliquary/attributes/36524.json,dd111db988fd6ad7cca83449d9b00ae2
hk4e/reliquary/attributes/36533.json,ffdfdab6b7fe82f54b557e1f7c1a428c
hk4e/reliquary/attributes/36534.json,44fa140daf22cdc767fee3827ed394b6
hk4e/reliquary/attributes/36543.json,cb88c03cb6abba6419870b8647a11e6e
hk4e/reliquary/attributes/36544.json,2d7e8569d9c323aa80d25a3563b7c55b
hk4e/reliquary/attributes/36553.json,e337a5d627646cc4df7730a7dfee253f
hk4e/reliquary/attributes/36554.json,3fbe8d9a74c4d183a973a12d055e3c19
hk4e/reliquary/attributes/37412.json,2d24e81aa7fa214ba209f622135b3d78
hk4e/reliquary/attributes/37413.json,f13ed652d25790fc9dd26d91075d87f5
hk4e/reliquary/attributes/37422.json,69f197be70bc625e35af91a72a7ab384
hk4e/reliquary/attributes/37423.json,53987ea93cbc4632409c73734b8de264
hk4e/reliquary/attributes/37432.json,5c73a7abf9aee5b83ebc0a271a791bd7
hk4e/reliquary/attributes/37433.json,473fa9b055ed610ab426800d2172936a
hk4e/reliquary/attributes/37442.json,a4d936d680eda3291be661923507cf6b
hk4e/reliquary/attributes/37443.json,5301eeead20814e07fb9fe7ea16251a3
hk4e/reliquary/attributes/37452.json,61e65f6fa609a80510fb049217576c07
hk4e/reliquary/attributes/37453.json,70ab146f1b477dc8e205bacc285f1225
hk4e/reliquary/attributes/37513.json,8060c64e89ff4362da7b32b396e8e45d
hk4e/reliquary/attributes/37514.json,502b18cdc495cde1053283678d8e889f
hk4e/reliquary/attributes/37523.json,31b61749864fda570f09a3c508f7833c
hk4e/reliquary/attributes/37524.json,a7663a547fac1997e9e8b5f3edc6035b
hk4e/reliquary/attributes/37533.json,f7dda79a2cc9078b125b8e22a7a7aa75
hk4e/reliquary/attributes/37534.json,19b66a412abbcd17da76d76548c353bb
hk4e/reliquary/attributes/37543.json,beab19c5bc8af185e8e71060ba9d18e7
hk4e/reliquary/attributes/37544.json,f8fcc5f16d20988f270949203ab1b7de
hk4e/reliquary/attributes/37553.json,89953cf4b21a756c819de34f8c67843e
hk4e/reliquary/attributes/37554.json,5c43310cf6477688778a75eaccb54fa2
hk4e/reliquary/attributes/38412.json,a60bc2c88024a6c4c43a444260508b49
hk4e/reliquary/attributes/38413.json,e13cbd7be56830e249080c52b4a30534
hk4e/reliquary/attributes/38422.json,ad9ea43c539b7f1730c9df5e15c1fb30
hk4e/reliquary/attributes/38423.json,0aab28b42f29a2af6f739c45034433c0
hk4e/reliquary/attributes/38432.json,0782d7ad0bbed07232d481bd2dca6ebd
hk4e/reliquary/attributes/38433.json,00e23706b1a2ba6928a4a7b6b82008f1
hk4e/reliquary/attributes/38442.json,956d8d63742087bcdeb69cbf4b8865f0
hk4e/reliquary/attributes/38443.json,31ee5f050b7e47717ef44951abc0ec9a
hk4e/reliquary/attributes/38452.json,61b35babcae4bf0e0dab120fd03c2f7e
hk4e/reliquary/attributes/38453.json,c0b66aba6699ae8fd250e119b8a34f03
hk4e/reliquary/attributes/38513.json,9f6f7691fd6f385631eac4986c17c218
hk4e/reliquary/attributes/38514.json,6f376bf32235bf1b93b41fb474023abb
hk4e/reliquary/attributes/38523.json,6ade77836973aa1ba47784c586aaeabc
hk4e/reliquary/attributes/38524.json,55aae289da25b002ab5267bacf11a065
hk4e/reliquary/attributes/38533.json,220ccf4bcc0913ac3f23aad9da65ebf8
hk4e/reliquary/attributes/38534.json,f6fd6dab0e5cdb1395a8d107d0e77ab6
hk4e/reliquary/attributes/38543.json,220346666c5de0aa29a77721a4e7200f
hk4e/reliquary/attributes/38544.json,9133945bf7e8aa464c40c98b4e7d9da6
hk4e/reliquary/attributes/38553.json,f3f71060eae40451a4bec0000b106a04
hk4e/reliquary/attributes/38554.json,d30a84a7d4415c5df124242d5d26c619
hk4e/reliquary/attributes/39412.json,4cabdb9ebcd7bcca9d8dc35d83bda5c9
hk4e/reliquary/attributes/39413.json,fab705a522bb5a316d827e32234aedf9
hk4e/reliquary/attributes/39422.json,a1e2ea30cbb2c5e45225e28ea6781c1a
hk4e/reliquary/attributes/39423.json,3aa907fb34581b1c7339bd9a16be7458
hk4e/reliquary/attributes/39432.json,471bfaab0da59a085c125e9b4c78b774
hk4e/reliquary/attributes/39433.json,a7f350d758b3012a0ba9a37598f2221f
hk4e/reliquary/attributes/39442.json,0fae06280abfc0e0b5685692f041c9e8
hk4e/reliquary/attributes/39443.json,e30f636f67c83571cc4ee4b2a20982c4
hk4e/reliquary/attributes/39452.json,6c632ba9065e7ac643ec1f14398f7610
hk4e/reliquary/attributes/39453.json,981a801b394b027e0bc044c80299f901
hk4e/reliquary/attributes/39513.json,20e8ec83918e5bb44d4d05191dca9229
hk4e/reliquary/attributes/39514.json,2b507258c56e964853cf85ab2163f99e
hk4e/reliquary/attributes/39523.json,5e8389cffa75f114306ee87c0e33660f
hk4e/reliquary/attributes/39524.json,5db22b46aa3f3dbfcecc63b5e65a1f59
hk4e/reliquary/attributes/39533.json,66b7f25a009ea6a7537a704df8dd7d68
hk4e/reliquary/attributes/39534.json,e2c85f089cba2814e2f1b21db2dbc061
hk4e/reliquary/attributes/39543.json,47ef0bc8d11995549a5ba31ef1a61463
hk4e/reliquary/attributes/39544.json,5b7e66c21f6742b7208866892ee8bb7d
hk4e/reliquary/attributes/39553.json,9d7f2b88856e2576c599bc5d9b92fba6
hk4e/reliquary/attributes/39554.json,4adaed1c167662e10d33ac8ae0d1ba58
hk4e/reliquary/attributes/40412.json,08d0ed4bb6e9104fcbdaa9d8ff944597
hk4e/reliquary/attributes/40413.json,1ef8450ea1a09098aecd6bba82409eeb
hk4e/reliquary/attributes/40422.json,24d5622feca9e46e6d347655f9354025
hk4e/reliquary/attributes/40423.json,3f0c1578884b6ebb86e59924d7b387c6
hk4e/reliquary/attributes/40432.json,313a7975a3b65a4b1eee8f66a803c007
hk4e/reliquary/attributes/40433.json,1a9236a2006a615f8da4017b864dad8d
hk4e/reliquary/attributes/40442.json,9b51f2631f9f9c940eda85a94d07bec2
hk4e/reliquary/attributes/40443.json,de7e50fc10d8f534affdc0453d41bf52
hk4e/reliquary/attributes/40452.json,8467e723569b3272bdb12b615350a2a2
hk4e/reliquary/attributes/40453.json,a6b487946236e7af390f1923e4769e28
hk4e/reliquary/attributes/40513.json,85227e0cecf4fec99caf66386bc63944
hk4e/reliquary/attributes/40514.json,7495ca328ede08148de60971a91fb3ea
hk4e/reliquary/attributes/40523.json,a18f6c950ff404ddeca82fddb90ff480
hk4e/reliquary/attributes/40524.json,0cb9a70c63d7de0a46497f302a91dd9d
hk4e/reliquary/attributes/40533.json,9c59487d8e93c1fa7992cfd85d31a546
hk4e/reliquary/attributes/40534.json,29816820a49ddea205440dbf25b8930d
hk4e/reliquary/attributes/40543.json,944aad348a6a63ee07192180553583c2
hk4e/reliquary/attributes/40544.json,1f2485cd9a3100c56f83da0b57b878a2
hk4e/reliquary/attributes/40553.json,d18da09722047aaf9c45037379a4bd81
hk4e/reliquary/attributes/40554.json,8bd5d8a7a1d485a51b6cf405312434bc
hk4e/reliquary/attributes/41412.json,53733b4f0fd5bf116a3088d5a84c511a
hk4e/reliquary/attributes/41413.json,d79e57f3540772218d44a434864dd86f
hk4e/reliquary/attributes/41422.json,ee582cbe209e53f94c68c4dfbdd71036
hk4e/reliquary/attributes/41423.json,5333668024b6b4633bf466a43502a11e
hk4e/reliquary/attributes/41432.json,6e7aaf33e46266d5650f27532da7632d
hk4e/reliquary/attributes/41433.json,12493171655d62a3c3c865c33ccbd67f
hk4e/reliquary/attributes/41442.json,4668a0c3ad990acef51e0ab1855bdbcd
hk4e/reliquary/attributes/41443.json,475e2eee0a78d1c875e1985b92a6089a
hk4e/reliquary/attributes/41452.json,5c3cfa61684d4a746ea9c7ee33f326be
hk4e/reliquary/attributes/41453.json,0149ba227bd94caa21e8aa7e11ad1e0e
hk4e/reliquary/attributes/41513.json,213b3c8c9938786100610949497b09f1
hk4e/reliquary/attributes/41514.json,262e50b0ad3b5cbc85a66904376e56d0
hk4e/reliquary/attributes/41523.json,06efecf9956d825ad3a38fe7a400df5e
hk4e/reliquary/attributes/41524.json,ac26d771b042a4a71c140438ff25d6b2
hk4e/reliquary/attributes/41533.json,42dc0305bf5e0008022743ae2df95cbc
hk4e/reliquary/attributes/41534.json,f079cda85fe26fa620893d4d7a507841
hk4e/reliquary/attributes/41543.json,de12be460246a2923e0d3c3ddb41b5b6
hk4e/reliquary/attributes/41544.json,88128a2027cac1c96d16bdfe6b42e4c3
hk4e/reliquary/attributes/41553.json,13a0dd2d4c4b81248e68e29cd4425ead
hk4e/reliquary/attributes/41554.json,f7a92df9abc37c3d5e9b8c677180c47a
hk4e/reliquary/attributes/42412.json,19574e10bfd4ce2036d890b2a2777584
hk4e/reliquary/attributes/42413.json,fbb00bd90c2a493635e5df773cd08164
hk4e/reliquary/attributes/42422.json,7a1e3093e2aef4a9632e75c01d189ae2
hk4e/reliquary/attributes/42423.json,4d1244eba4893bd9529702f9b8cecd16
hk4e/reliquary/attributes/42432.json,ea1b46b194d766f983e4ada2213609c9
hk4e/reliquary/attributes/42433.json,803297f2e45c30872e255e24cdd92b47
hk4e/reliquary/attributes/42442.json,d7fc6edeba691c91ad70c86a75f8a523
hk4e/reliquary/attributes/42443.json,58ea77188e48b95c1c6042b3779b7ee4
hk4e/reliquary/attributes/42452.json,d6eb1cf0ec17f779d43814addc12f66a
hk4e/reliquary/attributes/42453.json,cae4d086b373e3dbe5ab89318caca824
hk4e/reliquary/attributes/42513.json,a111df72f80c1d5db6ccd5230b8a8194
hk4e/reliquary/attributes/42514.json,d34442dbf206db36c24f503870bf5870
hk4e/reliquary/attributes/42523.json,4cfd35d442d3166cf6b0df770b9278fe
hk4e/reliquary/attributes/42524.json,4b69bbb76d2fb828993920d1a14ad237
hk4e/reliquary/attributes/42533.json,39883e1e4f64b9693ac9b27eabf9362b
hk4e/reliquary/attributes/42534.json,2c74f8a815d8b73068b44d7ab01f0dfb
hk4e/reliquary/attributes/42543.json,5362d6062d53f0f2eb62e1a3aef9526e
hk4e/reliquary/attributes/42544.json,c2abdbe3dec4406c0eb01ffa4913cf54
hk4e/reliquary/attributes/42553.json,c15fe53b53eb28de5f0c79f0c45b7a5c
hk4e/reliquary/attributes/42554.json,6ce7cfce13e9755ecb3e05efbe947312
hk4e/reliquary/attributes/43412.json,028d144d7a158dd6330d0ec1929937f5
hk4e/reliquary/attributes/43413.json,2839fe052ec3070b7d0a5411da801bdd
hk4e/reliquary/attributes/43422.json,6a6ad6ceedd593a4cbcdc761564ece56
hk4e/reliquary/attributes/43423.json,ca0f367da820ae77cd70a4cc1f15047a
hk4e/reliquary/attributes/43432.json,6a02430f73a8b07966c32f0c7cc041c5
hk4e/reliquary/attributes/43433.json,9643d1b0eb7b98626f3984af09ffec16
hk4e/reliquary/attributes/43442.json,07728f8765971f9a8c7ab6118a9843e8
hk4e/reliquary/attributes/43443.json,e24e268ec82479aa4aea7f55a5be1ff7
hk4e/reliquary/attributes/43452.json,3734c0157340c15379155e036ee4cc68
hk4e/reliquary/attributes/43453.json,9d9111e543c0f38b2d6a2ae2d1f89bc1
hk4e/reliquary/attributes/43513.json,b1c3ba8b30a393e84a2bd2198afb7062
hk4e/reliquary/attributes/43514.json,19d673fe30c4b9cb3c4bc31cee2cd148
hk4e/reliquary/attributes/43523.json,af136e1f9d1ec7d93809ea5600a9813a
hk4e/reliquary/attributes/43524.json,33e6a9eb7418403ae2d99ea3bd656e84
hk4e/reliquary/attributes/43533.json,60ccc8335371efed60bd16d0467eec0b
hk4e/reliquary/attributes/43534.json,a2b53750fdcc8a94a2c2b8c38fb40912
hk4e/reliquary/attributes/43543.json,5980dee0d580c88449f57d84f01cd307
hk4e/reliquary/attributes/43544.json,d3a5d67962a49c108f5b5540ae81ae55
hk4e/reliquary/attributes/43553.json,2f59867739a91e7346f9cad45d7359a9
hk4e/reliquary/attributes/43554.json,f3e735479769c5e1c6510e6179f285f1
hk4e/reliquary/attributes/44412.json,d7862d88133d2ef3ab77051539bbdfe7
hk4e/reliquary/attributes/44413.json,e5c8c33c4c601a966cc6b989f3ede259
hk4e/reliquary/attributes/44422.json,b4de7289826a2b4fc92976d6547fd394
hk4e/reliquary/attributes/44423.json,f3b055ab3e8d0cfb96120b91c324fbed
hk4e/reliquary/attributes/44432.json,f80e999afe32cf6abc7992426e9de40c
hk4e/reliquary/attributes/44433.json,11711cf4337141fb0092e5a929825350
hk4e/reliquary/attributes/44442.json,4c1444afb121ffc1f0e16418667e243e
hk4e/reliquary/attributes/44443.json,f25d50fd0a1cfa0c163f963180f549a1
hk4e/reliquary/attributes/44452.json,d778310f12ef1647460b4b1f392863b7
hk4e/reliquary/attributes/44453.json,a2b0dba9441e41501933ef8298c8a7d3
hk4e/reliquary/attributes/44513.json,2c07683736791511cc6587fe7ed35711
hk4e/reliquary/attributes/44514.json,a5269fc935dd8b6928e8bf21941bb225
hk4e/reliquary/attributes/44523.json,63434befac5f6abf5c048a802f67db3b
hk4e/reliquary/attributes/44524.json,4064868e45587cd37db7149794414d9f
hk4e/reliquary/attributes/44533.json,aba4676fe9d7717f437666c8a12ccb42
hk4e/reliquary/attributes/44534.json,fd44082f8fd714808c1f3bdd8ba89e85
hk4e/reliquary/attributes/44543.json,d910f12bb2b0453f4cbaedaef79b55fa
hk4e/reliquary/attributes/44544.json,661fa885edc749eb8e957b36c4f7f143
hk4e/reliquary/attributes/44553.json,1f430b4e8e2a57587d91b810989381a1
hk4e/reliquary/attributes/44554.json,9ccf8b2608cb22319bc0e116060208f9
hk4e/reliquary/attributes/45412.json,95e07a0b2e7ad2a34a859034650df214
hk4e/reliquary/attributes/45413.json,fa16e4538fb24a2f597a7e4e04a81bf8
hk4e/reliquary/attributes/45422.json,350ef265be7ec4e41a42348ff6e5c041
hk4e/reliquary/attributes/45423.json,095e6b9391d75fbcfcb66ec95cf2a22e
hk4e/reliquary/attributes/45432.json,c0dfc09368ec081b84d40511401f2349
hk4e/reliquary/attributes/45433.json,4be1c3f7e640764f2112554371943984
hk4e/reliquary/attributes/45442.json,a5eeb57da43b49d0b81db4962fcbdb90
hk4e/reliquary/attributes/45443.json,39d721e6869db0c76874cf9096993222
hk4e/reliquary/attributes/45452.json,ce903e03c28044df5abefcf2b0ca321d
hk4e/reliquary/attributes/45453.json,3ae48ed0a33532496a927217905feee9
hk4e/reliquary/attributes/45513.json,424037cfba901daf801ff05863d07c7c
hk4e/reliquary/attributes/45514.json,184139e9316a85038256a2a04a96df1f
hk4e/reliquary/attributes/45523.json,18d2508b36779b580435c8b87fa34584
hk4e/reliquary/attributes/45524.json,fae73c5936a186dc6a8b7672a1dc634d
hk4e/reliquary/attributes/45533.json,055afe3610b5bf5d92e0c93829579468
hk4e/reliquary/attributes/45534.json,b6104dc67114ebbbdc646677952314db
hk4e/reliquary/attributes/45543.json,cf7d8f19645b7cd366879043f41b67c8
hk4e/reliquary/attributes/45544.json,75b9060685036788d5ef7a111e7e8796
hk4e/reliquary/attributes/45553.json,6243a3d6d80be94f0d460d4b6a574112
hk4e/reliquary/attributes/45554.json,50535f1768430fcf9c7f72618ce8c03b
hk4e/reliquary/attributes/46412.json,1d85f9dcedfd7751ff0d46a1b2bdba25
hk4e/reliquary/attributes/46413.json,85ad15f9ee38e2ec6a0a60b4cd431817
hk4e/reliquary/attributes/46422.json,3ac671e218e8f39652458a0c25cd10f8
hk4e/reliquary/attributes/46423.json,112d2c54f42430e503c00312ab5c978a
hk4e/reliquary/attributes/46432.json,db9a7a7d1c33e0690fcbbbf16d11f683
hk4e/reliquary/attributes/46433.json,8d2e1aab99a65a5133038d869a9c1076
hk4e/reliquary/attributes/46442.json,e5a8d75e63b130ba6d7a2b2aae67b2f6
hk4e/reliquary/attributes/46443.json,8c16cbb9de0a8ed8fcf0947e1e51e19d
hk4e/reliquary/attributes/46452.json,3829fee70ab83f3634128b1fb3f77947
hk4e/reliquary/attributes/46453.json,eff91669b4f4970f434396c9ef693e1a
hk4e/reliquary/attributes/46513.json,a66acb00c7c4b0665281d824be465fdc
hk4e/reliquary/attributes/46514.json,e9c0367dd5b64a003c47b4c9933bb385
hk4e/reliquary/attributes/46523.json,5dd3fc9256c46fea1e17c614c4811398
hk4e/reliquary/attributes/46524.json,6f53f2f47ed84d82afe185f5eff641ee
hk4e/reliquary/attributes/46533.json,eb8fd9771405bc88b2195885c84d01e3
hk4e/reliquary/attributes/46534.json,4b18a4d15358602ba63a38ee8c466c8a
hk4e/reliquary/attributes/46543.json,9ac1da9d8b8dcbb94b2a82f57e87b602
hk4e/reliquary/attributes/46544.json,0df87ae19017cf473e8b8149c38d7e71
hk4e/reliquary/attributes/46553.json,1242397b742dbed57b5eb611d5ecd847
hk4e/reliquary/attributes/46554.json,25a1bc36b0b89de87e8817fcac497658
hk4e/reliquary/attributes/51110.json,aa15a36dc58b6c8485513b94e58a6a71
hk4e/reliquary/attributes/51111.json,bf4d37b429ef51c008c79cb082f0807a
hk4e/reliquary/attributes/51112.json,de28bbc83ff821b6ecd6408828ee090f
hk4e/reliquary/attributes/51113.json,a7c8df2846d21e454c4b3c63d2fb5b43
hk4e/reliquary/attributes/51114.json,4febbe15d51341c9a868e23a0a32aed9
hk4e/reliquary/attributes/51120.json,1e67f2241385af9b3401f2058e1b4644
hk4e/reliquary/attributes/51121.json,8fe73b0f578be2506a2ef4579ad76cb7
hk4e/reliquary/attributes/51122.json,7266661dcac7229f7ab46eac15632121
hk4e/reliquary/attributes/51123.json,b7639a3c97de6b17638514137cc81acc
hk4e/reliquary/attributes/51124.json,a1936a8ebc95056d15f05fda398a41a7
hk4e/reliquary/attributes/51130.json,ea4bb15299d66373c5b3a21744a357f0
hk4e/reliquary/attributes/51131.json,17c59377863df85e20a4b88ff5ec9ed5
hk4e/reliquary/attributes/51132.json,2de2dc58c02605883824f5a91b03a2cc
hk4e/reliquary/attributes/51133.json,d4666ab4607b3788cc0c0ae106be9bda
hk4e/reliquary/attributes/51134.json,3ae91508ab1102b73745b0430f860ec7
hk4e/reliquary/attributes/51140.json,c21637c8c8ce827072ca4e7a2a0f89bb
hk4e/reliquary/attributes/51141.json,9420eff57c629180524291991caa5cb1
hk4e/reliquary/attributes/51142.json,1fafa33321331aa86a96bcc2e472f5c1
hk4e/reliquary/attributes/51143.json,f9576da4058bc0ec5952caae04271d91
hk4e/reliquary/attributes/51144.json,4e46177d74c7f91d3e4051102db59e94
hk4e/reliquary/attributes/51150.json,24030ee639ffec26037df98ec844e451
hk4e/reliquary/attributes/51151.json,29c8d23c9f9b01a4c739170ee81dfd92
hk4e/reliquary/attributes/51152.json,2a13c3e7124ae49a7d924adc79c42c1f
hk4e/reliquary/attributes/51153.json,dd9a45b92878f52e24a9a3a16cc8c870
hk4e/reliquary/attributes/51154.json,ef1a579c0c2670d3756a723f0d1e5fc5
hk4e/reliquary/attributes/51210.json,8d27d2177ffe129c68006e9845090dd9
hk4e/reliquary/attributes/51211.json,0211af7754c12ff1503952c25c8ee095
hk4e/reliquary/attributes/51212.json,ae57e78d9df7edcd87b5cdd9c32505e8
hk4e/reliquary/attributes/51213.json,083525f603c41a91ac987adb088368a2
hk4e/reliquary/attributes/51214.json,b54c420b919826a42c5aa653bf8df11e
hk4e/reliquary/attributes/51220.json,323022e343d2abdadf3459cb815f8f69
hk4e/reliquary/attributes/51221.json,4fd88a4dabc855dd34b322295f6f8acf
hk4e/reliquary/attributes/51222.json,79a94115a28149f59022705331fcbbd3
hk4e/reliquary/attributes/51223.json,6766e1abbd206acaba5097d217fc1dbb
hk4e/reliquary/attributes/51224.json,0e4dc0e24f5b4a80d32cd33f64ecafc9
hk4e/reliquary/attributes/51230.json,550b40a4b9105d9b10bd25ccf928631b
hk4e/reliquary/attributes/51231.json,1ae6b6a905ac0f514cd6c77d61f55ffe
hk4e/reliquary/attributes/51232.json,9f0523a512a6b68cc7e3db323d228f8a
hk4e/reliquary/attributes/51233.json,85a19fc52be7b646a9c963895d5ef4c7
hk4e/reliquary/attributes/51234.json,a83ae5e16374943f35be0787c01037dd
hk4e/reliquary/attributes/51240.json,224ae155e8be650a5f8f65693d5a19b9
hk4e/reliquary/attributes/51241.json,496342d368bc094ba995faaf2938e10c
hk4e/reliquary/attributes/51242.json,f2c4c52028e0da50a7edffb53a17bdd1
hk4e/reliquary/attributes/51243.json,c8a96eebfffa92ce0a953f33508105b4
hk4e/reliquary/attributes/51244.json,75ac1536c6b90edc257ec3aaa2483bef
hk4e/reliquary/attributes/51250.json,c7557618996f6c1ebcd68cea255226e9
hk4e/reliquary/attributes/51251.json,c4fabb8009192c840de79b1a7e0b6dc0
hk4e/reliquary/attributes/51252.json,50830c0304177ab01165ab595ec76bda
hk4e/reliquary/attributes/51253.json,d62dc7c0f18826314abe01948fe44ef7
hk4e/reliquary/attributes/51254.json,a85476883ada2b825867bde60eab1bf5
hk4e/reliquary/attributes/51310.json,0164eef5e2ef47e55ec8e9e7114677af
hk4e/reliquary/attributes/51311.json,71c8b35ae139c5ca8381e1f886a7da39
hk4e/reliquary/attributes/51312.json,393141455a1289b958f8a9d617ea8510
hk4e/reliquary/attributes/51313.json,65625af9a16763cdf3802c387177a09f
hk4e/reliquary/attributes/51314.json,947543fd92d484b883bffca4eff0e2f4
hk4e/reliquary/attributes/51320.json,a0ddab814d3b5b691179c4c9ed72947b
hk4e/reliquary/attributes/51321.json,f1329edf416c17e69f89117e161dc4ea
hk4e/reliquary/attributes/51322.json,731fe39f934543a1cfa789c0c12ce1c9
hk4e/reliquary/attributes/51323.json,f5fbe6ed0cf8389da3667160951f03db
hk4e/reliquary/attributes/51324.json,3a618e232fa13df1a23c91f8002d8916
hk4e/reliquary/attributes/51330.json,a0cf4103e37b42e0683b0d4ed4806082
hk4e/reliquary/attributes/51331.json,a2d6ade37a5e069584a959596a1794aa
hk4e/reliquary/attributes/51332.json,c01934ad7d42841e6353942c9b47e58b
hk4e/reliquary/attributes/51333.json,7cf57bfe90c948e031c553c10ce0907c
hk4e/reliquary/attributes/51334.json,b4031b4694e4ab19b71d58bcd320663f
hk4e/reliquary/attributes/51340.json,619b276ed956e7fc7285c06609a4d5a4
hk4e/reliquary/attributes/51341.json,9b467514425bb7e8a88ea04f6dce5470
hk4e/reliquary/attributes/51342.json,05663df9c426ee01a1a44a6653e0597d
hk4e/reliquary/attributes/51343.json,e6be6bebf4dd23ed9a5771f58fc799b7
hk4e/reliquary/attributes/51344.json,ef30903abbadf14ddf383d3517e108ec
hk4e/reliquary/attributes/51350.json,c7a43bb40fdb59c2be35df987dbb6d33
hk4e/reliquary/attributes/51351.json,11a2e633dd0c5e17886f4d65d85cfa5a
hk4e/reliquary/attributes/51352.json,4d2007d6305ad82e916f890eac54b690
hk4e/reliquary/attributes/51353.json,4cb293118926072417552ede664217f2
hk4e/reliquary/attributes/51354.json,64a59bc686e46569eee641fc555d896e
hk4e/reliquary/attributes/51410.json,8a203c798f586dd028560a1e4c82aa00
hk4e/reliquary/attributes/51411.json,0ab23898e01bfcbd7df449250249b962
hk4e/reliquary/attributes/51412.json,f5f23c3631baf9c06f973b6455e10f2b
hk4e/reliquary/attributes/51413.json,ca6d2e1c1ac0767efc86e8b791a816d2
hk4e/reliquary/attributes/51414.json,fdf19c4c3e064277bd455c99b699434c
hk4e/reliquary/attributes/51420.json,d7cd5b00c111840bd1efffe9cf687699
hk4e/reliquary/attributes/51421.json,18b6ff02667a689b02dc0bb27d22c8ed
hk4e/reliquary/attributes/51422.json,b3c9f6089e561f3117021997fec9b93c
hk4e/reliquary/attributes/51423.json,23e378006a20615a84dfe3da2cde4f10
hk4e/reliquary/attributes/51424.json,a5ae1f389b4761ed77d6d3c22222104b
hk4e/reliquary/attributes/51430.json,f5b21914b28e8865c6ec53deec55d383
hk4e/reliquary/attributes/51431.json,951ce803ef119757a1a279e8525e37b9
hk4e/reliquary/attributes/51432.json,3378fd3cf567711f947db474ebe94977
hk4e/reliquary/attributes/51433.json,4560ce5fd298f25040c0720a4d92d3d4
hk4e/reliquary/attributes/51434.json,32fa3512c9275f8b41f5ffda2f975921
hk4e/reliquary/attributes/51440.json,c1b077731831b3de08d801221c8a0d1f
hk4e/reliquary/attributes/51441.json,882c1f6dae4e37b675cbf87098ba1295
hk4e/reliquary/attributes/51442.json,d94ec0ef943a72927f626019dda215f0
hk4e/reliquary/attributes/51443.json,27813947505e335d8833fb4093e9cc3c
hk4e/reliquary/attributes/51444.json,35c79dff37256b29ed831405c5e9e4ac
hk4e/reliquary/attributes/51450.json,fe279d1f5fe3a192b7967f5cb20ffd8b
hk4e/reliquary/attributes/51451.json,020e1e7f483c6cd4c95ee2389508abb4
hk4e/reliquary/attributes/51452.json,af576ce41986679719e6170c98e1904e
hk4e/reliquary/attributes/51453.json,9a8032475484210f5671d774da7b5947
hk4e/reliquary/attributes/51454.json,228db1a02303c59b216b3528aa144923
hk4e/reliquary/attributes/51510.json,4ce92c42ad4903b316dda9a791f3a0c0
hk4e/reliquary/attributes/51511.json,1ade035bef647181b02c3542f7689252
hk4e/reliquary/attributes/51512.json,c709aa4951425c65ff17c2b87605317e
hk4e/reliquary/attributes/51513.json,f3e968d3f59fc9eeb36aa44e1018e848
hk4e/reliquary/attributes/51514.json,0410f2e1e3f28cc6cd6dadab7ce1d1c4
hk4e/reliquary/attributes/51520.json,950f39af5d0efb1b67a183ed15cca6d9
hk4e/reliquary/attributes/51521.json,cab36869f89227102d8cdc1e31ddd507
hk4e/reliquary/attributes/51522.json,0583f91ffd11f3215c13ab510d1257f2
hk4e/reliquary/attributes/51523.json,39847a79173510d194c980cfc9cd98d9
hk4e/reliquary/attributes/51524.json,8b74f27af7a789033ac09c69bf4a3572
hk4e/reliquary/attributes/51530.json,c71dcbabc23605489dac726cf16e2a90
hk4e/reliquary/attributes/51531.json,fb08050e25b71cb0f710c44a2ec19ca3
hk4e/reliquary/attributes/51532.json,b59d54301380cc4b080e93f8a7a6793b
hk4e/reliquary/attributes/51533.json,853dbb9c20c010eec15d1f763c8c854d
hk4e/reliquary/attributes/51534.json,f0b8271e8f43b2dec1c98a010852e631
hk4e/reliquary/attributes/51540.json,618ea1b73876219cd837b3974a968a67
hk4e/reliquary/attributes/51541.json,c68160e88a61e33cd95d6c857a70378a
hk4e/reliquary/attributes/51542.json,1daba78cb829904fc92ca8bb192d2df6
hk4e/reliquary/attributes/51543.json,c0dbbd8c52a0ca7a2c77f1821c608bac
hk4e/reliquary/attributes/51544.json,5761adfafb34baf120ada697844bcfee
hk4e/reliquary/attributes/51550.json,0bdf2bc06dbd4b92453c81d2d587d137
hk4e/reliquary/attributes/51551.json,e1be594d9b3fe24647b71f6c299bdb3d
hk4e/reliquary/attributes/51552.json,6a41b0b3b27806cb206c6cec10fd2928
hk4e/reliquary/attributes/51553.json,f6dda61112643e9a508ce1e502028f36
hk4e/reliquary/attributes/51554.json,066f6e6d627121fadce0ced442b17548
hk4e/reliquary/attributes/52110.json,46f53b5202ed57db8d3e3abf76183126
hk4e/reliquary/attributes/52111.json,7bb07e67e210d2e726a5eedc9eb2c1c1
hk4e/reliquary/attributes/52112.json,d5a0c4d9139b8c84ad25b8424373b238
hk4e/reliquary/attributes/52113.json,b79e2afa4c76a3b20ccc6506cd844ce2
hk4e/reliquary/attributes/52114.json,9291307900f6e85037de4da666d2eaac
hk4e/reliquary/attributes/52120.json,644f929d2c060dd8eef5d64206a88fe1
hk4e/reliquary/attributes/52121.json,81be2763153444f0913cc790446c299f
hk4e/reliquary/attributes/52122.json,27066f5c397cf71a08c50cb55427d8d1
hk4e/reliquary/attributes/52123.json,3b0c9138ba67c1d0f79c49a4c2d0b901
hk4e/reliquary/attributes/52124.json,73bdca4d7a757fc8a407b324698fbcc6
hk4e/reliquary/attributes/52130.json,f2db834af156fe59be512155c3419ba9
hk4e/reliquary/attributes/52131.json,fb9fa99d90895fabc8e1250597b305e5
hk4e/reliquary/attributes/52132.json,f0ead25696c47f80b2f3948ddb1818c1
hk4e/reliquary/attributes/52133.json,d31a50c5c971bdc1771822d910beb416
hk4e/reliquary/attributes/52134.json,80894213e4d81d04c646fc544a1d692f
hk4e/reliquary/attributes/52140.json,6a0d8924cc26111e445dc8132f483758
hk4e/reliquary/attributes/52141.json,1ee38e29ec03dd81ec60186ca8c88df5
hk4e/reliquary/attributes/52142.json,ba610292e4855e0351fb0ed95b72c851
hk4e/reliquary/attributes/52143.json,b2dbb0a4f34f3b28f0187cf9c03e6bca
hk4e/reliquary/attributes/52144.json,293b712fbe8622b20ea71197b1f91a98
hk4e/reliquary/attributes/52150.json,74412c4995fb70b6daaafa86ea575e5d
hk4e/reliquary/attributes/52151.json,8d1ccb9eaa513c6fafb1ac08467ffb49
hk4e/reliquary/attributes/52152.json,180d2ffb619cefe3f30d6ea9dd571a5b
hk4e/reliquary/attributes/52153.json,4dddbc63f83617e6b2716536203a133f
hk4e/reliquary/attributes/52154.json,9d778fce290d932be54110c30ceb44bb
hk4e/reliquary/attributes/52210.json,b059503fc0e91d30fd6ff6054daadce3
hk4e/reliquary/attributes/52211.json,aff744cb12a17f99898d8e8bf68f736f
hk4e/reliquary/attributes/52212.json,364a03b4b8a668c834ccf73a570fd1d9
hk4e/reliquary/attributes/52213.json,a6779aa77bba87f6eeafeec9000db8c6
hk4e/reliquary/attributes/52214.json,f90f6c9c6ddeacb495366c9a4994a27b
hk4e/reliquary/attributes/52220.json,d450fe816af9fcc926194b61e277c68a
hk4e/reliquary/attributes/52221.json,91372c7b1f17d468c66f05874292136d
hk4e/reliquary/attributes/52222.json,5e4cdd58199a33227556a997ab328242
hk4e/reliquary/attributes/52223.json,92f91be66bedf751bb06aec3eb0fb4c7
hk4e/reliquary/attributes/52224.json,7ef8bdeb0f8a5aeb033b01bd5f97f50e
hk4e/reliquary/attributes/52230.json,9b63f5bc38c49d5c256fa3f7f0fbdbe2
hk4e/reliquary/attributes/52231.json,5a952b796ce8f9bd02b40b45ff7f3d4c
hk4e/reliquary/attributes/52232.json,e458cdacf7ef3b208c9caaf1b2abac25
hk4e/reliquary/attributes/52233.json,28cf31776e57f126d73d6621822bee38
hk4e/reliquary/attributes/52234.json,9bcb98178b79ce5a8e4805b8ce2bfec8
hk4e/reliquary/attributes/52240.json,bbdbb6a42da497416f19b22662dea84a
hk4e/reliquary/attributes/52241.json,4cbcbb84fa4716ed3c7cb7c697db73ed
hk4e/reliquary/attributes/52242.json,c451649cfe2b7899505e75f8fe696cc9
hk4e/reliquary/attributes/52243.json,1736f1f1dc4704375325591a9917d281
hk4e/reliquary/attributes/52244.json,9bc8559d8b2102c066fccbe8c54c6612
hk4e/reliquary/attributes/52250.json,1253035b92f609e78239dd3b5b897710
hk4e/reliquary/attributes/52251.json,faaeba349a1ef15193bc497163714bf5
hk4e/reliquary/attributes/52252.json,c5254feb966f2da8f330feb2f27f9fe7
hk4e/reliquary/attributes/52253.json,80ad0897abc2879979201a90fec65508
hk4e/reliquary/attributes/52254.json,b4b07a404e08d28d0e0f3a0a8f610ad6
hk4e/reliquary/attributes/52310.json,d19fdf3d7fa8e6bda75de41b92cdd1ad
hk4e/reliquary/attributes/52311.json,8eb1fc2fe0209cd530021001f13e1b66
hk4e/reliquary/attributes/52312.json,b2337688342ce0ff4d43c794d8589a26
hk4e/reliquary/attributes/52313.json,135d91b2431f223b902cb99eaeca8569
hk4e/reliquary/attributes/52314.json,d64bd7c528c4dc26ada61183b05ddfc4
hk4e/reliquary/attributes/52320.json,f09857ca9894bb44e697ebcf743a4631
hk4e/reliquary/attributes/52321.json,d922bc5eb8a55dc417eae4970547b34c
hk4e/reliquary/attributes/52322.json,b78605f28aa56e128a3e2cd327975dd7
hk4e/reliquary/attributes/52323.json,885350ded4807ee6a701791e8916d68c
hk4e/reliquary/attributes/52324.json,547ffc2d63e0833a1c28ac200e6bf9e6
hk4e/reliquary/attributes/52330.json,90cf7730147b6aab548fb15ce1722802
hk4e/reliquary/attributes/52331.json,094c04f16ab13a775e636651ff27d5cc
hk4e/reliquary/attributes/52332.json,c1d9f816351ccd96f5f6777c6559b4cb
hk4e/reliquary/attributes/52333.json,682825ec2871d9f7fb92548cad3b0d22
hk4e/reliquary/attributes/52334.json,d15e3901d97cb296991b0345a7ff7fcd
hk4e/reliquary/attributes/52340.json,243871d905c08dd80cba369220367206
hk4e/reliquary/attributes/52341.json,ec4c5b2e259c1cc674bdca817ce9acbf
hk4e/reliquary/attributes/52342.json,3737fe3576adaac234327e710e949907
hk4e/reliquary/attributes/52343.json,85bb86ec4e2d7dd4c68ba22259843f44
hk4e/reliquary/attributes/52344.json,00ab8394b382d52f8d46ae8a448612a8
hk4e/reliquary/attributes/52350.json,2a5b9c08465ee0aac3dc7dff0ee22eca
hk4e/reliquary/attributes/52351.json,92d3cd9d66abb29260a5d60fb88fb4b7
hk4e/reliquary/attributes/52352.json,ddca94dec39bd206fcfbf6a949dc7aa5
hk4e/reliquary/attributes/52353.json,c3983a56d683e3095badf9e3e37e383e
hk4e/reliquary/attributes/52354.json,05bf16806f02071620a571465482c7e3
hk4e/reliquary/attributes/52410.json,c88e7c8041d57a6689f2deee4e791fd3
hk4e/reliquary/attributes/52411.json,96e5282f062895814e7c0f666131ae41
hk4e/reliquary/attributes/52412.json,bc01dda86cc063ef6f579b9f588edd7c
hk4e/reliquary/attributes/52413.json,2ac658c7d4179725ad6d41b9ccdd5222
hk4e/reliquary/attributes/52414.json,15f01b5887e4fe60a39a7d7491b335df
hk4e/reliquary/attributes/52420.json,0b5b0baed61f71d745f63bb8be0f38a3
hk4e/reliquary/attributes/52421.json,b87b774c9b93f916b35e76a3a0d8622b
hk4e/reliquary/attributes/52422.json,921473974620f0142d9356d3a13ac15b
hk4e/reliquary/attributes/52423.json,c4651ed18bf29575c12abf031d343988
hk4e/reliquary/attributes/52424.json,45b68ac370f7b647b3b4ecbe4c005c03
hk4e/reliquary/attributes/52430.json,f66ecadf4a719371c6e595964382ad85
hk4e/reliquary/attributes/52431.json,5a5b2fc2abbcfe6ceae46544fab24564
hk4e/reliquary/attributes/52432.json,efff0d47b9538e45386203da61bb7823
hk4e/reliquary/attributes/52433.json,b6aedca002df6d2eb764dc0396b2b739
hk4e/reliquary/attributes/52434.json,b266768c38bec374d79b5eb3ae6d8c08
hk4e/reliquary/attributes/52440.json,e5d3e75d8186f864cc952210f5631818
hk4e/reliquary/attributes/52441.json,42d5b20e893280cb3e2a3c5bb15db1ca
hk4e/reliquary/attributes/52442.json,9339dd681a9b4fce4704b90747959128
hk4e/reliquary/attributes/52443.json,684087e8d1563155f608873311763801
hk4e/reliquary/attributes/52444.json,e82a74651d0cb47257b57e6438112295
hk4e/reliquary/attributes/52450.json,5a95dc9873ac37ff041b4b63360fa97c
hk4e/reliquary/attributes/52451.json,3f51062cabccec4dd8efc92bbc520e8b
hk4e/reliquary/attributes/52452.json,9603f4f54e80a1a5cef26a36a7a4bd3e
hk4e/reliquary/attributes/52453.json,d6923f624917245e230bc884d9fd28db
hk4e/reliquary/attributes/52454.json,5dc435d0ce024e9c118ea26c239627dc
hk4e/reliquary/attributes/52510.json,8528c6f59be1bd2e14159d84dbb015a6
hk4e/reliquary/attributes/52511.json,1ca72ee2faa20c5295be125756c91321
hk4e/reliquary/attributes/52512.json,561bca0bbc4cdb847b08afacf675b592
hk4e/reliquary/attributes/52513.json,f37e2fdc38ab1ec61e0602fcb912831d
hk4e/reliquary/attributes/52514.json,6c3c1d38f9893a8a0c4d5b8cd6e5f2dd
hk4e/reliquary/attributes/52520.json,e8894be92afc89a6222fb619f199dfbe
hk4e/reliquary/attributes/52521.json,4daebd7cbad7a2da1f1845ab5a979253
hk4e/reliquary/attributes/52522.json,8ddc99eb0dcc6433a81c2dc46b67e1c3
hk4e/reliquary/attributes/52523.json,f8cda383deec7284e30219bed0672875
hk4e/reliquary/attributes/52524.json,e1666f07a84a39105d201d89ef660806
hk4e/reliquary/attributes/52530.json,332619937c0a0df5c8985488613475c6
hk4e/reliquary/attributes/52531.json,804d12557c5983aa7f54a6cd51eba4c1
hk4e/reliquary/attributes/52532.json,fd18faa21284f21a529d246c7d9c3548
hk4e/reliquary/attributes/52533.json,218f3fbb38e34aa872dbd93f4d1388f0
hk4e/reliquary/attributes/52534.json,8e3f52e9c62ae27724b32e59a24af589
hk4e/reliquary/attributes/52540.json,c9917e03326a59dd165e3fd14835337d
hk4e/reliquary/attributes/52541.json,57db3d7388978537e4cc0feadf312cbc
hk4e/reliquary/attributes/52542.json,a9001b286d698096ab1c7380b22189bf
hk4e/reliquary/attributes/52543.json,3ae435e1e4c07867e6576acc3b242346
hk4e/reliquary/attributes/52544.json,8102cec347b69569a50b86c534531846
hk4e/reliquary/attributes/52550.json,a040bcae6d519532b299efad1687e511
hk4e/reliquary/attributes/52551.json,3b7c7b118b428a06b1fb7cd26053ed88
hk4e/reliquary/attributes/52552.json,ec7ec6aff5a98c3485f9089f1c2122bf
hk4e/reliquary/attributes/52553.json,6d983e99f94d40125cc2ea200dfb4668
hk4e/reliquary/attributes/52554.json,1fd420e2f88a995cb5239fcddbbcf2ec
hk4e/reliquary/attributes/53110.json,6f1b56de22a9048feec51f0b4c9e5fab
hk4e/reliquary/attributes/53111.json,116134414bf240a3b30c74072faa024e
hk4e/reliquary/attributes/53112.json,334234954947581217cf5cb0899585ab
hk4e/reliquary/attributes/53113.json,6b4dba6ef090f7db1fca3d9d329e5e27
hk4e/reliquary/attributes/53114.json,0d80700c670c999edce60d10a0dc198a
hk4e/reliquary/attributes/53120.json,67a5e2fa1e68bb8278799b56a469f7b5
hk4e/reliquary/attributes/53121.json,d1c704bad7c510157de42475d74c18aa
hk4e/reliquary/attributes/53122.json,f0de1f2c70c46731cf3d8b1aebc97585
hk4e/reliquary/attributes/53123.json,3d3fe85616d6b6ba555c5544f7f915be
hk4e/reliquary/attributes/53124.json,f1abc121a6b590959770ae9f4a82c763
hk4e/reliquary/attributes/53130.json,a658f3c7c07ad75da3c4a311601533c8
hk4e/reliquary/attributes/53131.json,7a98fa28e60eec3513bda01270fa6179
hk4e/reliquary/attributes/53132.json,58a0d42f64d8f79663a3484862246653
hk4e/reliquary/attributes/53133.json,c5d176d369b3cc0f27891d535257d884
hk4e/reliquary/attributes/53134.json,f269698609b76d0e70135fbe42688936
hk4e/reliquary/attributes/53140.json,2e50c1f244f48eac70b32452b92559a6
hk4e/reliquary/attributes/53141.json,8b2c604d1e67817b976d0809dde99096
hk4e/reliquary/attributes/53142.json,6d624fb38a2aa7254fec16dcc6d313f4
hk4e/reliquary/attributes/53143.json,54391577e3953f815b4a1c3dc1d539c2
hk4e/reliquary/attributes/53144.json,f759f4fdd63ea8f89dbf35178abc147c
hk4e/reliquary/attributes/53150.json,c6f9a89e7edd60fb18f9ab6251c0d047
hk4e/reliquary/attributes/53151.json,d9d4accc5435addcf3737cb7c7c11750
hk4e/reliquary/attributes/53152.json,18943a9663f4eb2afcb41bccc62b47ff
hk4e/reliquary/attributes/53153.json,65b9f3da6672c136db60208df4a4aaa7
hk4e/reliquary/attributes/53154.json,a9883c8a9d5b7dbb0617143d3e888654
hk4e/reliquary/attributes/53210.json,fa5192d407e150e33da8e2db7f070124
hk4e/reliquary/attributes/53211.json,8cd21fd29538b95eb81b902b599662a9
hk4e/reliquary/attributes/53212.json,bbc2513ea7ae9b656d290fd4ccb0cbd0
hk4e/reliquary/attributes/53213.json,026a42b85e7436fdcb77677e0156f6e9
hk4e/reliquary/attributes/53214.json,ee7328d5f00bba7f3900acc3bbab9905
hk4e/reliquary/attributes/53220.json,fda7dde56771ab7c758b8e71d265f14f
hk4e/reliquary/attributes/53221.json,eec9472bc24f21725edf484e9820a35e
hk4e/reliquary/attributes/53222.json,f653cce368ba8703c8d9e08ac3da65c2
hk4e/reliquary/attributes/53223.json,625e8e1c9e7bc20b88dee32b7d4901d5
hk4e/reliquary/attributes/53224.json,886b54a753abfd8e3af6834298d94c23
hk4e/reliquary/attributes/53230.json,2108844e0753b29cc7e23c556b36d957
hk4e/reliquary/attributes/53231.json,904963a0b378b34f79d598ec93dbcbb8
hk4e/reliquary/attributes/53232.json,36a2269f15be8a379f1eb2313b58ae24
hk4e/reliquary/attributes/53233.json,59066d66e7b8cdeb28aa2870c5be572f
hk4e/reliquary/attributes/53234.json,029ff47fd824e04e02137c927fd38383
hk4e/reliquary/attributes/53240.json,bf031ad44234b83daca942bd506840f6
hk4e/reliquary/attributes/53241.json,0f18f91123a4f4916e1d7c85631534ed
hk4e/reliquary/attributes/53242.json,e53fb169dd850f89e15295e566d99239
hk4e/reliquary/attributes/53243.json,729a3ca6b523eac1f369cded4ee0233b
hk4e/reliquary/attributes/53244.json,9c524bb97ff7bf64b3f51681ce80d6f0
hk4e/reliquary/attributes/53250.json,df18449a6c42999d10551c69e4e346b6
hk4e/reliquary/attributes/53251.json,6cb66576bb20158b0cb6ba7a0cdf7511
hk4e/reliquary/attributes/53252.json,82d33d124fd5cc013415b6df224fc704
hk4e/reliquary/attributes/53253.json,915ff877e06843e220f51b6e25c4fcf5
hk4e/reliquary/attributes/53254.json,ec081fdd16a90ffadc5753cce9a6353a
hk4e/reliquary/attributes/53310.json,4bf54c42e80dbbdd0bd3f31ea6efb69f
hk4e/reliquary/attributes/53311.json,97bc70e095694d8ee21ca28adca4ba2e
hk4e/reliquary/attributes/53312.json,e349d785467f0b0cf00a1c99930b958e
hk4e/reliquary/attributes/53313.json,81541d21931f9833ca6746b6e80c98cc
hk4e/reliquary/attributes/53314.json,6f90b2402fc09e830aa29bcae9ea55d9
hk4e/reliquary/attributes/53320.json,8b00a65c5399e9ed25a8f3b95b514bee
hk4e/reliquary/attributes/53321.json,7f3521fc3e4fbc569c7a9e3c73c26856
hk4e/reliquary/attributes/53322.json,5807ba37078783aa0d4da76383098846
hk4e/reliquary/attributes/53323.json,d1821f9f4c6f0156e6dfe6abc8741d3b
hk4e/reliquary/attributes/53324.json,ef6523db60d56264da9b06b849785421
hk4e/reliquary/attributes/53330.json,bb94254886cb4f66d728eb8b86f80e54
hk4e/reliquary/attributes/53331.json,4b140034b5db58c7f0e65745f37b48bd
hk4e/reliquary/attributes/53332.json,1bca542fe117700f3b687609760c9eb9
hk4e/reliquary/attributes/53333.json,957f1d95e8dab68683fb16a70f97d11e
hk4e/reliquary/attributes/53334.json,ff64e668d6fe53dd3365d42eaa7410c9
hk4e/reliquary/attributes/53340.json,10a6f788a900c2ecc08d9e6d2aa012e9
hk4e/reliquary/attributes/53341.json,6869b7bedd79a301b898607677383b4a
hk4e/reliquary/attributes/53342.json,efca25c7791cb317c3a6422e7f06b672
hk4e/reliquary/attributes/53343.json,1f5650ac7e1554be18bd83647f7a2f6b
hk4e/reliquary/attributes/53344.json,19a3ac221891faea7799efbf49a459c4
hk4e/reliquary/attributes/53350.json,1974f895dc302a5deccb6ffdc6035671
hk4e/reliquary/attributes/53351.json,bf3fd6134b685abb63e3264e1f9ce1e1
hk4e/reliquary/attributes/53352.json,eff83ced983dd2eab86653523fe20c8f
hk4e/reliquary/attributes/53353.json,5a79ca04cbcf53439ec91e7ce5381f17
hk4e/reliquary/attributes/53354.json,2f95b91f6fab629a7542eee2ff7b2aec
hk4e/reliquary/attributes/53410.json,0976dd8feedce74b0a8f8b3e4580d426
hk4e/reliquary/attributes/53411.json,a3e6d7c90564cd62650f516b1454271c
hk4e/reliquary/attributes/53412.json,c99836c7187eccb9782f441791a1bff1
hk4e/reliquary/attributes/53413.json,24aa8ee67f7888242080be3ca06bd339
hk4e/reliquary/attributes/53414.json,5fdab892d4fb53622bd95958a72bd1f9
hk4e/reliquary/attributes/53420.json,32ff01b991e2fc69089cc5e351d5976e
hk4e/reliquary/attributes/53421.json,d8d31a211d5c6b476e1c382da1893571
hk4e/reliquary/attributes/53422.json,7995558698647590613b4c43cf764390
hk4e/reliquary/attributes/53423.json,49c100b952429a675b7121a5f2a4f332
hk4e/reliquary/attributes/53424.json,d70baa27c29d5d2abf6dbf865976731f
hk4e/reliquary/attributes/53430.json,d4fd58a755b6f54e3632344d8b920fe0
hk4e/reliquary/attributes/53431.json,f45180e4957cf2a677c0848a56ebaa82
hk4e/reliquary/attributes/53432.json,7661fdbf0a2cde4ef3fb68e95cf37af2
hk4e/reliquary/attributes/53433.json,c6d6aa5a68b2cea77d5231d4bf43fca7
hk4e/reliquary/attributes/53434.json,c374941909c422c267f86503ce020974
hk4e/reliquary/attributes/53440.json,8c740adc773df699df3b1fc6f0123266
hk4e/reliquary/attributes/53441.json,9c7193c924969006c9325d6eef876562
hk4e/reliquary/attributes/53442.json,9109b3dcf54a495f738d0db7ef5cfd58
hk4e/reliquary/attributes/53443.json,a6b4473fbd3f95aacb28f72fcba1d50d
hk4e/reliquary/attributes/53444.json,763d212eac1ec448833be02ca73a6592
hk4e/reliquary/attributes/53450.json,a6f862576db9ae6dd24c52675a8c2700
hk4e/reliquary/attributes/53451.json,d2ce98d3e592cbcfcb89f57986c449d0
hk4e/reliquary/attributes/53452.json,3285332e596537fa5f39d3a1251ad912
hk4e/reliquary/attributes/53453.json,084bbb7f2abf4323b48f7394d234e2e5
hk4e/reliquary/attributes/53454.json,2a642e06a0575e9ec15ead351348b668
hk4e/reliquary/attributes/53510.json,49021de576e2a9f28734e4c121a2cade
hk4e/reliquary/attributes/53511.json,4e54703d6d5b54b4bf8cb21f00c7cbf9
hk4e/reliquary/attributes/53512.json,350c107fc5b9f2510aceae3f885e7b50
hk4e/reliquary/attributes/53513.json,6783e6ecff65f73b4c82536fe02acbc2
hk4e/reliquary/attributes/53514.json,be76a49c11118ccdb9410c2928fec002
hk4e/reliquary/attributes/53520.json,e47939411ff8b5cd0ea473056837e0dd
hk4e/reliquary/attributes/53521.json,1de049c9f0ea1c02b5ce5bf26e69dcae
hk4e/reliquary/attributes/53522.json,71011f0ece5be4751bdc4b0363b074f9
hk4e/reliquary/attributes/53523.json,8b085b30f3d129452c06cad225eebdcf
hk4e/reliquary/attributes/53524.json,9c56da9e507c1cf5486f186802732eb6
hk4e/reliquary/attributes/53530.json,93e4d9c1e8ba443a052f678127a958a4
hk4e/reliquary/attributes/53531.json,c9525beed41967421d03c6b251a7ebb0
hk4e/reliquary/attributes/53532.json,02adf94eb4637d05ded081099b804685
hk4e/reliquary/attributes/53533.json,ff814f3b1fb643f41ee93047e5431ba5
hk4e/reliquary/attributes/53534.json,249fda597b49a12f86f913a2fb9f8843
hk4e/reliquary/attributes/53540.json,27a0cd7139519f1b65dcdf49e7bdee9c
hk4e/reliquary/attributes/53541.json,5cfa0be320123682722958e91ab65a9c
hk4e/reliquary/attributes/53542.json,de931abb3e8739c27cee92a81c61a3c0
hk4e/reliquary/attributes/53543.json,d90efb266698f3915beebc19d931a14c
hk4e/reliquary/attributes/53544.json,a71125454e0ff1e0c3833cd36b60b084
hk4e/reliquary/attributes/53550.json,d6cd76340905eecd7b26d5b59adf5f56
hk4e/reliquary/attributes/53551.json,6a8d4c2578db041d070dcfe2bb3bc90c
hk4e/reliquary/attributes/53552.json,6aa365efa69de8ee35150097ac6bc1e8
hk4e/reliquary/attributes/53553.json,70c1cae4c84c14735fd7e08691ef286c
hk4e/reliquary/attributes/53554.json,0112d23a7d1c21c33f9f6c04b88f2d5c
hk4e/reliquary/attributes/54110.json,c294c4e9f32bb97667ec1eb33db1efe6
hk4e/reliquary/attributes/54111.json,fdc0b9c6429bd962f163d930c0cb78bf
hk4e/reliquary/attributes/54112.json,28041a021f184aacaa8bfdd612e4dbc7
hk4e/reliquary/attributes/54113.json,277b722ce7657e24223ff6d1a80aafab
hk4e/reliquary/attributes/54114.json,fc8bb0f8609ee6a55117861f79247b78
hk4e/reliquary/attributes/54120.json,33701e8d4e45bd2bbaadd729b5930103
hk4e/reliquary/attributes/54121.json,16201190f25bc487171d7c1fca9acd76
hk4e/reliquary/attributes/54122.json,3dfe52363b3f89ce1a99bb9c55e62ba2
hk4e/reliquary/attributes/54123.json,1fc5dfbee48712788cbba41338cdcc6f
hk4e/reliquary/attributes/54124.json,47a34ca9db458cf124d193bdf134ff10
hk4e/reliquary/attributes/54130.json,413a3905e400952528374c5ca9065a09
hk4e/reliquary/attributes/54131.json,e4cdb9bb97e6852eb645452bb8c7ab9e
hk4e/reliquary/attributes/54132.json,c3befb339858f4f1dab510812e8dc3f7
hk4e/reliquary/attributes/54133.json,e3ddd314e10693d317ff8ee7a7ad3ef6
hk4e/reliquary/attributes/54134.json,4271d18991fba53ebc0f8519c5641d97
hk4e/reliquary/attributes/54140.json,e387982cbf1b8242356214356ce3a541
hk4e/reliquary/attributes/54141.json,b39d845a69dd1a9686519629617a3846
hk4e/reliquary/attributes/54142.json,a5791695d57033aadc7e766098d4917e
hk4e/reliquary/attributes/54143.json,5b626283b80d52c6245037f90d34156f
hk4e/reliquary/attributes/54144.json,4647328cb3b0941a53a2e0becebcdcb0
hk4e/reliquary/attributes/54150.json,7998340bc0a2a5dd6ed48b0ab335fa82
hk4e/reliquary/attributes/54151.json,9ec2cc29a5883ef243def6043d2c4402
hk4e/reliquary/attributes/54152.json,bf935f0c741ab2c7a11bd791c46db70b
hk4e/reliquary/attributes/54153.json,72a2d9479028e33b6fa320c8fe9ed0b5
hk4e/reliquary/attributes/54154.json,a6b7d00d65d906b164f375f82fac8e49
hk4e/reliquary/attributes/54210.json,c8d7af0765b5dfa9441d04a3f8571085
hk4e/reliquary/attributes/54211.json,6fdcb97bc18c60c41ee0e6c1efa7bcfc
hk4e/reliquary/attributes/54212.json,1c1403c0f6c2da8290bdf0834ffc75a0
hk4e/reliquary/attributes/54213.json,b807dd8d9b889aa8de520a106f429bf1
hk4e/reliquary/attributes/54214.json,596edf82598ee20d65a2a6ada2493cd9
hk4e/reliquary/attributes/54220.json,a928d6b36de78ec5dc7044ea50c2baa8
hk4e/reliquary/attributes/54221.json,0c65a0d53aac36ea44dc61ee670b47e2
hk4e/reliquary/attributes/54222.json,8bc80d743ea88a8e4f501f3b73fdf6ce
hk4e/reliquary/attributes/54223.json,7a71e73c41d935ecf6c60d7a69aaecc4
hk4e/reliquary/attributes/54224.json,e787e5476fe70dd44b181617a0bedf68
hk4e/reliquary/attributes/54230.json,dd4230e44ea092d80f948d2a02586eee
hk4e/reliquary/attributes/54231.json,918cb99f812b3a68968c6b6bfe7c7f3d
hk4e/reliquary/attributes/54232.json,bd6ed88ba461d9c360d4829b4631a83d
hk4e/reliquary/attributes/54233.json,4371be9b83d5d1840e22abc4e70e6906
hk4e/reliquary/attributes/54234.json,588c2292000e4fc63c383ed931d0c941
hk4e/reliquary/attributes/54240.json,14aa81bb8afe1ccacf24d7d93af9080f
hk4e/reliquary/attributes/54241.json,46ece3d41f1b72bc70518ea352bb92fb
hk4e/reliquary/attributes/54242.json,b19ab9fee107c8743c77ee15ed87549e
hk4e/reliquary/attributes/54243.json,dc6b3e6bc53d671e4d1541e30fc3e272
hk4e/reliquary/attributes/54244.json,b1e0d9c4acf2b7545c85589b6493ea85
hk4e/reliquary/attributes/54250.json,4858e6e13bf50e535f16b497446a8a94
hk4e/reliquary/attributes/54251.json,81fcc637782e5c2c33fe49fada20bba1
hk4e/reliquary/attributes/54252.json,c0b9db041afda4e584c5bcf96386bc9c
hk4e/reliquary/attributes/54253.json,f3b35a45ba49a43d01fea50b4affe0af
hk4e/reliquary/attributes/54254.json,92d554fe5c1e50f6aed5ab2208694e57
hk4e/reliquary/attributes/54310.json,fc21578c57c9130312cfcfc7c94ed1fc
hk4e/reliquary/attributes/54311.json,1da03fb6cf39f7427b271a5ca1420ff3
hk4e/reliquary/attributes/54312.json,157250fba0daf70f4e38b2401692f45a
hk4e/reliquary/attributes/54313.json,e1b66687463a3cd62e798e3c8c84de7f
hk4e/reliquary/attributes/54314.json,78d1b98a9eed1ec2658743ec3a9dd1c5
hk4e/reliquary/attributes/54320.json,cfe94cdc8b3e5cfd6bfa7e35bbb7b874
hk4e/reliquary/attributes/54321.json,9b2bf6c8d89bc5dc34fd93e6050e6375
hk4e/reliquary/attributes/54322.json,a48bc2211e84a15e2bab1b8c53bf5e40
hk4e/reliquary/attributes/54323.json,98f625c0068802119a1a13702bc43018
hk4e/reliquary/attributes/54324.json,6325415b81f8365638a1e1748adaf4d1
hk4e/reliquary/attributes/54330.json,4eb17b11d2262744309efd53a376b741
hk4e/reliquary/attributes/54331.json,70465a889e86dc3d3691a2abd6ddbff1
hk4e/reliquary/attributes/54332.json,9d895ea4b9d53e816317fe0f8a70ff16
hk4e/reliquary/attributes/54333.json,8c699650762967c6bf4a22fe05c0a9fe
hk4e/reliquary/attributes/54334.json,d6ecda6fa8d19c403059db14071cf31b
hk4e/reliquary/attributes/54340.json,1e19d935edb267029f9bbbfe0239e5fb
hk4e/reliquary/attributes/54341.json,b4c343fecbbde67598b06a5d97285779
hk4e/reliquary/attributes/54342.json,4e25e9653c22215afae3ae13a983795c
hk4e/reliquary/attributes/54343.json,505dff280f7d148ec742d91c6ab6fd2b
hk4e/reliquary/attributes/54344.json,7b271df6a79a3d89735888751a017944
hk4e/reliquary/attributes/54350.json,d2826a5267479444eb0f448f34d9fcf2
hk4e/reliquary/attributes/54351.json,4fd1806a43825944cccfdb100a9f5b46
hk4e/reliquary/attributes/54352.json,fbb0840f6967c06e0703eeade1115010
hk4e/reliquary/attributes/54353.json,13050772292bda1b13b369a74c4ff856
hk4e/reliquary/attributes/54354.json,8482926aeff9f41689c45aca01b5f4dd
hk4e/reliquary/attributes/54410.json,d16824e946dfab40cdb3320ae016a24e
hk4e/reliquary/attributes/54411.json,57c8b4a40c5704adc114de94743f1b7b
hk4e/reliquary/attributes/54412.json,66f4a8a3f6ac15ca34ddb41822b4099a
hk4e/reliquary/attributes/54413.json,24b2a45ba9d0444abdd3f34420b1d4dc
hk4e/reliquary/attributes/54414.json,19dce1854b12e2efbbbee4064862c9dd
hk4e/reliquary/attributes/54420.json,f7370eee45a3f3b2f6df567d91ffb048
hk4e/reliquary/attributes/54421.json,cf05f72ddda0c20d38d450690a1d2a13
hk4e/reliquary/attributes/54422.json,9b1d67ebbca421c1418182ee0120fda1
hk4e/reliquary/attributes/54423.json,c77df64162e680e9f391f5fa4265aa5f
hk4e/reliquary/attributes/54424.json,8462ac365ad7579c7e9fd455589bec6a
hk4e/reliquary/attributes/54430.json,b5ade23b5a837304bf976e97e3b390ad
hk4e/reliquary/attributes/54431.json,9d8dae92918eb65f10dc614e7eb7ad2a
hk4e/reliquary/attributes/54432.json,e93ece4dc19dca59dab98176baee9585
hk4e/reliquary/attributes/54433.json,2733496977f574d3495660fdb7628f85
hk4e/reliquary/attributes/54434.json,f2db40705571c9a3ea7299b56a0563f5
hk4e/reliquary/attributes/54440.json,2550903c7e8e0e68f92635188c56be05
hk4e/reliquary/attributes/54441.json,cb60ac7fbc1e1bdde0e8c3702882dd0e
hk4e/reliquary/attributes/54442.json,a194909569c542c5039e5b3c939e7d1b
hk4e/reliquary/attributes/54443.json,ed3e67397b3f90ddeabccd9dc3c69bf4
hk4e/reliquary/attributes/54444.json,96549cf52cf4ff29b1eef413871f4220
hk4e/reliquary/attributes/54450.json,9ccbeaae89b8597ee031689274df1774
hk4e/reliquary/attributes/54451.json,1677875bdf93a7c74d2e87781d5e02a9
hk4e/reliquary/attributes/54452.json,b3806e0368ac663776bbab1d21667f33
hk4e/reliquary/attributes/54453.json,e9d8e706c7990c9c6ab918a9477e12be
hk4e/reliquary/attributes/54454.json,76cdd6b563f6518b198b9f97c75aef70
hk4e/reliquary/attributes/54510.json,8a1457e9366862b75f51b5c49bbf8a55
hk4e/reliquary/attributes/54511.json,0c4e5f7e63531681b92dd824c6960a51
hk4e/reliquary/attributes/54512.json,d09a3332331d6fd2cd9a8c8d4d57e265
hk4e/reliquary/attributes/54513.json,904ca648be88536d5c0d51d9722aee38
hk4e/reliquary/attributes/54514.json,74298c8e832a36d63d7b97a7f5926a0f
hk4e/reliquary/attributes/54520.json,3fb05a77d15537677e9d3c6a465d582d
hk4e/reliquary/attributes/54521.json,3cb277249072d40ceeabcf48a3f75508
hk4e/reliquary/attributes/54522.json,10322ac511a170f4a656a45933753833
hk4e/reliquary/attributes/54523.json,d37112290336ee5c7d230a1133368071
hk4e/reliquary/attributes/54524.json,6d5956db7898436026c38013a249fa42
hk4e/reliquary/attributes/54530.json,f92cdd3c2401d384e10a867c3f30de2e
hk4e/reliquary/attributes/54531.json,fb3d5e408f94a7cbdcffbe2281bee7ed
hk4e/reliquary/attributes/54532.json,651f8eff37d3bd01f2749a02d9f7f371
hk4e/reliquary/attributes/54533.json,6b50550189ee750be61730232b4b7c3d
hk4e/reliquary/attributes/54534.json,94dd2e4065e8ed71ee2bc392b9fd4dbe
hk4e/reliquary/attributes/54540.json,aea37b2c926720f584c6fe080ae3aeb4
hk4e/reliquary/attributes/54541.json,ea30a48827f057135d0f848be0f6b862
hk4e/reliquary/attributes/54542.json,93fc506722d5dfb6b12575b985151b96
hk4e/reliquary/attributes/54543.json,65df8e5d4b3b4afa59f69167fbf5011a
hk4e/reliquary/attributes/54544.json,99a05186e30478c6a99002c9afe61349
hk4e/reliquary/attributes/54550.json,6461aeb23efa9b02758fdc758112958b
hk4e/reliquary/attributes/54551.json,f1f037cc3025852346ee80dd38f990fd
hk4e/reliquary/attributes/54552.json,3bdba763f9a79035db5809d40a715a4e
hk4e/reliquary/attributes/54553.json,ab649ddc59d60846ce72a7f63caa8517
hk4e/reliquary/attributes/54554.json,21ae7f8a748f780a3506c7df491d7043
hk4e/reliquary/attributes/55110.json,fb0bdd420cae0b9c0d51489cb3aa1d78
hk4e/reliquary/attributes/55111.json,1f62ca88df2f28783c0df07735b0a341
hk4e/reliquary/attributes/55112.json,abfbdb45123bdc12e845a95ff0141050
hk4e/reliquary/attributes/55113.json,f1c336b0f02e857175c3d7f629a17a39
hk4e/reliquary/attributes/55114.json,227c59e3436ce98cb718d72019e4e0ea
hk4e/reliquary/attributes/55120.json,91ed9fad7b17fc4f19c74f69abc985f4
hk4e/reliquary/attributes/55121.json,2ffaaf0c6719e4a23a6159dfbf1af12b
hk4e/reliquary/attributes/55122.json,0a9f032d7145f8583cbacc62f4a0b48a
hk4e/reliquary/attributes/55123.json,384162b6e619ecf22d736b09f0cf7d58
hk4e/reliquary/attributes/55124.json,edb6133479a55441639e5034d1f82319
hk4e/reliquary/attributes/55130.json,6df5929c824e801ebd135f1c2cc270aa
hk4e/reliquary/attributes/55131.json,961155e1724349c5bb09d3bf01a375f2
hk4e/reliquary/attributes/55132.json,c31c8b39a8cd254d6da70100911e37a2
hk4e/reliquary/attributes/55133.json,0343366cd416e611e15bddf4d96861ee
hk4e/reliquary/attributes/55134.json,8490db813b9dbc49a5f6dd69a9ef33b9
hk4e/reliquary/attributes/55140.json,6a542df3b8a98f5c2f8b482be1223387
hk4e/reliquary/attributes/55141.json,369adec0c73b0ec7316d930ddc5d52d1
hk4e/reliquary/attributes/55142.json,4dc40e74b6af9c63513211c782ce8b14
hk4e/reliquary/attributes/55143.json,0272bce769d354fd00ae3dd32ce527df
hk4e/reliquary/attributes/55144.json,2621c1fe20327f509af495f924a207d1
hk4e/reliquary/attributes/55150.json,3f7630bf40bc705f56c3bb7a0b8761de
hk4e/reliquary/attributes/55151.json,4a6eb38746a44c5773d450ed2d8fb20f
hk4e/reliquary/attributes/55152.json,87006e259500e88eaf66e4b5fa177fe5
hk4e/reliquary/attributes/55153.json,f6093c1e769cab0446173899a4fd09c2
hk4e/reliquary/attributes/55154.json,4de9c825a2f8d964819c6cc42d776b41
hk4e/reliquary/attributes/55210.json,c7daab60cd8098c43b6f0f867eae3118
hk4e/reliquary/attributes/55211.json,9608a76bf3780493d1097aaaf2b65051
hk4e/reliquary/attributes/55212.json,f73673c75d225426e7396850a4a330fb
hk4e/reliquary/attributes/55213.json,6ce67801c9fe83315ff0d9279f870dc1
hk4e/reliquary/attributes/55214.json,bbe2bb289ac9c9b602406b9323fc90eb
hk4e/reliquary/attributes/55220.json,c5d5d179443e1fec40f5652800274070
hk4e/reliquary/attributes/55221.json,5be0c849ffdbdd9c5a3dc2cf252ba218
hk4e/reliquary/attributes/55222.json,3cbb334d008683559fc087361f886fd2
hk4e/reliquary/attributes/55223.json,5b5f8ab93a7ce47f3e3494c12c937b9d
hk4e/reliquary/attributes/55224.json,883d1d5d93afa92211b5fc9ec64a1648
hk4e/reliquary/attributes/55230.json,25306463d3e6f16dfa54b6af4ee316b5
hk4e/reliquary/attributes/55231.json,ed450b10b69bf323dbc10e360893f1ad
hk4e/reliquary/attributes/55232.json,7af9c559ad9dd25cb6d9c966c1127285
hk4e/reliquary/attributes/55233.json,0a351232826dcd7f8318b39d7b52ee1b
hk4e/reliquary/attributes/55234.json,0f9b289918d1880e677cf72a211910fb
hk4e/reliquary/attributes/55240.json,b1acf725ad45e6c822864087535e7fe8
hk4e/reliquary/attributes/55241.json,81ae18a4f0a2e8087115e64ada4957ea
hk4e/reliquary/attributes/55242.json,01c03363e31283b49cfa01bcf4c463a7
hk4e/reliquary/attributes/55243.json,751b37ebbdc55e51eb6a1ef682c5f49c
hk4e/reliquary/attributes/55244.json,841bedeeaac40f318e4d4b83c9853b95
hk4e/reliquary/attributes/55250.json,7f1738cb6ca811502c3b9df8cfbe76a2
hk4e/reliquary/attributes/55251.json,45a9ad6511cf93f916d6238982dc9735
hk4e/reliquary/attributes/55252.json,4ac2385990a2176f99397d82055e94d2
hk4e/reliquary/attributes/55253.json,7629db5a143215c6e91d6cbc17691d74
hk4e/reliquary/attributes/55254.json,9d232e9d94d1a12495ea7091c21ca88f
hk4e/reliquary/attributes/55310.json,82e9e0ffdc3f0ef4aa54453ac37b57e4
hk4e/reliquary/attributes/55311.json,dc8df26e7ab31fa8be763cb90a1beac4
hk4e/reliquary/attributes/55312.json,6ad5da92e0c7ffe52b721f9de4edc99b
hk4e/reliquary/attributes/55313.json,8bc447d3f7f57ce70767ad0eb7304a74
hk4e/reliquary/attributes/55314.json,513426f8dbff7d1825a5bec933560864
hk4e/reliquary/attributes/55320.json,a03e17e0eb828b93234cedc1de336d84
hk4e/reliquary/attributes/55321.json,8bab9dda190d7b98c5423892ed0d3262
hk4e/reliquary/attributes/55322.json,2de064548186ec9c0cd15e1b5497a793
hk4e/reliquary/attributes/55323.json,f05abd24b833a22d9519e754267e7070
hk4e/reliquary/attributes/55324.json,0f2d7daab5aa861c0977e7b5228853ba
hk4e/reliquary/attributes/55330.json,4231fd844a87dbc4c6c04f2284b4e42f
hk4e/reliquary/attributes/55331.json,97689291ef8954133ef17fa86a3cd760
hk4e/reliquary/attributes/55332.json,a832013f531806f77da71e5832087935
hk4e/reliquary/attributes/55333.json,ef9145016e5e43de4c7b19a215749b6d
hk4e/reliquary/attributes/55334.json,92e750a581f75610bd4cbbe093c0c5bb
hk4e/reliquary/attributes/55340.json,e2ef8398abe692b42d87871a6e0e3f70
hk4e/reliquary/attributes/55341.json,512323ce9361b017070e15bd90f35c5c
hk4e/reliquary/attributes/55342.json,a0c1c93bf5de03db5bd1a312d0daa3d8
hk4e/reliquary/attributes/55343.json,7fa1bf5a7fd823fa27b28b552e18b789
hk4e/reliquary/attributes/55344.json,4f89a2fbc01cd4d4868ece2a1d49c1e7
hk4e/reliquary/attributes/55350.json,631a5dac297cb59d882782b247238db2
hk4e/reliquary/attributes/55351.json,d32f0a8b2a8777d22b858c817e720e61
hk4e/reliquary/attributes/55352.json,ff88dfe91b9f5101eb0ded2a4fcc232b
hk4e/reliquary/attributes/55353.json,942111f1a02d7cd73fc4698a35bbb5ea
hk4e/reliquary/attributes/55354.json,b69d04aa15fc42279e869645b0bc2849
hk4e/reliquary/attributes/55410.json,cb26d7824e755fc87071e3f1dc208bf7
hk4e/reliquary/attributes/55411.json,7190c30d006712d2c1191905a26c0c6f
hk4e/reliquary/attributes/55412.json,e62019c85ed4e8861f4b086b857bf56a
hk4e/reliquary/attributes/55413.json,d9fc9075ad9d196df37d77301f1fa18a
hk4e/reliquary/attributes/55414.json,bc46f7f22148f508493aeb7339f4aef4
hk4e/reliquary/attributes/55420.json,b0d76ba830651e0edde149ac5705ed66
hk4e/reliquary/attributes/55421.json,d72eaf91220104cd8cab3325df289c8c
hk4e/reliquary/attributes/55422.json,5770313ffa4b2a0654d6091d45bc504d
hk4e/reliquary/attributes/55423.json,00dfa7bb548279352295ea3f49803264
hk4e/reliquary/attributes/55424.json,3f3df3aca025a4e4b72858604f842f0c
hk4e/reliquary/attributes/55430.json,e906e5bb739e1170392b9a9a3948bcad
hk4e/reliquary/attributes/55431.json,0a6da703e0db81b521258bc30c99004e
hk4e/reliquary/attributes/55432.json,3972d816769fa9c6b1e52d5784015f49
hk4e/reliquary/attributes/55433.json,9a4c912d3032ba85c4b92fe672a8d502
hk4e/reliquary/attributes/55434.json,9088d0714c76741389f8fab75b836190
hk4e/reliquary/attributes/55440.json,aebbf2285874a9295d657f7eab3acdf1
hk4e/reliquary/attributes/55441.json,bc6734ef9a00f3a00b9b1ecc86ceeb1f
hk4e/reliquary/attributes/55442.json,b9fededf98d53af5e15cdd97a2157fd7
hk4e/reliquary/attributes/55443.json,35ab7380c5adfca8f0957e998aaaf38c
hk4e/reliquary/attributes/55444.json,98b648e6d124b2658e100ead10852cfc
hk4e/reliquary/attributes/55450.json,edef30f44c38c5c5aa4151855c24235a
hk4e/reliquary/attributes/55451.json,73735996b347f0387bb25b4aef91e99a
hk4e/reliquary/attributes/55452.json,562f7c5cbcf777b6d3fbace71ea7e183
hk4e/reliquary/attributes/55453.json,b2e30032a0df2e359b97eed97eee6e0a
hk4e/reliquary/attributes/55454.json,5772b1333c22f75958c98da272dccab3
hk4e/reliquary/attributes/55510.json,b8142a384f3e6517be03bed61202b368
hk4e/reliquary/attributes/55511.json,5d055b5ee823b1393594f9489ab52d4c
hk4e/reliquary/attributes/55512.json,00c5b693f5cbf5acd02ed68e8308817e
hk4e/reliquary/attributes/55513.json,4a3719c164a31f465ae9921c9cdca81c
hk4e/reliquary/attributes/55514.json,4e8a7ad1bea8b110a4745dd950bb1717
hk4e/reliquary/attributes/55520.json,aa29f58eccafe269b4cf13a66ae078c1
hk4e/reliquary/attributes/55521.json,2bf3b1dde2e73ae158c235ce5d003283
hk4e/reliquary/attributes/55522.json,b3d22b0795adc9ce44d172e1bc6cb2d1
hk4e/reliquary/attributes/55523.json,cbc1a0eebcc0696587a47901351f2f25
hk4e/reliquary/attributes/55524.json,913aa5e2b6260f0e034b6ec90aeab843
hk4e/reliquary/attributes/55530.json,fb57d49868a5b926557118a8950b9597
hk4e/reliquary/attributes/55531.json,c533a976b410a2719544185d919f42cf
hk4e/reliquary/attributes/55532.json,8e563aa48a98567d147d73c1b53b63b2
hk4e/reliquary/attributes/55533.json,101f360611a639b885e2a69c0729016e
hk4e/reliquary/attributes/55534.json,69d024f854a3f1df1064dff5c4b29e7f
hk4e/reliquary/attributes/55540.json,daf167a9d947c7513d096e2f093f6beb
hk4e/reliquary/attributes/55541.json,9c1a09c9824a2d3dc27dad20192a649b
hk4e/reliquary/attributes/55542.json,0ca7e999003677e363e687736d6f4568
hk4e/reliquary/attributes/55543.json,5851dd0886ce7a63501036817b709eff
hk4e/reliquary/attributes/55544.json,99f6a79fa3a9553d75e704b69ef2d476
hk4e/reliquary/attributes/55550.json,f00b753253d7be93bff1b8b44bed42a6
hk4e/reliquary/attributes/55551.json,df4d86e68831596677eb26c532d36f4f
hk4e/reliquary/attributes/55552.json,5de0e817afbf3b529ff203eceec91bf9
hk4e/reliquary/attributes/55553.json,4af966c7edb66f11269824eb2690ed71
hk4e/reliquary/attributes/55554.json,374ea924532905b9d6c24457843cb039
hk4e/reliquary/attributes/56110.json,7c0f3a1298955ec1b6ca6cce25a2f304
hk4e/reliquary/attributes/56111.json,35268a7bac5e5094e652c3c4f2fb69bd
hk4e/reliquary/attributes/56112.json,076668cebe04915e820a534ce075c877
hk4e/reliquary/attributes/56113.json,aeb937fa8d16ab2516710c225c6d7993
hk4e/reliquary/attributes/56114.json,ec1b6c2703fa3a2481badb9a8c0b5bee
hk4e/reliquary/attributes/56120.json,9a39448bbdf323afdaf938c84392e842
hk4e/reliquary/attributes/56121.json,0f266f72be00b994641b0ffcbbbd0ca1
hk4e/reliquary/attributes/56122.json,eff988f0c173b244b5b1efae9da33524
hk4e/reliquary/attributes/56123.json,c3d0129d154299a6bfe5887b670d487d
hk4e/reliquary/attributes/56124.json,5076341da0f657e7924d5f65b325034a
hk4e/reliquary/attributes/56130.json,e8e0c5ad113ae8624107f6b8edaba0df
hk4e/reliquary/attributes/56131.json,a54ab9a98bf98d6450779bcda3acb3e8
hk4e/reliquary/attributes/56132.json,e891782cf25573caabe71b7dca266640
hk4e/reliquary/attributes/56133.json,e06dac442572f385555bf94267bd4791
hk4e/reliquary/attributes/56134.json,058a487dc5b6f0c9d29316edce04b7a7
hk4e/reliquary/attributes/56140.json,3225a1c03b23a19e02bd75fdbd5eb41b
hk4e/reliquary/attributes/56141.json,60bfd9a7ed5f3cb7ac74771bc15fcd42
hk4e/reliquary/attributes/56142.json,b7212c6f5ab7cb71834c82a9e2b477aa
hk4e/reliquary/attributes/56143.json,383c13021a725607525bdb3668ecd7f7
hk4e/reliquary/attributes/56144.json,ccb18c0811fa414a1a17aba27f4c3a9d
hk4e/reliquary/attributes/56150.json,056eacd48b6a34f52509036841e89adc
hk4e/reliquary/attributes/56151.json,af8e6475463773294649ad364c6922a7
hk4e/reliquary/attributes/56152.json,010478722426e73c9f43d34efa6aca82
hk4e/reliquary/attributes/56153.json,75491f4945f67d88b45d1fd5321adf7c
hk4e/reliquary/attributes/56154.json,4f3a0c09be676180bb8ff86e5570cedd
hk4e/reliquary/attributes/56210.json,02b94556988cdd65c05dc7a27964ca49
hk4e/reliquary/attributes/56211.json,77c1477cebc6e272ed99b3b00d3d60ae
hk4e/reliquary/attributes/56212.json,34a846404e6a8e67f2f49a702a271bbe
hk4e/reliquary/attributes/56213.json,5fbeee19a92527876c36a11ffb3a2092
hk4e/reliquary/attributes/56214.json,d952c1a7a5400a8c9ee89187b93c0fc9
hk4e/reliquary/attributes/56220.json,b55052b114f5b7ba0a3bec8947f12bd8
hk4e/reliquary/attributes/56221.json,087ded4e411691c462b87d5e57dc0b9b
hk4e/reliquary/attributes/56222.json,d2c136bb494fbc8d43e28b0a9c3aab29
hk4e/reliquary/attributes/56223.json,ef22825735237797e0c38743f95d1b7e
hk4e/reliquary/attributes/56224.json,45d6bb16221a2f2153ad5a80a71571e4
hk4e/reliquary/attributes/56230.json,09843ba23a3748dcdfca73d1f3b7473c
hk4e/reliquary/attributes/56231.json,983b4b458ba5a2f607a120a443e41e9c
hk4e/reliquary/attributes/56232.json,8cdd09433893ef2983f35dc1ef8a13f5
hk4e/reliquary/attributes/56233.json,88c0c27b4ea99fb9adb126bc97bfadd2
hk4e/reliquary/attributes/56234.json,6cb25244a7b0c06844c0867f9d17a45f
hk4e/reliquary/attributes/56240.json,4c2ac168af138213c69ce101ac75a442
hk4e/reliquary/attributes/56241.json,7d08aee435238c7f665142363e42689c
hk4e/reliquary/attributes/56242.json,ce2705aefde00af32b75b9628be1166a
hk4e/reliquary/attributes/56243.json,ab5fc605c669857fda426b2aa2c5c430
hk4e/reliquary/attributes/56244.json,4cebdff5fa9a41ed95a92dc2a4e82c73
hk4e/reliquary/attributes/56250.json,a239a8acfbc9a63f806d00ba927fee01
hk4e/reliquary/attributes/56251.json,9ead46e778885b8cbd41286a1291726c
hk4e/reliquary/attributes/56252.json,a14015db4495f1257975eb392c66021a
hk4e/reliquary/attributes/56253.json,e40d239155d32c91bfb079667d3a9e72
hk4e/reliquary/attributes/56254.json,c6fd0bc8539668a71fb967d4d482aa1f
hk4e/reliquary/attributes/56310.json,b63f4697625ce4f2857e652cb96b4448
hk4e/reliquary/attributes/56311.json,1018bde202e3e5511e9c234d83d0dd7b
hk4e/reliquary/attributes/56312.json,2043357b395a74a64ed4496510ebc8fe
hk4e/reliquary/attributes/56313.json,d00650824b90a75d1621e0970d2eb107
hk4e/reliquary/attributes/56314.json,ae684bd3cb817377151e18afde2c20bf
hk4e/reliquary/attributes/56320.json,f42d9c5c114379e37078f1c4316c8e68
hk4e/reliquary/attributes/56321.json,c9671a4907a267543d3cf1d1d3616aa1
hk4e/reliquary/attributes/56322.json,c1789f046a2df23febecf6db9c6327da
hk4e/reliquary/attributes/56323.json,f1d33b28b56754e3570e065e86b4a02f
hk4e/reliquary/attributes/56324.json,28d522e666ce26051fd4fb375f5cf7a3
hk4e/reliquary/attributes/56330.json,33bd8e9dfbbf9db4c9e3a08618576a23
hk4e/reliquary/attributes/56331.json,b320695e880498579fe4e03e41b95fee
hk4e/reliquary/attributes/56332.json,3c64fe844c93a134a6d4324ae7d71f58
hk4e/reliquary/attributes/56333.json,aeee3e8d449f12d705ed4aa859b9a8c8
hk4e/reliquary/attributes/56334.json,62c5194d2a68f2cafb145a5b9bc60d6e
hk4e/reliquary/attributes/56340.json,bbead750253e6c9b382ae12708aa9453
hk4e/reliquary/attributes/56341.json,bcb0029a3524013c78f77a18ec14ec01
hk4e/reliquary/attributes/56342.json,128ed7b96695d19641ab730819960f99
hk4e/reliquary/attributes/56343.json,5734ba7f5e1cc6d78da109fe651f5100
hk4e/reliquary/attributes/56344.json,8f31070d43c05813c4933e026ec39c0d
hk4e/reliquary/attributes/56350.json,1e9d0f2cb0ddd16d80d7ef54eb224756
hk4e/reliquary/attributes/56351.json,d257f4a6e16bf63ae951b7a90cc898c6
hk4e/reliquary/attributes/56352.json,04c2ad4bb30902b0621da293ee7efb3b
hk4e/reliquary/attributes/56353.json,3f1b4d662a55958e5eaf498938e553c4
hk4e/reliquary/attributes/56354.json,0ad849e6a7b2168cd79edc82533dced2
hk4e/reliquary/attributes/56410.json,e1f1b160534d422f2828bdfdf8865573
hk4e/reliquary/attributes/56411.json,166d8d0e9456f92e58d233118adc5e56
hk4e/reliquary/attributes/56412.json,4a762c5b0495720e85376d7c325163e1
hk4e/reliquary/attributes/56413.json,7aadcfee1cfa884643203ad6527f0972
hk4e/reliquary/attributes/56414.json,8109c53bf415016de4d02e7b4d350477
hk4e/reliquary/attributes/56420.json,94556b6ef9f1d3d6115dda0bd3454ed9
hk4e/reliquary/attributes/56421.json,6f3929efeb8e25194db149c75856b042
hk4e/reliquary/attributes/56422.json,facbda01b634aa6a144cfcb1509439b6
hk4e/reliquary/attributes/56423.json,5942178dd39d702d8cca6dca398acce8
hk4e/reliquary/attributes/56424.json,2c59f49a57fa1c2e5b3319097ef6c457
hk4e/reliquary/attributes/56430.json,bff644d6733e5e32c048349ef20b0d65
hk4e/reliquary/attributes/56431.json,f52504c5420f21fd428c1a527e2927bd
hk4e/reliquary/attributes/56432.json,257373bd0b4794d20b7a071448e753dd
hk4e/reliquary/attributes/56433.json,1e91b1cdbef51aabd7215dd84fa39ecf
hk4e/reliquary/attributes/56434.json,4ee8ca97a6916150fb0d8a53c0857246
hk4e/reliquary/attributes/56440.json,582e5896f18a8fc0e2a8f7f9f0aa805c
hk4e/reliquary/attributes/56441.json,a02e2ffe0d26e1a965e79708854a8a40
hk4e/reliquary/attributes/56442.json,ae504f8b8a988d040394d74831c57783
hk4e/reliquary/attributes/56443.json,540aabdcdb97f48d6b2e1590d57eac4e
hk4e/reliquary/attributes/56444.json,d4fcc7700e02fef431efd8d6dc45eb71
hk4e/reliquary/attributes/56450.json,0f60cfe76e005b705ad0178ede708c16
hk4e/reliquary/attributes/56451.json,f6b9ed29170fa7fa35aef77a730cdf9a
hk4e/reliquary/attributes/56452.json,ca16bab5a3c7b14db3454becdd1fb622
hk4e/reliquary/attributes/56453.json,ea4f60728a4047a1a93c5db5198215ee
hk4e/reliquary/attributes/56454.json,54640bd995770af23e1b03e903782273
hk4e/reliquary/attributes/56510.json,b0c00631c562a9b3146dfdacf63d5ae3
hk4e/reliquary/attributes/56511.json,1afc24a532aada5fd3af9e59a7d9364e
hk4e/reliquary/attributes/56512.json,2c56bbe8f9bab8ea272c7e3269f7e25a
hk4e/reliquary/attributes/56513.json,b7696bac17b01ceb9820837aa8169598
hk4e/reliquary/attributes/56514.json,4e8c955c5917e49bc0efb11f42c90e98
hk4e/reliquary/attributes/56520.json,0b91374d02eb5e915f13093f4f94d6a4
hk4e/reliquary/attributes/56521.json,5caa514eb3aef62f04edc4475292cd43
hk4e/reliquary/attributes/56522.json,401f4daf6e4d0c75f4f5459812021791
hk4e/reliquary/attributes/56523.json,710dd632f769616f5337233ea29bab4b
hk4e/reliquary/attributes/56524.json,d8011d091bb7d824f50c83eaa135d780
hk4e/reliquary/attributes/56530.json,f935146d2ffcfd8e6eefa54fc517be84
hk4e/reliquary/attributes/56531.json,b046ba3f4adc12094dd2e452e6c93953
hk4e/reliquary/attributes/56532.json,11b59c20c39592a0ec9965f15ae5ecc6
hk4e/reliquary/attributes/56533.json,2437700ea62c3a70cac122c26ab6c218
hk4e/reliquary/attributes/56534.json,b423f6b1f0e69a2ec413a1a9f6ad6168
hk4e/reliquary/attributes/56540.json,406215e6c70a0a0485dee3e45c8672fb
hk4e/reliquary/attributes/56541.json,460ead1f7d0acae05020e8a00aa680a0
hk4e/reliquary/attributes/56542.json,10b7301ec59a94a6bb61ed1036ef3702
hk4e/reliquary/attributes/56543.json,121fe348c1e578c0f648bea2ae82ec69
hk4e/reliquary/attributes/56544.json,81ea2e81e9309f70b9afc81f3a48b0f5
hk4e/reliquary/attributes/56550.json,4d4a898dc5ca721e79173225044a7427
hk4e/reliquary/attributes/56551.json,d7408545e5c0e7efb35afefa5ca84a17
hk4e/reliquary/attributes/56552.json,308ea4b5c512a654ca6e87b1b4aaa05b
hk4e/reliquary/attributes/56553.json,c0397ab57a2a1d5b3220e857f724624b
hk4e/reliquary/attributes/56554.json,1d54e02408aba70d7b6cefc0e8c42713
hk4e/reliquary/attributes/57110.json,fa535cb5ed3f83d19fb82fb3312acc12
hk4e/reliquary/attributes/57111.json,b69ef0a3deada4bcf53808b306cdf690
hk4e/reliquary/attributes/57112.json,189847dc05cc8f85037fa53c84cbcaef
hk4e/reliquary/attributes/57113.json,7cab84b29ec9ebff471eb408eded8aa8
hk4e/reliquary/attributes/57114.json,640a4ee6f630a5a070eab21043bef443
hk4e/reliquary/attributes/57120.json,9f1c93d75cc06085d06a88f27621fa5b
hk4e/reliquary/attributes/57121.json,0fdcfe73534a8391ec5ef7bfc288bd69
hk4e/reliquary/attributes/57122.json,31b9d3221dee2435ef1e157e70463fea
hk4e/reliquary/attributes/57123.json,d9990d35ea4282dccc008bbcd035db2c
hk4e/reliquary/attributes/57124.json,f09638ca08893ea410303c3ce14ab0c6
hk4e/reliquary/attributes/57130.json,8cab4198c4501e6c85a36f1d1d253d2a
hk4e/reliquary/attributes/57131.json,9a1a830f36db2e4aaf38ebf018d17691
hk4e/reliquary/attributes/57132.json,aeb20b22f207c0cd387639011aa3327a
hk4e/reliquary/attributes/57133.json,2a3dac58df9e7b18f207a23a398749dc
hk4e/reliquary/attributes/57134.json,b65f409f82885dfd4997563cb8b75a30
hk4e/reliquary/attributes/57140.json,b5f36cc57a41ad58ddace40ce1773e96
hk4e/reliquary/attributes/57141.json,2246876a0454515c19be316162ed4e16
hk4e/reliquary/attributes/57142.json,5d6e9fb732c847f52f61c88f1627936c
hk4e/reliquary/attributes/57143.json,3028dd898bbc1eead159e00009341947
hk4e/reliquary/attributes/57144.json,cac1a7e73e17bc3cdeb6c57736b63dc0
hk4e/reliquary/attributes/57150.json,141dd3c2e29e80aa61a5ebaca05d2374
hk4e/reliquary/attributes/57151.json,d7a3679f3d3e3d1d743b94a970727cf4
hk4e/reliquary/attributes/57152.json,72d608f417771bbc0d98f16a8b1cbf70
hk4e/reliquary/attributes/57153.json,0e3b62b6c8e37d04f2780b792e983ac0
hk4e/reliquary/attributes/57154.json,357cb2fdabe28a7703469ceb5a25d362
hk4e/reliquary/attributes/57210.json,c7fee2dc7b537b5a606a1088dd036fe5
hk4e/reliquary/attributes/57211.json,4dc02b0e35cde377f41f1ff52e559624
hk4e/reliquary/attributes/57212.json,4541dc481decb7070abdd8938d2b9f4c
hk4e/reliquary/attributes/57213.json,f4513a259583ae77ee2f252a6bdfa057
hk4e/reliquary/attributes/57214.json,df5781c6cabecfc92155dc87d25b20c3
hk4e/reliquary/attributes/57220.json,1cfa5c151e1d4ff6171751699c287130
hk4e/reliquary/attributes/57221.json,d5ccb7ac15db5ee8b839962853d59291
hk4e/reliquary/attributes/57222.json,218d1417cb37ccfa7929b09dbffcf947
hk4e/reliquary/attributes/57223.json,347e6d34eeaf96cc39aa9b95f8409d22
hk4e/reliquary/attributes/57224.json,ad89c5e57e8857514d0f111213f6231f
hk4e/reliquary/attributes/57230.json,d9791d7834aa3fd8f3c6445e19d8fbc9
hk4e/reliquary/attributes/57231.json,fba6b661fefad0cf8eab2146b58c7014
hk4e/reliquary/attributes/57232.json,be3a77ffde1491a3c9b59ff8496cb31a
hk4e/reliquary/attributes/57233.json,84423d8f96419e08ad16c36df9b622c9
hk4e/reliquary/attributes/57234.json,33caf4fd24faa934d384903e1449bbef
hk4e/reliquary/attributes/57240.json,dd3330169e0a2abf5fff45568adeed44
hk4e/reliquary/attributes/57241.json,6f370f5b45231c0ac98457629004a919
hk4e/reliquary/attributes/57242.json,482078f4c8d36e9d4bc21eb76ecc64d3
hk4e/reliquary/attributes/57243.json,625243fdd71a4d3c89924948aa9e5319
hk4e/reliquary/attributes/57244.json,29d7040edb8303f2c1aceeb668dab476
hk4e/reliquary/attributes/57250.json,666e30b7d8f766f21d72151197a98ecf
hk4e/reliquary/attributes/57251.json,2ff266efb9bc0abcc4f7991acb1e3cbb
hk4e/reliquary/attributes/57252.json,c0c1364bf17ea085d860dfe50e8cf8fb
hk4e/reliquary/attributes/57253.json,41ad4616ed5fb8eec5fa2e1e755e252b
hk4e/reliquary/attributes/57254.json,91206ab047f0748515fcfbb0388d8519
hk4e/reliquary/attributes/57310.json,11263e8f2f9250adeca5de50b578c280
hk4e/reliquary/attributes/57311.json,dacbb05b57be8e618c375405999458a5
hk4e/reliquary/attributes/57312.json,7a46589aa852b2a225b0d0e02712fda9
hk4e/reliquary/attributes/57313.json,425d8e58c9a20a50eedcb090136e49ba
hk4e/reliquary/attributes/57314.json,31265c7116e6d48cca09b87aa3940642
hk4e/reliquary/attributes/57320.json,244a3a88db5afde1ab7f101a4f6c8d62
hk4e/reliquary/attributes/57321.json,400f2f946ba77c3ec9556cc95b0fad6e
hk4e/reliquary/attributes/57322.json,0ef12bca80b0c3074282614dc949ff3b
hk4e/reliquary/attributes/57323.json,4f77ea6734debff844c140a5f8ad32e9
hk4e/reliquary/attributes/57324.json,e9e39ef7c3bf87b7075c024b9e760c0c
hk4e/reliquary/attributes/57330.json,bc2dd7c7788ac86621354f370234d5e6
hk4e/reliquary/attributes/57331.json,4fd12eef0c61b13be39ce2dbbc17caca
hk4e/reliquary/attributes/57332.json,ea6b03e62d92049719fd6e1c947ee85b
hk4e/reliquary/attributes/57333.json,5563f858de85aa3933b114c974544c3b
hk4e/reliquary/attributes/57334.json,1901160463ea9df5b3a3e14c93bbb3ba
hk4e/reliquary/attributes/57340.json,a6a82d4aa374e061a0089b20b4ed9f12
hk4e/reliquary/attributes/57341.json,18b70cd9ba9684a905c7c6dc2ff0a445
hk4e/reliquary/attributes/57342.json,0c1b98abfd6e7e2d446bde5c2981e9b0
hk4e/reliquary/attributes/57343.json,84d03223249f2ba3e10c2ed79f7d0fea
hk4e/reliquary/attributes/57344.json,65921b08243f36ab420a141b2850b91b
hk4e/reliquary/attributes/57350.json,757d1047acc4c8fbb2d32e5c50197516
hk4e/reliquary/attributes/57351.json,f14eec43e58518e0ca713460a8baa176
hk4e/reliquary/attributes/57352.json,b4ed6996551bd4dd49d33f80bf2754ba
hk4e/reliquary/attributes/57353.json,baf407071a5ab2ec27422c60f068b429
hk4e/reliquary/attributes/57354.json,a62cc85c6c677f915e0c2ccc6e847146
hk4e/reliquary/attributes/57410.json,15c8bcfb7daa2442b6413d7f54c02083
hk4e/reliquary/attributes/57411.json,2293dd8c1ae2a692a697146ce85592c8
hk4e/reliquary/attributes/57412.json,a4e2fa7f73a64f3ea1bac1c03148e4d4
hk4e/reliquary/attributes/57413.json,b16fe05c9eaf6f7391429441f22223dd
hk4e/reliquary/attributes/57414.json,8a340cd6840496b1c7fe292776f2cd4c
hk4e/reliquary/attributes/57420.json,7efd37b595d99e1d1bf5235a006fc249
hk4e/reliquary/attributes/57421.json,c742cdb1cdc9477954a8411c3bb998fe
hk4e/reliquary/attributes/57422.json,d1899828d2611133a683ebac0bef9dc6
hk4e/reliquary/attributes/57423.json,0ab525ff1b8ce244341ecdf746a0f6ef
hk4e/reliquary/attributes/57424.json,6075c1aab5ffb01189c576e0139d754c
hk4e/reliquary/attributes/57430.json,4a65f2494c6c0d7c1adda343ca1c6a06
hk4e/reliquary/attributes/57431.json,d9c0bc5b2e228e68ba55cc61174186fe
hk4e/reliquary/attributes/57432.json,cec028b130212e007f212ed61ee93312
hk4e/reliquary/attributes/57433.json,f2d8214bd174a0e044a2343f5cfb6efd
hk4e/reliquary/attributes/57434.json,171324509dea82226a6f2edadc5642c9
hk4e/reliquary/attributes/57440.json,eee3ceb32b721bd6d8e2c276bb20b933
hk4e/reliquary/attributes/57441.json,d063b68e43deef4035569d6f116eef01
hk4e/reliquary/attributes/57442.json,4122248b74555e314114bbf647daee8b
hk4e/reliquary/attributes/57443.json,e89e36e9a977a5ce2e34a98770e14c9f
hk4e/reliquary/attributes/57444.json,403c15de5d9f6506e2e1d29c74600f76
hk4e/reliquary/attributes/57450.json,a6a86fa27377992d4616bf46ea50e722
hk4e/reliquary/attributes/57451.json,c2d03c558d0f4151c09769bddd77b225
hk4e/reliquary/attributes/57452.json,7e62de29c0299201449021dd18ffff55
hk4e/reliquary/attributes/57453.json,7f670f1964637ad513e3a8f44f32e78b
hk4e/reliquary/attributes/57454.json,7fcef5199624b03b22443a3feb6349c2
hk4e/reliquary/attributes/57510.json,adf8e45931f5a827e1a4d9f403357d29
hk4e/reliquary/attributes/57511.json,91ac6f5fbcaf82caa6693102ad8a028b
hk4e/reliquary/attributes/57512.json,bbb0356be0b361037058540c369b1169
hk4e/reliquary/attributes/57513.json,35bb0c096ad09910bbcfaa46a8b499f6
hk4e/reliquary/attributes/57514.json,f5969bfec622e8c8412e1952ead5f6a8
hk4e/reliquary/attributes/57520.json,aa18602913ec4a6c4b2503f8ec9d02e7
hk4e/reliquary/attributes/57521.json,7f413d4c233e36201f58c095b34e55d5
hk4e/reliquary/attributes/57522.json,34b1cd10b514b3466b6f1fd851f7d988
hk4e/reliquary/attributes/57523.json,1fb044c67b06ba2386b9f359f76f0efd
hk4e/reliquary/attributes/57524.json,686103010baed1a4c95bafc625f3d36c
hk4e/reliquary/attributes/57530.json,ac13da81e7cda91a21f7cbe5f230aa9d
hk4e/reliquary/attributes/57531.json,9fa0a3405a8e1e451ea681316e02c9e7
hk4e/reliquary/attributes/57532.json,64a141cc1b8c18987c1b3ed776b4b2c9
hk4e/reliquary/attributes/57533.json,d63e569dc7f396bc5d1f8c37261a0531
hk4e/reliquary/attributes/57534.json,9942980ff2abcf642c4e15aa803d7e36
hk4e/reliquary/attributes/57540.json,7fb0b84d31a75607d36943c3067c385a
hk4e/reliquary/attributes/57541.json,3f107a7a9c54b341a418d9aa51defb08
hk4e/reliquary/attributes/57542.json,7fa7b98f11fd77b0e9d9b61226ebbd69
hk4e/reliquary/attributes/57543.json,5621b56260f16fc61b281bfd122d18f4
hk4e/reliquary/attributes/57544.json,df342d21e02a2cc30772d79123bcd268
hk4e/reliquary/attributes/57550.json,d353909dd975dd40ce8b5c4c2017ca83
hk4e/reliquary/attributes/57551.json,78289d9e05cba796cb12fe3dccdc092c
hk4e/reliquary/attributes/57552.json,e18bb55aa18b38ece499b82a6a7876b8
hk4e/reliquary/attributes/57553.json,b77ca7fb2a4e539bc3d05a695ea1e9c2
hk4e/reliquary/attributes/57554.json,df9d317cc32688be3ff626411937772d
hk4e/reliquary/attributes/58210.json,621f1d931b7cc34918702f53bb5eb28c
hk4e/reliquary/attributes/58211.json,85023201aa48fd5ae4c7d989bfd1739b
hk4e/reliquary/attributes/58212.json,ae20436601b945bab5fc7425cab2f8d3
hk4e/reliquary/attributes/58213.json,e0ce55952e4cc49cdd4f966f797bd36a
hk4e/reliquary/attributes/58214.json,816dba6a997eb13ac5a8aa1b3266214a
hk4e/reliquary/attributes/58220.json,34a14d513960cbcdf34126fc678fbda3
hk4e/reliquary/attributes/58221.json,19077694ebefe842bc358196f8a84229
hk4e/reliquary/attributes/58222.json,ccf5ea09f2a0f47a5ca82d7ad8d825c2
hk4e/reliquary/attributes/58223.json,2bb6741588333a4dc37dca0c4d81a037
hk4e/reliquary/attributes/58224.json,a249653a1dd01854fd67542c723e9284
hk4e/reliquary/attributes/58230.json,358c5bff3b835b1ae91e2a7be4c167b2
hk4e/reliquary/attributes/58231.json,f09504212ced1d258163f608e0f2fe14
hk4e/reliquary/attributes/58232.json,f2a08c74385ceedc3789d8079fa40d6d
hk4e/reliquary/attributes/58233.json,aa2050e57809943995e976240ba3985a
hk4e/reliquary/attributes/58234.json,f7669d0710a79c349581d1a1a7bef7e3
hk4e/reliquary/attributes/58240.json,b3ced9c30c70404b60dac599950e944c
hk4e/reliquary/attributes/58241.json,1d413595209071861198038f7e9707cc
hk4e/reliquary/attributes/58242.json,3993c27f1f6cb7e29ed0bc9309757795
hk4e/reliquary/attributes/58243.json,786c91601f2f9fa42fc078fb22b79937
hk4e/reliquary/attributes/58244.json,cc4828094ed5cf440fe0f0940d90057b
hk4e/reliquary/attributes/58250.json,874795eafffb628693cd21e30d896b1a
hk4e/reliquary/attributes/58251.json,8d0b6b9de8cb385f2209c8168bdb7027
hk4e/reliquary/attributes/58252.json,8caed6cf48db660be224ea6556e6d612
hk4e/reliquary/attributes/58253.json,097fe060a943660ba9c8885c80ab6523
hk4e/reliquary/attributes/58254.json,6504a857d03f67cb7d3b7235b5d3818a
hk4e/reliquary/attributes/58310.json,a624673d9564ee09931059f33c9e1b4a
hk4e/reliquary/attributes/58311.json,9f6492fa1ae48d60e887cd8892c4a47f
hk4e/reliquary/attributes/58312.json,27977b5580ac2fab2bacd8fc8fc07356
hk4e/reliquary/attributes/58313.json,d2dd70a5b5f6e13dd75ad78ab29507d1
hk4e/reliquary/attributes/58314.json,9dd5ea4afcc23344417191ec8562fe83
hk4e/reliquary/attributes/58320.json,cc14497f295c7b26b2aa112b8c27a0b3
hk4e/reliquary/attributes/58321.json,bcadc652c78bff18fb91bb11928127da
hk4e/reliquary/attributes/58322.json,79a89a17bff81b537b47a7fd71cba2ed
hk4e/reliquary/attributes/58323.json,e671d9f50e00abeef19fb8a33225387f
hk4e/reliquary/attributes/58324.json,ec2cd8e82c6afa55ff7b61561ceb6386
hk4e/reliquary/attributes/58330.json,373471de005c78c42ec332cf7cbd697a
hk4e/reliquary/attributes/58331.json,6cb7a56ed1bc41dfcc875bdfc909cfb0
hk4e/reliquary/attributes/58332.json,dc0411ca1e1dbb8b10fba89370b3e285
hk4e/reliquary/attributes/58333.json,74ad150e26a2130ac179fc94c090b926
hk4e/reliquary/attributes/58334.json,50675c92718f7fc88eef80af44a0b57d
hk4e/reliquary/attributes/58340.json,1a167ef46aafd5bea8f3298e7feab62a
hk4e/reliquary/attributes/58341.json,328749a9e3076b0f799c870cf84bf9af
hk4e/reliquary/attributes/58342.json,70d26aa8af7f3c539264e2a0047d6b59
hk4e/reliquary/attributes/58343.json,c82cce27e2bf649f312bf5dd74bc3d98
hk4e/reliquary/attributes/58344.json,63bd66adbe910fa562b3508708226eb9
hk4e/reliquary/attributes/58350.json,62191497103098027ddb824854cded43
hk4e/reliquary/attributes/58351.json,ba38339f6f339f3fadece1d21ff158e9
hk4e/reliquary/attributes/58352.json,d0e939e8a46605f18f01631dcfb4b9da
hk4e/reliquary/attributes/58353.json,bc709b88acfc7b13c19593ff013c7076
hk4e/reliquary/attributes/58354.json,d4647bf5f8a263197630f7a51f07b4d6
hk4e/reliquary/attributes/58410.json,3360bfc9dd92950a34a0063163bdf437
hk4e/reliquary/attributes/58411.json,9a132e86c5fdfaa186243e910b2a81c1
hk4e/reliquary/attributes/58412.json,20c8edb6e8ab56231aa1cf7a2aacf627
hk4e/reliquary/attributes/58413.json,5bfa7d1fe6c8ed90988274b5dcc925de
hk4e/reliquary/attributes/58414.json,d0ecf161cf197f4991a5a9c0bfe857d4
hk4e/reliquary/attributes/58420.json,1bd8f3e2703c423a3321a1ea2aba429c
hk4e/reliquary/attributes/58421.json,d4dc7bf25ea59cccf51e0805be691465
hk4e/reliquary/attributes/58422.json,b4596f2a2642889f5aeba579ef4c8229
hk4e/reliquary/attributes/58423.json,d2ed8bbe5764417d3f3f5fe1491be795
hk4e/reliquary/attributes/58424.json,ae81c5a39c5e4046642ecf375dfacf85
hk4e/reliquary/attributes/58430.json,c2fbd045135212022327c2987d9aa270
hk4e/reliquary/attributes/58431.json,91d6d8dad64795cde0a862e475284f44
hk4e/reliquary/attributes/58432.json,6d22856c92c67ff6d9102f4f138a4cdd
hk4e/reliquary/attributes/58433.json,4ffaa55027bcf0f6dde65f5a8f0505bf
hk4e/reliquary/attributes/58434.json,87ea3e858f5f82a9c61e3e49ff0da50a
hk4e/reliquary/attributes/58440.json,3e4973ad1600f5114026235daa108e53
hk4e/reliquary/attributes/58441.json,14629e1159e508ce6859002282475e59
hk4e/reliquary/attributes/58442.json,e69b20854764bd14da5a6a1a710299d7
hk4e/reliquary/attributes/58443.json,082bc21b5841c57872a4752193333a8d
hk4e/reliquary/attributes/58444.json,79c4f790c5c5f1c8e6404063712ff538
hk4e/reliquary/attributes/58450.json,25fb973324f43d6706c36851c67995c3
hk4e/reliquary/attributes/58451.json,8947505680af3016fabaf5bd30425f95
hk4e/reliquary/attributes/58452.json,12d890949da06c1cc881ee1f8ad50d58
hk4e/reliquary/attributes/58453.json,dfbae7bd54a099f74ce0216d7a0bc0ab
hk4e/reliquary/attributes/58454.json,5b01a9dc7c600ce24e09249348439c09
hk4e/reliquary/attributes/58510.json,b5714b01db77c47efc89b2d5c3d2dbb3
hk4e/reliquary/attributes/58511.json,e076b08141baa02740411f2518cbcb28
hk4e/reliquary/attributes/58512.json,9c90003a4b218b1e1bd9ee676afd2547
hk4e/reliquary/attributes/58513.json,3c2ecf96ade355306e16beff07694ea5
hk4e/reliquary/attributes/58514.json,ab7fedbcc3116bd9bdc00c809a665c41
hk4e/reliquary/attributes/58520.json,5fbaeb5c62d9dd7c49612476f6b36078
hk4e/reliquary/attributes/58521.json,e8cd3a98933a21271156f3e6246bb99c
hk4e/reliquary/attributes/58522.json,af43f94b6c383c5a10784a30fd1f47fe
hk4e/reliquary/attributes/58523.json,3c261bcf109bdcb3c5e4c63aaef7c5fb
hk4e/reliquary/attributes/58524.json,becd47ea161c3e4e04710ad400efbc85
hk4e/reliquary/attributes/58530.json,f0d8a31c42b1712935a7f5870f92ddf9
hk4e/reliquary/attributes/58531.json,cdda8d991e5d1f145e407504525f3be9
hk4e/reliquary/attributes/58532.json,88859914dc0eb7f2a3ba7e58de7ebff1
hk4e/reliquary/attributes/58533.json,add4f2c660617768756d4432a0481c91
hk4e/reliquary/attributes/58534.json,81f67e3deac43eca5071851df279b26b
hk4e/reliquary/attributes/58540.json,9f61fe1bad32f4b2e837011b187f1479
hk4e/reliquary/attributes/58541.json,60e30129864f2ac3c69a6d1ac85b16fa
hk4e/reliquary/attributes/58542.json,77ab3ec767a0792ae25224390b78b781
hk4e/reliquary/attributes/58543.json,04db888ba4f40a98ed1438c3a98a3258
hk4e/reliquary/attributes/58544.json,747130ec5d39acddd34713870e287ed5
hk4e/reliquary/attributes/58550.json,be8c30d74fb7f04cbf56de365ea8ac0a
hk4e/reliquary/attributes/58551.json,9a800ef5d1ffcfd692c955cc5b820844
hk4e/reliquary/attributes/58552.json,6fc574c60b5e8ccb907a9d5bb8ca3b9a
hk4e/reliquary/attributes/58553.json,24863a7dda2cedea53403120e88c2701
hk4e/reliquary/attributes/58554.json,18dcd27a2622a66253cab4b387103c10
hk4e/reliquary/attributes/59110.json,d1bbe1c34aaecb5252117e9093497e02
hk4e/reliquary/attributes/59111.json,9600dccad23c0326c951f35bcc58f76c
hk4e/reliquary/attributes/59112.json,5d71a3cc7c4cd0b652a495fb0d3d6efc
hk4e/reliquary/attributes/59113.json,a566f165cd7a198f0763c9719590ed13
hk4e/reliquary/attributes/59114.json,be04014b2a870be0b778500ec679a3bc
hk4e/reliquary/attributes/59120.json,edd25efef82d288b5390885090f699c5
hk4e/reliquary/attributes/59121.json,4fed8e1654a17a14bb3a48300ef29964
hk4e/reliquary/attributes/59122.json,ae5b71f13ee906591ab47d63a1df2e95
hk4e/reliquary/attributes/59123.json,7d87ae5f41984be9024f548d483e391b
hk4e/reliquary/attributes/59124.json,c7dd5a823013a39e1f6ab8336c01effb
hk4e/reliquary/attributes/59130.json,477edf92316e79bf84bb592c7130d50e
hk4e/reliquary/attributes/59131.json,c09734a052d2a687aef09b51cad81ed3
hk4e/reliquary/attributes/59132.json,a7808b53c1a8123453b2b965027c73bd
hk4e/reliquary/attributes/59133.json,a37f71b62c836b0b62d2c5d97128ed70
hk4e/reliquary/attributes/59134.json,6b9e1de0016f193b42ddd39c00869032
hk4e/reliquary/attributes/59140.json,93e147972b54b945185fb41a82a1689f
hk4e/reliquary/attributes/59141.json,3225048f0ac80123aaec3d0337458dec
hk4e/reliquary/attributes/59142.json,9cbc49fc6cb75ec94096b4ba91f25e43
hk4e/reliquary/attributes/59143.json,9071e824928db78ba95de768f416d28c
hk4e/reliquary/attributes/59144.json,a5724bfe155def88f5c6005bf6e676d7
hk4e/reliquary/attributes/59150.json,0a018f603530e7e64d9f097937ed952e
hk4e/reliquary/attributes/59151.json,afa60e554eb93b3d73ac9255d340509c
hk4e/reliquary/attributes/59152.json,22ad8397cb308306123e8a0fc0f9502d
hk4e/reliquary/attributes/59153.json,03da18e2ab42ecddf993bcb899919b8e
hk4e/reliquary/attributes/59154.json,1e00ab2b421b697ce3000f1f3f6f0f8d
hk4e/reliquary/attributes/59210.json,d48dcaa7c480ed8c63b784d6a1aa25ba
hk4e/reliquary/attributes/59211.json,9b60fc949f829a850610b039f4b86fad
hk4e/reliquary/attributes/59212.json,ecb7d76a019bb85d6fbb6f6101e61252
hk4e/reliquary/attributes/59213.json,4fd251fc16bcdaec05c2194d038001c6
hk4e/reliquary/attributes/59214.json,df16cb2ab1435fb2f34cf98716ebb900
hk4e/reliquary/attributes/59220.json,c436c20d805d3790e556782acc96a2b9
hk4e/reliquary/attributes/59221.json,2de2d9205f0beaa942559c88cf62c992
hk4e/reliquary/attributes/59222.json,b558683acb7956777c56e5c8774bdb17
hk4e/reliquary/attributes/59223.json,2036749f4c786fbca1775dda62cd4db0
hk4e/reliquary/attributes/59224.json,f01cb6075e63a0be608eb93b60a78636
hk4e/reliquary/attributes/59230.json,8c7cb62d4d3d5f7edb7ca2db28e70bd8
hk4e/reliquary/attributes/59231.json,9b048efb918da54306dbf0d889479205
hk4e/reliquary/attributes/59232.json,134bd3fe1217a09687ada66d1675a1c8
hk4e/reliquary/attributes/59233.json,65b5894c2223f3a015b406e71aea4de4
hk4e/reliquary/attributes/59234.json,6f525ee7d0d5f5177f0d74d3e0f9157b
hk4e/reliquary/attributes/59240.json,fc3418d0a946cbd797f5d140e1d79b6a
hk4e/reliquary/attributes/59241.json,8a9866cda6a5ffaca5030fbc99d07249
hk4e/reliquary/attributes/59242.json,d0ecd90fb1d0a2ebaf8450d486c69d42
hk4e/reliquary/attributes/59243.json,0b152da04678c6a5e756bb475245af70
hk4e/reliquary/attributes/59244.json,dec4ec65592a82628d3f006fb3fc02d0
hk4e/reliquary/attributes/59250.json,f450e72a2f24af618a621aeeffb16128
hk4e/reliquary/attributes/59251.json,eeb58bf4f67d1c5dd1531f3cadf0540d
hk4e/reliquary/attributes/59252.json,9e6025ad1ba4a756f1586a788b63a04c
hk4e/reliquary/attributes/59253.json,0ae696f720a2715908df4ea728d9dbd5
hk4e/reliquary/attributes/59254.json,ca78c80f7bfc250d8b190997d39aec91
hk4e/reliquary/attributes/59310.json,518a0bfa9c296cf44339686dcd04009c
hk4e/reliquary/attributes/59311.json,1a91ca84027d06df043d0c134b3ac74a
hk4e/reliquary/attributes/59312.json,cc6cce77f08499e43eefa922dcc258d3
hk4e/reliquary/attributes/59313.json,98dda947432ab9e3c695ef5069418565
hk4e/reliquary/attributes/59314.json,3983a667888f0b92ec876ed0a56872f7
hk4e/reliquary/attributes/59320.json,74e96eb3105b1399a63c4b65248710f7
hk4e/reliquary/attributes/59321.json,0e9dc7a6dc75a602ed80737a1794b1ba
hk4e/reliquary/attributes/59322.json,68d86e552a101107c8536fe3798d0d7c
hk4e/reliquary/attributes/59323.json,df63ddde4e6c37faeb9b1199a13bb993
hk4e/reliquary/attributes/59324.json,5c90adc43abb5a9c1f3fd34e358889e2
hk4e/reliquary/attributes/59330.json,98086ce109952fa4cacd6ab3d99f9941
hk4e/reliquary/attributes/59331.json,735e9a0e4b90ff81caafc218ee812144
hk4e/reliquary/attributes/59332.json,199e2cac501a4995fe1a5e23250ddf1d
hk4e/reliquary/attributes/59333.json,5d66adc895f6f5619d0f87cb92d694bc
hk4e/reliquary/attributes/59334.json,c31ed8bbb87506856ed47fec3f7b31fa
hk4e/reliquary/attributes/59340.json,14b1357ab7455a66d5219083db85ca9b
hk4e/reliquary/attributes/59341.json,ec824c5003498831fd7aa53e403dc645
hk4e/reliquary/attributes/59342.json,bae3f92a1ae9c5743f44b941c415866a
hk4e/reliquary/attributes/59343.json,157505d17777348bba623909a6ae19a9
hk4e/reliquary/attributes/59344.json,ade5d4866b4085d831665dbe4173eab3
hk4e/reliquary/attributes/59350.json,aa8471f36655e34f1e9bc0a45c440913
hk4e/reliquary/attributes/59351.json,c87f23f4587d56c4a25ddfcdfcb3e9b9
hk4e/reliquary/attributes/59352.json,b4e2bd93b6aab3fe94ddc8e1d79f5fd1
hk4e/reliquary/attributes/59353.json,567fe6e8a3b029384d52d4a5be2aac3a
hk4e/reliquary/attributes/59354.json,d10eda5d5de0232258f20bcea029c1fc
hk4e/reliquary/attributes/59410.json,c87d5026b3d3fb9e5719f55a811c3ef2
hk4e/reliquary/attributes/59411.json,534227a6af923de4692a6b67190b6404
hk4e/reliquary/attributes/59412.json,47f7c2a9b25e5e5a2f27b817136fb83c
hk4e/reliquary/attributes/59413.json,608d9cc3967bafbdc9046305877f19c5
hk4e/reliquary/attributes/59414.json,e0681aeb85128b066683c85a274fb272
hk4e/reliquary/attributes/59420.json,37767e0f01779c8b9ff4423234f6751f
hk4e/reliquary/attributes/59421.json,a7e8742cbed5aa166f194a58cb8a6021
hk4e/reliquary/attributes/59422.json,02732fe323d48b3b36fa03a0926597bb
hk4e/reliquary/attributes/59423.json,2773c0b1b3ace2e794feeb4502e3c1dd
hk4e/reliquary/attributes/59424.json,5d8478e51f16caea68891e5e19b96971
hk4e/reliquary/attributes/59430.json,cd761e32b0fa82c2e42a39d2d2d21d02
hk4e/reliquary/attributes/59431.json,81ebc60c81a67b36078b98f9b0553e79
hk4e/reliquary/attributes/59432.json,bd3f1185fcb337a9fad9feb993d5e2e4
hk4e/reliquary/attributes/59433.json,979f1fbf94adde15172b027c8374a174
hk4e/reliquary/attributes/59434.json,7605e11d9bde432fc8800d4dfcecf61f
hk4e/reliquary/attributes/59440.json,e2ad4797c24b80a8f7fe83c670bf84cc
hk4e/reliquary/attributes/59441.json,38659a65de30edfa0de695c32cc8cbdf
hk4e/reliquary/attributes/59442.json,dafd1a8795e72767f15a2c4421db521b
hk4e/reliquary/attributes/59443.json,710c1824f1fe9627aec0e11870b2815a
hk4e/reliquary/attributes/59444.json,a5ae12bbdf2665b1e450662acb953fd4
hk4e/reliquary/attributes/59450.json,0b813f6321b506fcd03d772fbd251a23
hk4e/reliquary/attributes/59451.json,946dec3feecd8b4be859ff7c9603f885
hk4e/reliquary/attributes/59452.json,280f6010fc0ebc8e3f98948fe6ffcb08
hk4e/reliquary/attributes/59453.json,b8e3ce82312628b5dad0cfe316e8c5e4
hk4e/reliquary/attributes/59454.json,b4f2014dd6d4c226f33497f4b9f52441
hk4e/reliquary/attributes/59510.json,e25fb367c115f898930ef5063209d106
hk4e/reliquary/attributes/59511.json,9b1e2b054e7ffe99da447d7eb4908c89
hk4e/reliquary/attributes/59512.json,0deb7de96278bb49c5bb477d6cb92b44
hk4e/reliquary/attributes/59513.json,afb23251a5eb0f127e6cf906d669d3e2
hk4e/reliquary/attributes/59514.json,24045f1b721068fe03be589871649e71
hk4e/reliquary/attributes/59520.json,232808ffb3f085643b8718182d28fcbe
hk4e/reliquary/attributes/59521.json,2086a599f4e5d1c9886e44e418ca1d60
hk4e/reliquary/attributes/59522.json,a94515575c9205f47fc7cc9a4d7a7a0b
hk4e/reliquary/attributes/59523.json,04a145d3f9e82245d859388ac0bffbf6
hk4e/reliquary/attributes/59524.json,93e5a360d58ec904bb04eaf15619a96d
hk4e/reliquary/attributes/59530.json,3e562c874cb38869b3211dd4fda2b755
hk4e/reliquary/attributes/59531.json,52a21a0de14f7d5377fe1d6ea5e675e7
hk4e/reliquary/attributes/59532.json,e85faea322a50a619a8f0fae4dfc3c39
hk4e/reliquary/attributes/59533.json,cbe18813eacc497d10e2a44e8c956b5e
hk4e/reliquary/attributes/59534.json,f3ea6012d191d63d6f16e8ff4a766501
hk4e/reliquary/attributes/59540.json,0c6b55dfb6db98acf4db7ea5781b6d9d
hk4e/reliquary/attributes/59541.json,fdf5323fcf4593b4da505fc6b0a8fa7e
hk4e/reliquary/attributes/59542.json,f458fc506ab9646582d43113d984bfcf
hk4e/reliquary/attributes/59543.json,4b1abc87af2c1ede2aab1eff445631fc
hk4e/reliquary/attributes/59544.json,2d97e5f8592afd2df1b1b52c24281ba2
hk4e/reliquary/attributes/59550.json,2302cf62cf7b2b8b88128a5f389c8643
hk4e/reliquary/attributes/59551.json,88b84c8207d00ad9e7ca43c220b5894a
hk4e/reliquary/attributes/59552.json,8d6af1310ed8687ceda33b5a9bccc5b1
hk4e/reliquary/attributes/59553.json,e7426cf4f5d4bc81a2a9e3b87d387a80
hk4e/reliquary/attributes/59554.json,dd480873d59a7721dfa2ec4cc1d760b8
hk4e/reliquary/attributes/60110.json,5f61d02e5bedbc62cd05c51151e4f328
hk4e/reliquary/attributes/60111.json,55265cd86400fa4e57956aa7ee5c3da8
hk4e/reliquary/attributes/60112.json,8c4d7d654f08fe7a48dfdb97cbd643cc
hk4e/reliquary/attributes/60113.json,86b3de5ea880c58eae4ba9281364f8e2
hk4e/reliquary/attributes/60114.json,3695c269db65f8c471c0227d8a58640f
hk4e/reliquary/attributes/60120.json,746caf9f0047cf8378fe081566692c04
hk4e/reliquary/attributes/60121.json,24c2ef50b790112273e9ddeea6072c0d
hk4e/reliquary/attributes/60122.json,82b16124e492b31f354cfe0d6125d766
hk4e/reliquary/attributes/60123.json,3f3adce069dc7a9d966a9c1f752baffd
hk4e/reliquary/attributes/60124.json,ae4c6f4fa08c69e6f9267d2d6e9e143b
hk4e/reliquary/attributes/60130.json,6790ab68895909da3b7f27ee9b6a7066
hk4e/reliquary/attributes/60131.json,2fa7159e0f38b90c6196bd23df4bae67
hk4e/reliquary/attributes/60132.json,5e262611c7c4a3ef33de0afe717d914d
hk4e/reliquary/attributes/60133.json,f3d440ae615c01371cd074120ed02113
hk4e/reliquary/attributes/60134.json,ac239a0886e3340010d0e354621c9704
hk4e/reliquary/attributes/60140.json,73891ad6ca65f5149f3689daf4d9b98e
hk4e/reliquary/attributes/60141.json,1da051ef8cc9fb1811036d123487161f
hk4e/reliquary/attributes/60142.json,fb7c0f13577f0599186b093a78dcbc81
hk4e/reliquary/attributes/60143.json,c6c7bf33330f60ead61ae3242bfc1daf
hk4e/reliquary/attributes/60144.json,927a384d176edcd0410a0b51c1db36e3
hk4e/reliquary/attributes/60150.json,d72251cf61d542c4b526b174a54421ac
hk4e/reliquary/attributes/60151.json,63f645e410c4f99b3c5ef7cd82f0dccb
hk4e/reliquary/attributes/60152.json,2c3a330ed57837a55542b0a1c6da9bf3
hk4e/reliquary/attributes/60153.json,c9ae1051609f4cd870557e38b82f2995
hk4e/reliquary/attributes/60154.json,a976eec620fe37b7848498df6f2da7e1
hk4e/reliquary/attributes/60210.json,d1ebd300d36145315f7951fe5dde35a2
hk4e/reliquary/attributes/60211.json,c832797749370743cc14f2bbaa170a98
hk4e/reliquary/attributes/60212.json,5fcadf00b93c9609d7059482bfb4ffa6
hk4e/reliquary/attributes/60213.json,28586ce29a699567a6256f6cff1c9e66
hk4e/reliquary/attributes/60214.json,0a4b0efa2bcce74caa4d61129c67e99d
hk4e/reliquary/attributes/60220.json,a367ff4e4663def5a7eb7d49aa6b74c1
hk4e/reliquary/attributes/60221.json,40303271ecd90acb7ee13aae5003f670
hk4e/reliquary/attributes/60222.json,8d61873cf4da36e83b5df1139471fc02
hk4e/reliquary/attributes/60223.json,ffff7fbef40f260b9199e8777c378994
hk4e/reliquary/attributes/60224.json,b973a1da1fe44d8b1a26fb9a56bcda5e
hk4e/reliquary/attributes/60230.json,f3be98cef102d3be2285e09692bf279e
hk4e/reliquary/attributes/60231.json,f385206304d3017df1a2ccef12d4ae30
hk4e/reliquary/attributes/60232.json,040197337ff2dd43c5eb98a0a5126465
hk4e/reliquary/attributes/60233.json,7946f2e0a63dba7fcedc5d5393d3713f
hk4e/reliquary/attributes/60234.json,5b59a1949cac1872375c3fe04289e441
hk4e/reliquary/attributes/60240.json,6927b2acbb826172154c05bd5f8da135
hk4e/reliquary/attributes/60241.json,977288ccf948de79ab14959de65bd90c
hk4e/reliquary/attributes/60242.json,7291924f4e2e12bdd2229788249e8fbb
hk4e/reliquary/attributes/60243.json,a77649ec304533de75dfb5ff7d970ca6
hk4e/reliquary/attributes/60244.json,eb5663e4e977224e9e7faeb803a50171
hk4e/reliquary/attributes/60250.json,e90bc2804a970c8375ace439ea0192a4
hk4e/reliquary/attributes/60251.json,2d90c5660ddee886ff82c10d46ff0e91
hk4e/reliquary/attributes/60252.json,229fa55cd8225780519caec69c0f7cd4
hk4e/reliquary/attributes/60253.json,057e427e2ee1e801b33d2aea359a91ea
hk4e/reliquary/attributes/60254.json,7beded46de372f10edc358360cf5c756
hk4e/reliquary/attributes/60310.json,b59921bd522645e3e30ed77ae406af88
hk4e/reliquary/attributes/60311.json,13c1b9db2b302469b6fed0580bf1fc0e
hk4e/reliquary/attributes/60312.json,4bf3c5fe2aa2db292787cf1e54e32f1a
hk4e/reliquary/attributes/60313.json,8f8a46f38895f1b6fe0d4385a1eafafb
hk4e/reliquary/attributes/60314.json,b112db0af8e52ddd1d3fc7a5b862b1e5
hk4e/reliquary/attributes/60320.json,83d39c046795f6979b8230e4eeed68b3
hk4e/reliquary/attributes/60321.json,b66d4485c4590b58bd58d40cd2e82afb
hk4e/reliquary/attributes/60322.json,ef3ee945c6fc37280aaed91166fd32b8
hk4e/reliquary/attributes/60323.json,3afcccff6385f07b1a0bebcb2be8d527
hk4e/reliquary/attributes/60324.json,b1c2a119b5d77b4ec8203c4faf08e174
hk4e/reliquary/attributes/60330.json,3999d919922473088a4869da0588dca1
hk4e/reliquary/attributes/60331.json,d951b4eed1138da417391787ad47ec61
hk4e/reliquary/attributes/60332.json,523c45980b71e962e65ad7058515473a
hk4e/reliquary/attributes/60333.json,08e32189b618daccb6e1720e287bafce
hk4e/reliquary/attributes/60334.json,5fa31f8e21a85914dde54fba28da86a1
hk4e/reliquary/attributes/60340.json,72ba95905194679d95c13950868f7f5c
hk4e/reliquary/attributes/60341.json,46847dc1b94780a7ed4b4a87113e2cd2
hk4e/reliquary/attributes/60342.json,2aaa9d054bfdae52289a61cd27770c54
hk4e/reliquary/attributes/60343.json,09799256d254901991c9a963ef749f16
hk4e/reliquary/attributes/60344.json,430def40a2d1502fe66b5910dd42b5e0
hk4e/reliquary/attributes/60350.json,dbb3caafd6014545788eced6ac7afbaa
hk4e/reliquary/attributes/60351.json,2f41fcee65b1c62ab792f34dc2385510
hk4e/reliquary/attributes/60352.json,15c44381ea18b5de081d3c3a2ecf0c2e
hk4e/reliquary/attributes/60353.json,c02e49921aef7ef088eeba8043264a47
hk4e/reliquary/attributes/60354.json,68efc10eeb77118f92044e24af1cbdb6
hk4e/reliquary/attributes/60410.json,598c06184fba2e0a99604db7daac805d
hk4e/reliquary/attributes/60411.json,804db8394471272b1d4c1f52863f876a
hk4e/reliquary/attributes/60412.json,0add5e9cf9a51b6d03b276219f4b86cf
hk4e/reliquary/attributes/60413.json,934bf7f299ccec02dba5bb7e5bcfad70
hk4e/reliquary/attributes/60414.json,f3af5cbad4f48f30fd5d8ce888c448a6
hk4e/reliquary/attributes/60420.json,6ad1169b250dd1132b7ab9dfdc1536c7
hk4e/reliquary/attributes/60421.json,9479affe044972e5a46354819cead2ac
hk4e/reliquary/attributes/60422.json,088c30ef9e32ced6d1ca57dcefed9828
hk4e/reliquary/attributes/60423.json,b7d8c494704bbd50db1d4e57aa46164d
hk4e/reliquary/attributes/60424.json,7a0c3bd494b1a677e7ff46d80312aeb5
hk4e/reliquary/attributes/60430.json,d8d8f659196ca9a421caa4118e92e071
hk4e/reliquary/attributes/60431.json,60dcd34b14c416b4f254fd8ba72776d6
hk4e/reliquary/attributes/60432.json,8ad7d26c26bd09f118e7ea1c894911f4
hk4e/reliquary/attributes/60433.json,8cacafe4b9153ffa05479d85202c1aba
hk4e/reliquary/attributes/60434.json,959e92f4c6cdbe213f65922b8a744e3f
hk4e/reliquary/attributes/60440.json,71fcad3a0a401cf53d49f5df7aa0a2a6
hk4e/reliquary/attributes/60441.json,607ac15b1dbfc5974bc58bb9e5376a22
hk4e/reliquary/attributes/60442.json,416c1c723463c2e579442a97055e4384
hk4e/reliquary/attributes/60443.json,4712c36fa43a31c2039beed0841be2c9
hk4e/reliquary/attributes/60444.json,92c08afc433f60327cf3c8cd203a0fe2
hk4e/reliquary/attributes/60450.json,718b5a9d7ecd9cc87456a306a20c2b5f
hk4e/reliquary/attributes/60451.json,62eb935af819603e7da58cd0e938ad68
hk4e/reliquary/attributes/60452.json,94f6ac822794685a550d04c616a28b30
hk4e/reliquary/attributes/60453.json,2f6ad8bbabd552823c4bf914e6cc065c
hk4e/reliquary/attributes/60454.json,04b1f3b3972e79671e3ebde32369fb5d
hk4e/reliquary/attributes/61110.json,7b35ae2591d1095461cfe4d1f23a4a75
hk4e/reliquary/attributes/61111.json,29a8428ecdb18264f6216a7fb10faccf
hk4e/reliquary/attributes/61112.json,24476c8f28b93836039fc5d614c7bbdc
hk4e/reliquary/attributes/61113.json,3ca18a3b175ed86b659f20fc1ea20d3b
hk4e/reliquary/attributes/61114.json,f5f13986928ba3d9a48d1bafce67fdf9
hk4e/reliquary/attributes/61120.json,b3299697919cb1416dd03aca5bff6d18
hk4e/reliquary/attributes/61121.json,92e737285fc7a5aeb8f46735df2a01b1
hk4e/reliquary/attributes/61122.json,50e7cae5b05b1b6fb1578da7de4b97fe
hk4e/reliquary/attributes/61123.json,9d73820630f018cba39f56a7bc21f2b9
hk4e/reliquary/attributes/61124.json,ee02ccabec52428a33771744ceff3144
hk4e/reliquary/attributes/61130.json,ad5b287f5b4a9417339fd27e7e610efa
hk4e/reliquary/attributes/61131.json,6ea62eba421dbb7c723b58d35736b544
hk4e/reliquary/attributes/61132.json,7d107793b6c35deb1cae7ca43c0a8332
hk4e/reliquary/attributes/61133.json,a4161825beddab33a56d851552d007eb
hk4e/reliquary/attributes/61134.json,80c9a638eed26469a7e8647b91fec48f
hk4e/reliquary/attributes/61140.json,d969997cdea5d28b032247852843d088
hk4e/reliquary/attributes/61141.json,0611bd46a65969351ceefee41af5f5e5
hk4e/reliquary/attributes/61142.json,1ce236ad21f3d693df38a14718aeb0c6
hk4e/reliquary/attributes/61143.json,9bf6cb2259639f3d8ff9bca83479d7fa
hk4e/reliquary/attributes/61144.json,783f3429b9794f247eaebcfc8011476c
hk4e/reliquary/attributes/61150.json,0a56b36ace294f5058b7436d06ab0c63
hk4e/reliquary/attributes/61151.json,d0a7e991ffe939282ea4e826d1503bd0
hk4e/reliquary/attributes/61152.json,c284230ba05e4e6ad0b9d3aa92cd39bc
hk4e/reliquary/attributes/61153.json,c7a1a61da63cc42abcd6babf58f23378
hk4e/reliquary/attributes/61154.json,0b0ffdc2bb87594cdde31b1c79cc1ef1
hk4e/reliquary/attributes/61210.json,268b5967127e6541bebc3d25d42b3322
hk4e/reliquary/attributes/61211.json,3d88951362012709a6274dda33ac2648
hk4e/reliquary/attributes/61212.json,c719c9d6b2a9acce9e0a6c208cdf5e94
hk4e/reliquary/attributes/61213.json,3f2b028e9766c767915fc0069af8f3ed
hk4e/reliquary/attributes/61214.json,9857511ac726bd6fbec89eb9a9a4b4ef
hk4e/reliquary/attributes/61220.json,57eb2734f6b565a83ba3947836cfe3cf
hk4e/reliquary/attributes/61221.json,00d4e928d30b9081e2fcd91e3cceeaf7
hk4e/reliquary/attributes/61222.json,d3e182a06978893aa2deaf3dbd4c5af4
hk4e/reliquary/attributes/61223.json,e7416513f6cc66e444209057736591f5
hk4e/reliquary/attributes/61224.json,d304face523638ad82669f0060a0ac80
hk4e/reliquary/attributes/61230.json,6594de5d5bd6b7ec691d9f077859e6e6
hk4e/reliquary/attributes/61231.json,b53db7f230b42642708a149bc0e37c70
hk4e/reliquary/attributes/61232.json,51fd2fca51f374e808cb62b021882493
hk4e/reliquary/attributes/61233.json,f76ae09018c6b11a0c04293ab197221a
hk4e/reliquary/attributes/61234.json,b8b819fb688d7bafc2110a4f28367547
hk4e/reliquary/attributes/61240.json,324941a2218f5e9a08e2ac942cd83198
hk4e/reliquary/attributes/61241.json,1f21405bce5a136ff38a692196d4769c
hk4e/reliquary/attributes/61242.json,cc72ec92fcb8aaaec13e051394891661
hk4e/reliquary/attributes/61243.json,733979d0c5f21f168a93d9f389213079
hk4e/reliquary/attributes/61244.json,ce28b012f4de97552e5ccd0fb95c14a4
hk4e/reliquary/attributes/61250.json,bb705bf762c8ef4aa86c3d2c8a7812c0
hk4e/reliquary/attributes/61251.json,b5fad86e53f6e4db09163f134981beec
hk4e/reliquary/attributes/61252.json,1bfa9d65cabd3dce452950a9d4b6621a
hk4e/reliquary/attributes/61253.json,a0440c27234602ecda76b099da37b856
hk4e/reliquary/attributes/61254.json,11321bd03e74721d0a80dfb041fe8f13
hk4e/reliquary/attributes/61310.json,23a3f6da63686c38aa30b7f517a32e71
hk4e/reliquary/attributes/61311.json,a8b6802b8e5b9eea5931b90b1dc544dc
hk4e/reliquary/attributes/61312.json,6933f247b0192a0a4b6a509d8c264935
hk4e/reliquary/attributes/61313.json,bc31f5cfcad98aef03fa418a68aad484
hk4e/reliquary/attributes/61314.json,a6c5d29d65b6b5c0f2bb352c32af0f54
hk4e/reliquary/attributes/61320.json,5f46340c2d4a65f6e49520b7b48d4bbd
hk4e/reliquary/attributes/61321.json,2dbf7bd1fece5107f4759cc581c3d767
hk4e/reliquary/attributes/61322.json,991027298fd6ec367dc9aa7739dfa271
hk4e/reliquary/attributes/61323.json,d5a59aa9189bb9be3d73c5da680a6eb7
hk4e/reliquary/attributes/61324.json,1c2308e64375b2d8348f5c5bba32e394
hk4e/reliquary/attributes/61330.json,3cb85050260ad93cb21921259cb18969
hk4e/reliquary/attributes/61331.json,4aeccee124a116fa8e154ac8820c67de
hk4e/reliquary/attributes/61332.json,83ce5d2241307cfa380c8e0f78216f33
hk4e/reliquary/attributes/61333.json,0752c0af06549673ded7481277e6c8b6
hk4e/reliquary/attributes/61334.json,326be0d39b98ef347a9cff87f03ac6da
hk4e/reliquary/attributes/61340.json,c94003b4ab4c7218e32ea51c8b21345f
hk4e/reliquary/attributes/61341.json,20f562de6a79320e9e90063b800d8f80
hk4e/reliquary/attributes/61342.json,8873ff27b20c74aebefddd1ac3fee048
hk4e/reliquary/attributes/61343.json,14676031e015aa1497f2061e8a7cdab5
hk4e/reliquary/attributes/61344.json,2f5691192a6899a0e54757a85fd2c4ad
hk4e/reliquary/attributes/61350.json,0250065374ecf47e91ec909cd965adaa
hk4e/reliquary/attributes/61351.json,6ce4be0e242af0835a560eb8e2e52030
hk4e/reliquary/attributes/61352.json,08dfa4165ccd4dfd71ff52994fa99a47
hk4e/reliquary/attributes/61353.json,2b24be4d5e102c5d2cb5565666f12ab6
hk4e/reliquary/attributes/61354.json,8d26892ea54f9cef584c4255a1419194
hk4e/reliquary/attributes/61410.json,f9fbfadfc500d04a8be828e8942d9c66
hk4e/reliquary/attributes/61411.json,e7c53c1bbd2569b9435e3297788b8bf4
hk4e/reliquary/attributes/61412.json,ee1b564597f0be56eb843253c7ebc649
hk4e/reliquary/attributes/61413.json,bf9155acfaca0acb977c594dc1dacc09
hk4e/reliquary/attributes/61414.json,d8c5d90d3fd8ef35d8290661020f60a8
hk4e/reliquary/attributes/61420.json,1ea7ddf131cf5b0362cef13f69517d03
hk4e/reliquary/attributes/61421.json,65710d4f46beae47a7f95ba45eede792
hk4e/reliquary/attributes/61422.json,e67a8a5d3f1c39707c43b30e32677848
hk4e/reliquary/attributes/61423.json,5fa660d33a1b4d7604da38231e3d2f21
hk4e/reliquary/attributes/61424.json,ae319c347e8ce809283a55ec630a173d
hk4e/reliquary/attributes/61430.json,9747baee89b08f5554d4bc18666407ee
hk4e/reliquary/attributes/61431.json,df54501407eb901cb1f1b84df775c0e5
hk4e/reliquary/attributes/61432.json,64efc31cf88952eca46118da3c879ad3
hk4e/reliquary/attributes/61433.json,c807e2c39ad97ea8b880000425ecbc5c
hk4e/reliquary/attributes/61434.json,c5bd489cb721572a0e1c9425c70a9e33
hk4e/reliquary/attributes/61440.json,6227766f44c0f0db0d51e91215199fa3
hk4e/reliquary/attributes/61441.json,07f75d5618ef6ee85996139f3133c01c
hk4e/reliquary/attributes/61442.json,14e75d36c350d31435fda72092a383d6
hk4e/reliquary/attributes/61443.json,e4eec1229277f28cef9fb2a6f70c07c3
hk4e/reliquary/attributes/61444.json,43dd30fdbfe86077d422ddc06c73c2a5
hk4e/reliquary/attributes/61450.json,a7323b3509a01a911507667e04aedd7f
hk4e/reliquary/attributes/61451.json,682ece8d22f3ef00e179331a7db40d9f
hk4e/reliquary/attributes/61452.json,dcaeb6b0e282a6c52412e923d4902dba
hk4e/reliquary/attributes/61453.json,4a89e89ca798b10f9311fb4ebf4af90f
hk4e/reliquary/attributes/61454.json,7ef52981007f77be8419b69c7fc4bd16
hk4e/reliquary/attributes/62110.json,a0ed1b264b696e83e2d2ee4f2848b4db
hk4e/reliquary/attributes/62111.json,fb682aeaa3c35b8b7b694c1c208cdfad
hk4e/reliquary/attributes/62112.json,13c253c68769626fad3683e839e1ec4b
hk4e/reliquary/attributes/62113.json,68b0eaccb3af2635fb3f627547c3d67d
hk4e/reliquary/attributes/62114.json,73ceacc0a1ae4eb94ae9f6acfaabd3e4
hk4e/reliquary/attributes/62120.json,9b1735638e3c71cf88fc6d4080d4dfe2
hk4e/reliquary/attributes/62121.json,ba00d324b6b1cd86498e185e9a6e4a7c
hk4e/reliquary/attributes/62122.json,02eb312b90b0a5d72315ccefdacc0a17
hk4e/reliquary/attributes/62123.json,f7e8844acae31e33babc06f5ea1dd18e
hk4e/reliquary/attributes/62124.json,f02ec45343218d23801bdfa0880e74b5
hk4e/reliquary/attributes/62130.json,b8d835574909ff75fbcb3db1e80a9d1c
hk4e/reliquary/attributes/62131.json,cb756b3684e02a5064f4ddea41ea3dd0
hk4e/reliquary/attributes/62132.json,41abf484af0cfd9ccf6810470827f1cd
hk4e/reliquary/attributes/62133.json,6079343e98afa4788a9445a046709377
hk4e/reliquary/attributes/62134.json,27fbc4d63ea5de9f030d808b2f5eb2aa
hk4e/reliquary/attributes/62140.json,f11c798134b38d1450ad203c3441741e
hk4e/reliquary/attributes/62141.json,95647fe25ca1d21507d61786b5387b26
hk4e/reliquary/attributes/62142.json,9eefb158fff612ced0f4fc27bb2545ac
hk4e/reliquary/attributes/62143.json,854395a24f0dc79f4e39ba0ed69ecc68
hk4e/reliquary/attributes/62144.json,389b2e8b7e79282ee8c85fe8a8628dfe
hk4e/reliquary/attributes/62150.json,1b94d894f633e5058500a460ea5d388f
hk4e/reliquary/attributes/62151.json,8e15db6dd597732001fa81974e9fb628
hk4e/reliquary/attributes/62152.json,b65b703bd21774acd54e3f2bcc004132
hk4e/reliquary/attributes/62153.json,9cde7ca1ad762b379aa79f318dda4744
hk4e/reliquary/attributes/62154.json,75855b2712c368d051ad805516ee3526
hk4e/reliquary/attributes/62210.json,ea6271884e115518cd434535b4205b21
hk4e/reliquary/attributes/62211.json,8d4734b2afc18a026339029d4625b4fc
hk4e/reliquary/attributes/62212.json,8740532d337ae57e45c99c710bd00806
hk4e/reliquary/attributes/62213.json,4dfffa2e397ea3e8cf06c54c7490a8af
hk4e/reliquary/attributes/62214.json,ea40beeaafb9a69c745c7aa491f5bfde
hk4e/reliquary/attributes/62220.json,53dbd44879926db89047e12b04bb6fa1
hk4e/reliquary/attributes/62221.json,cf5d9be278f3d5098f7a9e173c30dd97
hk4e/reliquary/attributes/62222.json,127eaaf798074bb79d84d8ef7bec7444
hk4e/reliquary/attributes/62223.json,ac4c570233ea95c37906947ebc913ad0
hk4e/reliquary/attributes/62224.json,931762291e7077afa481760c964112f0
hk4e/reliquary/attributes/62230.json,b6ee3fc17e2d5e2c6ed72ce6903d58af
hk4e/reliquary/attributes/62231.json,f71f759e5c50fa19a1416ecce600d8e8
hk4e/reliquary/attributes/62232.json,d3a318927a351dd40c5db2c7f9ae2d54
hk4e/reliquary/attributes/62233.json,323a3bba1160112b2cb2e08336ba041a
hk4e/reliquary/attributes/62234.json,dccda3f2cd4b50d2e76c1be108eadf95
hk4e/reliquary/attributes/62240.json,b874221e23c99377cd880c397999ec1d
hk4e/reliquary/attributes/62241.json,8e3d361a2f05cc28df5e3e0a0ed09d91
hk4e/reliquary/attributes/62242.json,29c26c7f408a48bdce781f133eb65bbe
hk4e/reliquary/attributes/62243.json,0f7da3e0ba510f0039859b532c39a47d
hk4e/reliquary/attributes/62244.json,22c962d1cfd009a705f8267bce21f42c
hk4e/reliquary/attributes/62250.json,d9c5d400d2d3568a83d4cf19a01487c5
hk4e/reliquary/attributes/62251.json,6bd1358bdb4c6ab90513b0fb020caf5a
hk4e/reliquary/attributes/62252.json,b5ecc45421c6e0b4edb6d0f839eaf640
hk4e/reliquary/attributes/62253.json,6c1a417612e6f733e0080510d6da6901
hk4e/reliquary/attributes/62254.json,71dc9895e6b698b670340809a951ac8a
hk4e/reliquary/attributes/62310.json,f76590453fa28ac823a99f7c79e7f234
hk4e/reliquary/attributes/62311.json,15b0969eed71632b15744130eb4a0758
hk4e/reliquary/attributes/62312.json,3652706bc92d81bdef59cc789eb95651
hk4e/reliquary/attributes/62313.json,5cff78537a5c7a25ac2826bd49887451
hk4e/reliquary/attributes/62314.json,7ab3c9de8d9976b59dde63a861c77fa2
hk4e/reliquary/attributes/62320.json,2af02bd51315bbd0559c6cca36ead33b
hk4e/reliquary/attributes/62321.json,19b6b85b557d71641546038e3586ffae
hk4e/reliquary/attributes/62322.json,89a59c3a15bbdfeefa3656746b79b804
hk4e/reliquary/attributes/62323.json,6d283b732d7c5531eb794bf4af207ce4
hk4e/reliquary/attributes/62324.json,4bfbf9f41e29e35b8ae6fd505ede5b72
hk4e/reliquary/attributes/62330.json,b89a2b1bc058ab00e8f2f78d1eb80b14
hk4e/reliquary/attributes/62331.json,8d339016da293c9f2e49fe5d3033f254
hk4e/reliquary/attributes/62332.json,d5919c1c527dadf4d2028b564ef87d35
hk4e/reliquary/attributes/62333.json,1b945bc172a23d841c604c083826d0cd
hk4e/reliquary/attributes/62334.json,8e5b99342b697972324e7f2e3e1ff321
hk4e/reliquary/attributes/62340.json,fc7800e1a5e7c0e45eea4e42e3913bca
hk4e/reliquary/attributes/62341.json,982c1edb44d5b74467ab112c61dbaf9e
hk4e/reliquary/attributes/62342.json,fe6a475ce29bcf30cffb84c1055a2c34
hk4e/reliquary/attributes/62343.json,f8fb8236f2615a6b5e197f33afa19110
hk4e/reliquary/attributes/62344.json,18de574ad4ea0ef513f7f9b175b2afe4
hk4e/reliquary/attributes/62350.json,5419a3ff90330abfd87640fc26e53c61
hk4e/reliquary/attributes/62351.json,a9be32066ce4f250d63a31b310db686b
hk4e/reliquary/attributes/62352.json,630fbd81c5661f392c445b2cc0982654
hk4e/reliquary/attributes/62353.json,e713df223a4ff5b29a6bf25bc36d57e1
hk4e/reliquary/attributes/62354.json,da7352a034afe78d63ae8b32515f292d
hk4e/reliquary/attributes/62410.json,d76de7eb4b86c38ccb548a470ca4698f
hk4e/reliquary/attributes/62411.json,d053f87d28e618f8f5622f8a52029578
hk4e/reliquary/attributes/62412.json,dfa498d145414ceca5a0b9470faba971
hk4e/reliquary/attributes/62413.json,cf24923dc653e49a2e9cec280373b811
hk4e/reliquary/attributes/62414.json,d81a0b2bb9637dbcd906a7d634a38277
hk4e/reliquary/attributes/62420.json,48d499af27fb9bcd5f4a3a5545091dda
hk4e/reliquary/attributes/62421.json,eadceb84bf00b3c7030bfd5a7f7c4eb4
hk4e/reliquary/attributes/62422.json,d6851b262bd8282bb491e2090bd3c10d
hk4e/reliquary/attributes/62423.json,3042763be16f1975d82cd678c93ceb75
hk4e/reliquary/attributes/62424.json,0a2f4b1b6929de01a50c5126111b57fe
hk4e/reliquary/attributes/62430.json,c79bcc0db828621d11d92602c27640d1
hk4e/reliquary/attributes/62431.json,bacd7e7e77148041a1a0daa2ac31bc5d
hk4e/reliquary/attributes/62432.json,7e5b45e26afc02b5dd39fc7223d3572a
hk4e/reliquary/attributes/62433.json,63b604918ca262c5af6a0429b927575f
hk4e/reliquary/attributes/62434.json,acc301e6073f819dfab9cdcb29a483f9
hk4e/reliquary/attributes/62440.json,8b2dc0c373826556ced562d6f3e5ea58
hk4e/reliquary/attributes/62441.json,e5995d530cb4e3e9bec8df5061c91489
hk4e/reliquary/attributes/62442.json,f6c8283186972b4d2d7fbbd489cc5376
hk4e/reliquary/attributes/62443.json,bd17c37f3136210940a4b03d9126645c
hk4e/reliquary/attributes/62444.json,49382f355c98e3df3c50dbcf1dbf5a3d
hk4e/reliquary/attributes/62450.json,fa669c804a46be232398e2e4b1796f4c
hk4e/reliquary/attributes/62451.json,fe38428edc537c9508f1f4aad9a1629d
hk4e/reliquary/attributes/62452.json,5aed16c5172f1ddb69a6af18ee0efcd6
hk4e/reliquary/attributes/62453.json,5fba4596bdd6a2e8d6bb0ca0c7465faf
hk4e/reliquary/attributes/62454.json,ff926e55b2f79bba918379b5dbc1128d
hk4e/reliquary/attributes/62510.json,f9a2a16040fb66e3d6ee761662b3393d
hk4e/reliquary/attributes/62511.json,192733e5f638500d5feff50e9ea0eeec
hk4e/reliquary/attributes/62512.json,2ffec3df589c8a7ba87761a06a07a050
hk4e/reliquary/attributes/62513.json,6485737c71b5ceb13e4eee8d3bee5158
hk4e/reliquary/attributes/62514.json,c603aeb98454c00bede7b2fcb5218da9
hk4e/reliquary/attributes/62520.json,a03395bc9e0f640a8a468cea8c4b803a
hk4e/reliquary/attributes/62521.json,c4b55cb08478e341851e4c59f8cf0ee4
hk4e/reliquary/attributes/62522.json,d16f4f6ac10324a33f3fad8d0fcb442f
hk4e/reliquary/attributes/62523.json,1a530b263dc80cee0f09ff2344084247
hk4e/reliquary/attributes/62524.json,6b7973e10c245028029d0e01e28ed40f
hk4e/reliquary/attributes/62530.json,75395807a905757f4e7504ffe0c46192
hk4e/reliquary/attributes/62531.json,7e759be6d21bc805f599db9cd3aedc05
hk4e/reliquary/attributes/62532.json,b6f2d381df7eb6cd817675015c56cae5
hk4e/reliquary/attributes/62533.json,2641f60b6504bcb8b62347e42226f2ce
hk4e/reliquary/attributes/62534.json,2702e42e05dbfdf08ff07ee21551ea49
hk4e/reliquary/attributes/62540.json,9e0d2c4add80cc43e18540db6abdd0db
hk4e/reliquary/attributes/62541.json,9eb375b22c542bf38d04774eab426d7d
hk4e/reliquary/attributes/62542.json,57d3355592bc5acdcce9c26bceaed72b
hk4e/reliquary/attributes/62543.json,0cc4703bb1fa28afae0cca7e12109531
hk4e/reliquary/attributes/62544.json,a1259ac1362a192a06116c175b90ea41
hk4e/reliquary/attributes/62550.json,ccd3ccaf235fc89251265c965bee9adb
hk4e/reliquary/attributes/62551.json,9754a8b9d3cb551b940ffc7a6dd6b02d
hk4e/reliquary/attributes/62552.json,313f6f9e5a43fc8c5eea9b4f8f799858
hk4e/reliquary/attributes/62553.json,81f88a490dfb8cc2e06429a76b5530dc
hk4e/reliquary/attributes/62554.json,034b262da7c2395d37430fd4319ee3e3
hk4e/reliquary/attributes/63110.json,04b6e8d5bf195ae9781b633cfa72e552
hk4e/reliquary/attributes/63111.json,51adacb08bbc0b5a2d97ec0b94f09e03
hk4e/reliquary/attributes/63112.json,5659db75aa920807642163b349edca77
hk4e/reliquary/attributes/63113.json,f53e58f7647e75bb12adf4fc52025690
hk4e/reliquary/attributes/63114.json,81db285748bef98bcc97993209cdfcbe
hk4e/reliquary/attributes/63120.json,ad73e7a1a06ccb3b4d4d5bbc8837d65c
hk4e/reliquary/attributes/63121.json,e0d9e3bb848bc47ae1a386dc1f111806
hk4e/reliquary/attributes/63122.json,5771c52fc4258d6b4517fc8aa66598cf
hk4e/reliquary/attributes/63123.json,3ea97de7a1137244d3bcc5d5fdb90804
hk4e/reliquary/attributes/63124.json,b89528330309c7b82d0ca409b76e679e
hk4e/reliquary/attributes/63130.json,fee08192c5d15ce87a2f09ee1c051a5d
hk4e/reliquary/attributes/63131.json,3c0edccff56f1a44f1a28d2723e549e1
hk4e/reliquary/attributes/63132.json,ee00cd05c6d9dc512d2b22eab52fee76
hk4e/reliquary/attributes/63133.json,5378199fe6a137996ebdc51145f7bd3b
hk4e/reliquary/attributes/63134.json,24c5afcb9016b5ac99c723a9de01d1a0
hk4e/reliquary/attributes/63140.json,9f6f1e6d714be1f310834eb9c7bf6c62
hk4e/reliquary/attributes/63141.json,eb3a823e03a9a86f005ce7270c8749a9
hk4e/reliquary/attributes/63142.json,df575f906a6eec0e9f0f3e7de8a3112d
hk4e/reliquary/attributes/63143.json,ec2e6870f2dba790dcfafd750f620d4b
hk4e/reliquary/attributes/63144.json,7d92a2a01aa417538021ee3f0b21fdbb
hk4e/reliquary/attributes/63150.json,bb571b64190dd8e8a2b04d4981dc2171
hk4e/reliquary/attributes/63151.json,be126b2dc7abc7e47dfd60142524e778
hk4e/reliquary/attributes/63152.json,b69c9f43a2b1c392cb2876b49373d742
hk4e/reliquary/attributes/63153.json,389a4e170fbe275ff3eb64a12b011aa8
hk4e/reliquary/attributes/63154.json,82282162a810bf7a0b9323013bb127e1
hk4e/reliquary/attributes/63210.json,e96a60d5c4dbc631ef82456cb186c294
hk4e/reliquary/attributes/63211.json,c6f8d443f61d1ff8f003a6017528e684
hk4e/reliquary/attributes/63212.json,7525de407f3d4fe2093acd47fe548141
hk4e/reliquary/attributes/63213.json,066fb0658f2b3553daa75a0902bb4096
hk4e/reliquary/attributes/63214.json,8fd1253f4d796f15eaf9a6c1d67a1edf
hk4e/reliquary/attributes/63220.json,6a50e39669a8b7a3b68209fe192f11f5
hk4e/reliquary/attributes/63221.json,37e921a9673f26dd949ec5873641c12f
hk4e/reliquary/attributes/63222.json,321a984804dae7d42683e86bd8176ce8
hk4e/reliquary/attributes/63223.json,c0851e27c286ce934790aa007282df24
hk4e/reliquary/attributes/63224.json,913656018f2002859400bf6c7a4bfd31
hk4e/reliquary/attributes/63230.json,1789aba13167321500c55b5acbe9ca18
hk4e/reliquary/attributes/63231.json,9ddd017b90211d47afd41872e23b7892
hk4e/reliquary/attributes/63232.json,306f5712505a789d8392d0a2261c0d06
hk4e/reliquary/attributes/63233.json,4c6f40cd80cd246c4a582f7936cb2a2a
hk4e/reliquary/attributes/63234.json,e63efd6bdaa658b944a83e417c866d5a
hk4e/reliquary/attributes/63240.json,6ab406d0ae74c5dba17bd2a3a1002d9f
hk4e/reliquary/attributes/63241.json,b788a17d527f57e0e43f772849fab1ec
hk4e/reliquary/attributes/63242.json,30d9f8eea0120d82ffe2787381c1dcf2
hk4e/reliquary/attributes/63243.json,ea35fbe8010c7ce1c65a6c9984c7eb2f
hk4e/reliquary/attributes/63244.json,a1519040a57a0f9c21a7dddeca2919fe
hk4e/reliquary/attributes/63250.json,9bb58b729153297b5719fcd795c18959
hk4e/reliquary/attributes/63251.json,7ecb018720ce8e86c0f6b5ff8489d1e6
hk4e/reliquary/attributes/63252.json,7f8ecc3decde879b832c2520ef1c6388
hk4e/reliquary/attributes/63253.json,4c91c7c1d7a58395a0c0f1e5432f37f0
hk4e/reliquary/attributes/63254.json,a39f3e7d924dd5c14ec50258b709ee7e
hk4e/reliquary/attributes/63310.json,a5ce92c8b0abe9112250beb4d544e27a
hk4e/reliquary/attributes/63311.json,1dc52d6969ddd10cb6fb7b9a007096a6
hk4e/reliquary/attributes/63312.json,616f760ae0cfaff1185bbddd24b92980
hk4e/reliquary/attributes/63313.json,01e2aedae46d77a27f84e8d0c208d970
hk4e/reliquary/attributes/63314.json,5099830d8b36f1b096ba7b485c1a5a73
hk4e/reliquary/attributes/63320.json,5e0f64994b9adb29dab8b09430170596
hk4e/reliquary/attributes/63321.json,98bdb3e0898a94806d101604739a9918
hk4e/reliquary/attributes/63322.json,1be2214581417d014866c8ec9e33dd3e
hk4e/reliquary/attributes/63323.json,03e4811d68ebb1fd23b497dc844fe932
hk4e/reliquary/attributes/63324.json,1d13052cedcbfd500fb48030b5ec01ad
hk4e/reliquary/attributes/63330.json,5a5c6059d14a5c4cf13128a8b1becf80
hk4e/reliquary/attributes/63331.json,bf332d1700c6f8a8a37812449becd6b0
hk4e/reliquary/attributes/63332.json,f9eafe4da239c821fb11a2362f015ec8
hk4e/reliquary/attributes/63333.json,cff5b0ff09aa72798ff042cbf1ad7af0
hk4e/reliquary/attributes/63334.json,5c5cb70ff1088eec8700e21fdd43b28d
hk4e/reliquary/attributes/63340.json,b99e14d90f4731b1f190ee052bb6b352
hk4e/reliquary/attributes/63341.json,25e30e7cffba0c924e96604a8a5b0ada
hk4e/reliquary/attributes/63342.json,40d7b34c646d778908c53456bd372deb
hk4e/reliquary/attributes/63343.json,24b38cdf07f0a4677ab724ebfd50c6c8
hk4e/reliquary/attributes/63344.json,3b66093e1ed0f0eb6a1bbe15b7291220
hk4e/reliquary/attributes/63350.json,ed967621e7d1f2ff3954015311cdf5f4
hk4e/reliquary/attributes/63351.json,c4928657b0a1422a599183d890547521
hk4e/reliquary/attributes/63352.json,27ad8cb2fc23b20d6e03b25c87008fdc
hk4e/reliquary/attributes/63353.json,6bf61e89c92af76cd24f564596b447fb
hk4e/reliquary/attributes/63354.json,8f6ec02f7422ed6d3b10e18b31f0abed
hk4e/reliquary/attributes/63410.json,323775d9b42abea72d6c14d51c16ab14
hk4e/reliquary/attributes/63411.json,735ec13f30b6bfdb87bf38b88ebbe980
hk4e/reliquary/attributes/63412.json,d7d4a5762cbec6d2e575ea6f06a87de7
hk4e/reliquary/attributes/63413.json,3c4c05dfcec7b20a63acd253276f18de
hk4e/reliquary/attributes/63414.json,17f99325992bea88f874eebcf5cc3dbd
hk4e/reliquary/attributes/63420.json,9b0a39e0df3f98febde148b486b7f2d3
hk4e/reliquary/attributes/63421.json,ea62cf8707634c6bd6c4fb43127df468
hk4e/reliquary/attributes/63422.json,0a45238cb0251c5ccaf72c73db41fded
hk4e/reliquary/attributes/63423.json,783fed76535b7590fce4f924672dc798
hk4e/reliquary/attributes/63424.json,bb8a67cf68ec5816e09ced35c6738261
hk4e/reliquary/attributes/63430.json,e144fa35afb3a4076b5411e99247c8dd
hk4e/reliquary/attributes/63431.json,e471824dc9f6e94d04ed5ee53172464f
hk4e/reliquary/attributes/63432.json,d7d5bd554907f5f7488661f0c34047b7
hk4e/reliquary/attributes/63433.json,4db9c838b2b15a14122327097cbbbb78
hk4e/reliquary/attributes/63434.json,8ec7ecbb369e9dda84f2a6d42591c7f0
hk4e/reliquary/attributes/63440.json,858525895e5dfa904588713e8db6b877
hk4e/reliquary/attributes/63441.json,e6df5125814b9637b058cc643832a16d
hk4e/reliquary/attributes/63442.json,06592fc59c0614ae26f2fb7ab48b3643
hk4e/reliquary/attributes/63443.json,085dcb8bafd91bd4423f65fd896cc2f8
hk4e/reliquary/attributes/63444.json,0ccfacb0d31d5b30ae6bee83837f7bd5
hk4e/reliquary/attributes/63450.json,12af7e1b8977d538410462ec926500e8
hk4e/reliquary/attributes/63451.json,2f283b5f6662d402c5772f5365a1131c
hk4e/reliquary/attributes/63452.json,2b9cc64366da78fc80727995cf8b35bd
hk4e/reliquary/attributes/63453.json,3318552360a04fdb906ef7296eff688c
hk4e/reliquary/attributes/63454.json,f05fbe96b5732c290c2bf1dc205e5c85
hk4e/reliquary/attributes/71310.json,b732404e581abc5ed90fb1702887c53d
hk4e/reliquary/attributes/71311.json,b0170be31c06ea2d65f088cf4221c7ed
hk4e/reliquary/attributes/71312.json,48b22079ee296a74c37a08ca9d74e844
hk4e/reliquary/attributes/71313.json,2cf4e938b63a8ffa92eeeb845d2d8523
hk4e/reliquary/attributes/71314.json,86e2ea306e6c945b3e79aeddfc635697
hk4e/reliquary/attributes/71320.json,954d0a53f0b6cdce16997096f8c65b27
hk4e/reliquary/attributes/71321.json,67d150afb551a4d3696065957b8c68e1
hk4e/reliquary/attributes/71322.json,7060ce7a24200268112229404a87313c
hk4e/reliquary/attributes/71323.json,081e4603cafd47650ed4528fd6878fee
hk4e/reliquary/attributes/71324.json,a3a7c86e2da4123281e23aae46ffa721
hk4e/reliquary/attributes/71330.json,05503621b53d2c7383ddb4365e11ac33
hk4e/reliquary/attributes/71331.json,ab5b1d44108d64458bc744677936140f
hk4e/reliquary/attributes/71332.json,aff29a6a2c218f91c545c2268b44de85
hk4e/reliquary/attributes/71333.json,93603836c1a31ae5bd22695f92223680
hk4e/reliquary/attributes/71334.json,853a4f243922207145869b25af981c6b
hk4e/reliquary/attributes/71340.json,c4446e4459090994be88baf30da1d898
hk4e/reliquary/attributes/71341.json,f07f2ab4218df5ef61981a3554a3b906
hk4e/reliquary/attributes/71342.json,8ff17371c99a4fa31393da76bd32c1df
hk4e/reliquary/attributes/71343.json,605e0ffe37d2919182ac9a5077815fdd
hk4e/reliquary/attributes/71344.json,9703cf979961fd7daea358a98dd048b6
hk4e/reliquary/attributes/71350.json,423fcac4ab42d8e72e0257531cb99747
hk4e/reliquary/attributes/71351.json,c08aa5fa3fc198d74484ff5d43bb0dd5
hk4e/reliquary/attributes/71352.json,80cb0221a4f0da031f263306ae7b9043
hk4e/reliquary/attributes/71353.json,c79a4f2ae0354427b9e7013fbe42eb88
hk4e/reliquary/attributes/71354.json,d4c7393c8b625049574badee4cea11a7
hk4e/reliquary/attributes/71410.json,d7f17f1e9f91327f757c41bb5f459213
hk4e/reliquary/attributes/71411.json,c69a69a31ac0714d7189acb7abb6e220
hk4e/reliquary/attributes/71412.json,8ebc0ce58e2932d27af73ff52b7a928c
hk4e/reliquary/attributes/71413.json,d684ec83a44c1753f635d92ed88efbae
hk4e/reliquary/attributes/71414.json,29e926804ab0583e5569bc84c9e3995e
hk4e/reliquary/attributes/71420.json,a19a68236030b219244c621759c3425a
hk4e/reliquary/attributes/71421.json,025478218e7f503c9354832f3d9a9094
hk4e/reliquary/attributes/71422.json,db4f83e73dc5bf1a3a84fd8e150bb0b7
hk4e/reliquary/attributes/71423.json,dfd6fc756276d9cbd96f7266af2fd093
hk4e/reliquary/attributes/71424.json,9dd2620a79d11ae24f5fd57e69be19ac
hk4e/reliquary/attributes/71430.json,b48ba612638495264371fa180f2f7ad3
hk4e/reliquary/attributes/71431.json,84f4306105e65c7766a8af0839f041cc
hk4e/reliquary/attributes/71432.json,7c6d21870e5ec5e08e3d9cfd247fcd1b
hk4e/reliquary/attributes/71433.json,08f76574a5830b051b9ed87e709fc9ef
hk4e/reliquary/attributes/71434.json,77583a35d80037c40d2db071a9df1954
hk4e/reliquary/attributes/71440.json,e7f3ef74b0edf542bf79d9c2c9b37e2a
hk4e/reliquary/attributes/71441.json,f44ed0ab5571b590c881b628e9b7e00f
hk4e/reliquary/attributes/71442.json,f255793d908c21b99cf76bc642186066
hk4e/reliquary/attributes/71443.json,3b97dec344e9672e487b06cedc0ccf86
hk4e/reliquary/attributes/71444.json,11835516466029dd95b0e284af230ba3
hk4e/reliquary/attributes/71450.json,dec3950fcd1e0beefa4119cff8b33cc5
hk4e/reliquary/attributes/71451.json,c0424bf14199101a6c7fca5b77a9bff9
hk4e/reliquary/attributes/71452.json,a023b999d55b601508f9ac15189fb4af
hk4e/reliquary/attributes/71453.json,75078ba4be9d70aa894e856999a1e45a
hk4e/reliquary/attributes/71454.json,0299928c01e26dff0adaaf3388f1a2dc
hk4e/reliquary/attributes/71510.json,a6ec26cac95c1101e0c707b8edc3b7e1
hk4e/reliquary/attributes/71511.json,b062f085517a144886fbedc59a933ab4
hk4e/reliquary/attributes/71512.json,1c8397a782a9e7788529eaf97ae9b828
hk4e/reliquary/attributes/71513.json,afa8875e2c63736b9f18639cfd0c5cc2
hk4e/reliquary/attributes/71514.json,89e63d99d335c7f198359fd15852210a
hk4e/reliquary/attributes/71520.json,7f0b837da1355d29e1b24cc14bf50b87
hk4e/reliquary/attributes/71521.json,d3a625045fdbf4e3a186fe47afaaf26e
hk4e/reliquary/attributes/71522.json,cd004e038c317a6e126473d42b35e6f4
hk4e/reliquary/attributes/71523.json,24432f23185af356392a424dcc2d20e6
hk4e/reliquary/attributes/71524.json,18b10f737b8868d23f666b14d6784405
hk4e/reliquary/attributes/71530.json,4fbb5bc90a76eba631a2b164233b9308
hk4e/reliquary/attributes/71531.json,a91a030cf303d7b0d7dd5b77a3a9265e
hk4e/reliquary/attributes/71532.json,92b125ed678c1d005adfcccd6e4f8c76
hk4e/reliquary/attributes/71533.json,23606e70f849b01aa5c7dff064dcac5b
hk4e/reliquary/attributes/71534.json,07e7aa1a07a232baaf01052461897d16
hk4e/reliquary/attributes/71540.json,8814604da139145c57908a9988fa1f23
hk4e/reliquary/attributes/71541.json,13833a16c8f5552769b827a0ce251070
hk4e/reliquary/attributes/71542.json,c3acdbe75492ad3d7ad0389ebd7ca6c1
hk4e/reliquary/attributes/71543.json,1afe54f3d09638a87e4ce64365fd5d33
hk4e/reliquary/attributes/71544.json,f2f3e6f94b29eb66272994c3028514ff
hk4e/reliquary/attributes/71550.json,24d74c7201ec24ccd1454122b0ccbbe2
hk4e/reliquary/attributes/71551.json,d8a60fc320d12337e2fa4f67d3dc4bee
hk4e/reliquary/attributes/71552.json,a9b683c1ca0269446bd3412aa99867a9
hk4e/reliquary/attributes/71553.json,9c08e14e44b6af99600bf0627316c902
hk4e/reliquary/attributes/71554.json,57fcb52f17fc68bc67ade7bb996efddf
hk4e/reliquary/attributes/72310.json,2df2a6ca2a1e95beb7c651408ffbf6a0
hk4e/reliquary/attributes/72311.json,21c4a12b8b7061d80abe42c4659ab04c
hk4e/reliquary/attributes/72312.json,54e07b7cbff062c73ca12cc5720ca2b8
hk4e/reliquary/attributes/72313.json,7d94315eb726904f281fe61780cf8eca
hk4e/reliquary/attributes/72314.json,ffebb1d2b0502027e5453694f55fb52f
hk4e/reliquary/attributes/72320.json,e7077d7a9239c6e7aa33484b4442e11d
hk4e/reliquary/attributes/72321.json,12c42099977fc1baed1c0c7bbca7be0e
hk4e/reliquary/attributes/72322.json,a064d495c08a0edbde07a2851b5bdc30
hk4e/reliquary/attributes/72323.json,c9b5f78630ba833e713a5db707341689
hk4e/reliquary/attributes/72324.json,183aef6d08b6b9b24bcf55b9d07e3208
hk4e/reliquary/attributes/72330.json,d632364c927ca6a8a2363cfb98b1d1e4
hk4e/reliquary/attributes/72331.json,29f74de0f472aa04bc48968e9c621124
hk4e/reliquary/attributes/72332.json,8a1e5e2caa1461fbf6f066dd71191609
hk4e/reliquary/attributes/72333.json,0962d85de6f286d282cc9ce3cc65cc5a
hk4e/reliquary/attributes/72334.json,bce7dbc9baeb6b0f8212dd09ac557546
hk4e/reliquary/attributes/72340.json,b3d8112173eaa577b230d9db54e2ea05
hk4e/reliquary/attributes/72341.json,60126af77f97c02883ac86896968c1de
hk4e/reliquary/attributes/72342.json,248be8b1e23fce4e3176b179f2cbda13
hk4e/reliquary/attributes/72343.json,2165d3279e8038a8d4973557873b0e0a
hk4e/reliquary/attributes/72344.json,b90e17f88b6b71a680c23e8f29f3d77c
hk4e/reliquary/attributes/72350.json,f9f3254718fd6458f21e034453118878
hk4e/reliquary/attributes/72351.json,88cf6d85055c298d74c7a9ee33aa6f7e
hk4e/reliquary/attributes/72352.json,002d168fff798f3bdc612ce2e1fa5e7e
hk4e/reliquary/attributes/72353.json,8d2ec3d6b42e68f866021d57c709fc75
hk4e/reliquary/attributes/72354.json,4bd8d26d7f8a85e8bcca5a2490a31c5a
hk4e/reliquary/attributes/72410.json,7e700d47efea958ff170cd4f6ce2b2eb
hk4e/reliquary/attributes/72411.json,6c0601b5c5af15b8ccf0c74a842f9d6c
hk4e/reliquary/attributes/72412.json,53f29499c4e09ca31a29783645f6cf75
hk4e/reliquary/attributes/72413.json,34d838b1276fe6a220e8b36d03809bd2
hk4e/reliquary/attributes/72414.json,400d86806c141dd4d5da508acaa75824
hk4e/reliquary/attributes/72420.json,6b44c975c856930a40391d490c40de5c
hk4e/reliquary/attributes/72421.json,703ad1d823dd4c3220b3300d29124da5
hk4e/reliquary/attributes/72422.json,f6f6f46c41597682e1213587b6ad42c7
hk4e/reliquary/attributes/72423.json,031530194a698b57e483c380161e5d02
hk4e/reliquary/attributes/72424.json,fc7ce343d9abf1ea6c8e4689c0f18846
hk4e/reliquary/attributes/72430.json,b30e53faea0df7c4f108da422c1c73d2
hk4e/reliquary/attributes/72431.json,535c1eb46bd33cb2e591c7ad9438912a
hk4e/reliquary/attributes/72432.json,7abe9b1ca922766fd5bd349ccd18a0af
hk4e/reliquary/attributes/72433.json,a3b45b965e610f2d1fda002b163e7d13
hk4e/reliquary/attributes/72434.json,9c9744dda534877a5bdf097791d1ecc5
hk4e/reliquary/attributes/72440.json,8353daa753eb309d070e9772a3d495a2
hk4e/reliquary/attributes/72441.json,e51d15aefbb1bd8926a64fbd1df7e122
hk4e/reliquary/attributes/72442.json,a1bf9596ea81bfb69b38e77af593a502
hk4e/reliquary/attributes/72443.json,cb096eb7ed1579c60f524fef1dbcb2c5
hk4e/reliquary/attributes/72444.json,8f836441bdc685e9b0b75fe08cbfcfa9
hk4e/reliquary/attributes/72450.json,3af9bbf88e638bd11449bda491eea83a
hk4e/reliquary/attributes/72451.json,4b4648edcdf485174093399ef675e0b3
hk4e/reliquary/attributes/72452.json,722194ae7107f29b48b09a8baff480b0
hk4e/reliquary/attributes/72453.json,dd7dcafc0b098cdd76d38a21cd51eeea
hk4e/reliquary/attributes/72454.json,4d41c4610305eb2bd9bda8bb10cca5f2
hk4e/reliquary/attributes/72510.json,3471db01202a9c25dbe1a7d3c0fd4e78
hk4e/reliquary/attributes/72511.json,44fd5b9c3d490032dfb0f54e0d7bb51f
hk4e/reliquary/attributes/72512.json,e98e95548c95b22a902b66ee11c0ed16
hk4e/reliquary/attributes/72513.json,ba5ce8944fe84c201e90a282ad32b973
hk4e/reliquary/attributes/72514.json,cf3a048ba6b29c56f35a9aa7b62fae6a
hk4e/reliquary/attributes/72520.json,82880b970c25a5cb8e3fc0a966360a7f
hk4e/reliquary/attributes/72521.json,f4d201c95a929cb5f23aab2dca5637cb
hk4e/reliquary/attributes/72522.json,edcbd0983002d99101784a7ad4e9e4a2
hk4e/reliquary/attributes/72523.json,ef4b8a2f8a6b8da53ce17af53610af2f
hk4e/reliquary/attributes/72524.json,efaaf7bb2a1a8dc86ceb9c4ba6122543
hk4e/reliquary/attributes/72530.json,62d223dd80d4615fbe9b56ff11ec37c7
hk4e/reliquary/attributes/72531.json,f3ce1c165969888ae06adf6c6d551fc1
hk4e/reliquary/attributes/72532.json,18af50057077a2449dd721f16574e63b
hk4e/reliquary/attributes/72533.json,c472465b8d876acbd89e29310c59a16e
hk4e/reliquary/attributes/72534.json,6a1b4e9e5f64bdd0c3976057ccca7481
hk4e/reliquary/attributes/72540.json,000477b5a050f6fa489769ad3ea7f0c9
hk4e/reliquary/attributes/72541.json,c8e39517a6f702258c481fa9294f6a87
hk4e/reliquary/attributes/72542.json,8fa66f80e8f963f6c76d71cb9db01046
hk4e/reliquary/attributes/72543.json,3c42653faf803959b7c61b9a41512997
hk4e/reliquary/attributes/72544.json,5ddfa4d29f8d7be74fe8178e713d9de8
hk4e/reliquary/attributes/72550.json,03aa7d0133c8189b7a4a261048c59b27
hk4e/reliquary/attributes/72551.json,f032e2b2ef56f4b19e3534468e335ad2
hk4e/reliquary/attributes/72552.json,95f9270e0e1fb0b99ab996d23ce31673
hk4e/reliquary/attributes/72553.json,e800c9fe7578eca861fb28da4ec7e392
hk4e/reliquary/attributes/72554.json,0ffd262a799b243729f2505e8f6636a4
hk4e/reliquary/attributes/73310.json,53f4fd0accd44a5b5ef99101fee2d9ad
hk4e/reliquary/attributes/73311.json,6235c7a730ab57a41cd3ab5e067df719
hk4e/reliquary/attributes/73312.json,b90012584fb239285157d0811b8b28a3
hk4e/reliquary/attributes/73313.json,2e3235e70d6948639ac3e062e075ebf1
hk4e/reliquary/attributes/73314.json,144365ab46d5fd49210add3b801e1858
hk4e/reliquary/attributes/73320.json,961d76360ba35ef31227d635017820c9
hk4e/reliquary/attributes/73321.json,c16e0a6e3223ac0385068850b887a51b
hk4e/reliquary/attributes/73322.json,d8f6a494bb8ca0aa505bf3449cde1e1f
hk4e/reliquary/attributes/73323.json,7f2ff33eaa2f8c8a44f4ba226ff698a7
hk4e/reliquary/attributes/73324.json,14972695f2a8b49244744be24380ff12
hk4e/reliquary/attributes/73330.json,7522ab55b12be6de7fa308114cd62834
hk4e/reliquary/attributes/73331.json,341de3daa71058495b8f38a6bd1d8d1e
hk4e/reliquary/attributes/73332.json,a5c7f51787fbae7cd0ee8acdb12ba4be
hk4e/reliquary/attributes/73333.json,568ae32bd7a84de6d59808e71ae20fe9
hk4e/reliquary/attributes/73334.json,4f115cf720bdfcc5acb12b47b6a55db1
hk4e/reliquary/attributes/73340.json,57ef2fff5d2a501944484e292c3e0569
hk4e/reliquary/attributes/73341.json,9e4ce7a80d4bd7b76d0c2afe7acf0bc1
hk4e/reliquary/attributes/73342.json,b51624020c3e21610d2a988709254b3d
hk4e/reliquary/attributes/73343.json,130dcbcbc5d61fe48244057bf2760bef
hk4e/reliquary/attributes/73344.json,deb8226cae3e60d2bb678e9206cefd18
hk4e/reliquary/attributes/73350.json,139d66cf6496c93a708702b5429069b8
hk4e/reliquary/attributes/73351.json,0bec4600be91911e6c013f2d54f6b9e5
hk4e/reliquary/attributes/73352.json,ee25599ba86c4a0cee915512e926de95
hk4e/reliquary/attributes/73353.json,e075c5b627e2ccc6312cd96fc5665c70
hk4e/reliquary/attributes/73354.json,8fa02683f5685ea562e22d08ffa79d53
hk4e/reliquary/attributes/73410.json,4a099013ef4c6a1ef39fa02dd04ac16f
hk4e/reliquary/attributes/73411.json,9126f8743bb07ca4b8e8801a63d47746
hk4e/reliquary/attributes/73412.json,dd6ad0f89bf9b6b9ecb5c9e6e7302c45
hk4e/reliquary/attributes/73413.json,65b73398164927b65359f5b144dafe80
hk4e/reliquary/attributes/73414.json,cbf55cfa38b703022c5fe8f631fcc634
hk4e/reliquary/attributes/73420.json,572124a4e011a6f63a309319205f7269
hk4e/reliquary/attributes/73421.json,96ecd6378f79a9097eb4f96b30930327
hk4e/reliquary/attributes/73422.json,163499524696fcf8606e48d59f58c5e4
hk4e/reliquary/attributes/73423.json,a204ca96e9863f0a8baf00b140eddf31
hk4e/reliquary/attributes/73424.json,f0b6894c72a441579acf46a634bc0cf7
hk4e/reliquary/attributes/73430.json,31f67ce4be9af2b31c79a5570cb78d23
hk4e/reliquary/attributes/73431.json,5ab5ff1bf252b7cdb09b8f11219fa2f3
hk4e/reliquary/attributes/73432.json,d070c813bb82e0eb09d636fe6138c690
hk4e/reliquary/attributes/73433.json,b6ab5c82e32d93b49a70a582f9919aa8
hk4e/reliquary/attributes/73434.json,d3c8991be0b644f09f45e156e38c51de
hk4e/reliquary/attributes/73440.json,c920256ed48b6484c08edaa713204fa8
hk4e/reliquary/attributes/73441.json,5469f05df99943235765b0cd864555d2
hk4e/reliquary/attributes/73442.json,7fb1dbf1eedbeec79ebf3902d366d0ca
hk4e/reliquary/attributes/73443.json,be43ede809162b826c5e3fa045f44aa4
hk4e/reliquary/attributes/73444.json,9a06cd25de60149afeac66676b0ec8ea
hk4e/reliquary/attributes/73450.json,f6291b307bcbf547dbd8edf062a34224
hk4e/reliquary/attributes/73451.json,8cec4024369d37a1bde84952f95cef6b
hk4e/reliquary/attributes/73452.json,35216a694f72904c56336885c3ca2099
hk4e/reliquary/attributes/73453.json,9a9f669d47d4ae49e3547728fa5cbcd7
hk4e/reliquary/attributes/73454.json,7d6973805794de83398bad206694010a
hk4e/reliquary/attributes/73510.json,37e265dd13657e0eaac79f5b9b5ea571
hk4e/reliquary/attributes/73511.json,7add8944786e20960105e5e6b22b0717
hk4e/reliquary/attributes/73512.json,c77412256e246ecfd8e0ea8f6ff986f3
hk4e/reliquary/attributes/73513.json,399366cb743c7b48b93d2cba474a0882
hk4e/reliquary/attributes/73514.json,e89629dbf600a6cd656584e68d3264bb
hk4e/reliquary/attributes/73520.json,a9396232fcc6aafd6ed94efb27112af4
hk4e/reliquary/attributes/73521.json,501028d82185db699b60d7e114c2bbd1
hk4e/reliquary/attributes/73522.json,6d23969789c6bf217217b809c192152c
hk4e/reliquary/attributes/73523.json,042b66d928372e35b7a3a843caa880ac
hk4e/reliquary/attributes/73524.json,55e9625e94e8b3e29dd9a5c33b60489d
hk4e/reliquary/attributes/73530.json,8a49e8aaa53219677c075b5df9983f36
hk4e/reliquary/attributes/73531.json,ac3a7740ce30ad70e329b07c48933994
hk4e/reliquary/attributes/73532.json,09a641d0b163fbb4c9447d3cadf709dd
hk4e/reliquary/attributes/73533.json,f1b4b1a73d51c0ade2f5249340c7aec3
hk4e/reliquary/attributes/73534.json,384f42ef60d22ccaae094261405c3024
hk4e/reliquary/attributes/73540.json,becc552f773b614a5029c7c591d6f04b
hk4e/reliquary/attributes/73541.json,54f6ffacc30855cab9cbd26d04469121
hk4e/reliquary/attributes/73542.json,a6f8fbb543b6ab4f95ebe0386a385ca2
hk4e/reliquary/attributes/73543.json,093ecf3841a7d19a4522cf802edd53b7
hk4e/reliquary/attributes/73544.json,502dbef544ed119544b099ccbb1049f2
hk4e/reliquary/attributes/73550.json,75e8de8307cbc14fb6bf477bdd7ee94b
hk4e/reliquary/attributes/73551.json,701843d2955976ae17b524db17019eea
hk4e/reliquary/attributes/73552.json,4d2258afea0fb00f2cc0b3cb196e908b
hk4e/reliquary/attributes/73553.json,7cc6acc59c1bd1757da668bb1625a492
hk4e/reliquary/attributes/73554.json,ddf2dfcafd56a6d2b777c2d6647a87ad
hk4e/reliquary/attributes/74310.json,7810c7398f85f57d1ff7d4bc943d7c30
hk4e/reliquary/attributes/74311.json,588046a06621dd837da630262d8cff39
hk4e/reliquary/attributes/74312.json,b8564d848d699bb823634a71ea3740aa
hk4e/reliquary/attributes/74313.json,33420f35eb1f6a1180ee64af37dfb34a
hk4e/reliquary/attributes/74314.json,c00fd3884a3554a01550c29ca4fdd9ec
hk4e/reliquary/attributes/74320.json,52ee252e1c703c30ad28ca47d4e51268
hk4e/reliquary/attributes/74321.json,335c4ccd6fa94ea38847779ece82d456
hk4e/reliquary/attributes/74322.json,bfc1f297552a8db9bbd25879945e9ced
hk4e/reliquary/attributes/74323.json,3c1eecce80266c72c0347a1842cc4c7f
hk4e/reliquary/attributes/74324.json,537769ca4f2f12fa419ee923c8a5bd98
hk4e/reliquary/attributes/74330.json,85b72a4a5f9833b61851b3b870f28caf
hk4e/reliquary/attributes/74331.json,ffa530b20159feff0007c116e64f4231
hk4e/reliquary/attributes/74332.json,7fc21c1d00356075f5582b5092e2f331
hk4e/reliquary/attributes/74333.json,9e400d20ce60c9102d56379e0eaa59bb
hk4e/reliquary/attributes/74334.json,30cf05a278d971e2b0a1b1f45a2a1078
hk4e/reliquary/attributes/74340.json,35752680beef877e6b889aa6595c646f
hk4e/reliquary/attributes/74341.json,7ccec59454aea1e3f5c6f5b2656aaed5
hk4e/reliquary/attributes/74342.json,649a3966d3fed215033181682eaab56c
hk4e/reliquary/attributes/74343.json,bf1e7e9ced6de1140fcbb1c6f152500b
hk4e/reliquary/attributes/74344.json,f318236a883466b3317377b8183044d5
hk4e/reliquary/attributes/74350.json,fce8d89120ea92b903072881bc59d1ad
hk4e/reliquary/attributes/74351.json,ab5b25a707456dde54c5a719e2f0fc5e
hk4e/reliquary/attributes/74352.json,5caa31286ca90ecd854c196471de2982
hk4e/reliquary/attributes/74353.json,365c672de0da2f807ff637edcb4adaf7
hk4e/reliquary/attributes/74354.json,4500420ddf130a8a4fe349c3c43c003e
hk4e/reliquary/attributes/74410.json,d7b30565f10cd2e7ed016decb4a5cb92
hk4e/reliquary/attributes/74411.json,7080e92fc1d7e7b958dd77bb042cfaff
hk4e/reliquary/attributes/74412.json,fa151cdbf6e18ef14ef64ce4fad0644c
hk4e/reliquary/attributes/74413.json,9ac18105e3df22f466a05ea0c2773580
hk4e/reliquary/attributes/74414.json,8f07066dc041d50b70c47e40ee6954cc
hk4e/reliquary/attributes/74420.json,19db250ee0e18a4561ee44d7a6620c74
hk4e/reliquary/attributes/74421.json,ddaca80ee425c0b6bd31aeb29bc66cb2
hk4e/reliquary/attributes/74422.json,6467c011ee2286f752d0662981a97a20
hk4e/reliquary/attributes/74423.json,030643edc618bb298fd41635fe60c998
hk4e/reliquary/attributes/74424.json,70bc499da6a5e5d8499465783d5d29c8
hk4e/reliquary/attributes/74430.json,cfc4800ec9b4e5414794e6af7c5598f1
hk4e/reliquary/attributes/74431.json,2b5a7a14669ff93e833750876449ae78
hk4e/reliquary/attributes/74432.json,e430def5758263bd35ba145dd4db53d4
hk4e/reliquary/attributes/74433.json,3d681accb0badb7236b49793a88388ba
hk4e/reliquary/attributes/74434.json,2d865930aa5a2ebccd852a54b6a6a665
hk4e/reliquary/attributes/74440.json,fc974123f93d57d6d02551db98f2ae48
hk4e/reliquary/attributes/74441.json,39848d9774abba9ff2c45b55796e53e4
hk4e/reliquary/attributes/74442.json,09f0a905736860caab484222bebd405c
hk4e/reliquary/attributes/74443.json,a17940154b370a73eb97c8ce40506f05
hk4e/reliquary/attributes/74444.json,1f61cdd66219e990221d0eb9f5b937dd
hk4e/reliquary/attributes/74450.json,95fe522af8038fd65f7f66f0aee17dac
hk4e/reliquary/attributes/74451.json,289399dd77ea13e1f334697c73a99aa0
hk4e/reliquary/attributes/74452.json,c497f754619718499359dabffff2893c
hk4e/reliquary/attributes/74453.json,6044bfe98950d5f4c09fb9f4ee1ae53c
hk4e/reliquary/attributes/74454.json,c2786b9aca4fac9e73807aa80c652adc
hk4e/reliquary/attributes/74510.json,eef435bf73449b0b137e169f7e72f07e
hk4e/reliquary/attributes/74511.json,74f8ad1a3ff9f6e89f4e4c0634324567
hk4e/reliquary/attributes/74512.json,31f5cb6b1864ba772b7fdb99b1e7b21b
hk4e/reliquary/attributes/74513.json,fbe6b3a4790a98f386b637b36c512729
hk4e/reliquary/attributes/74514.json,d30f5f52efba4b50ae836f02c6e30675
hk4e/reliquary/attributes/74520.json,99028372d1a88f08973f26f3933e3771
hk4e/reliquary/attributes/74521.json,e90df091526fc03bd2a767fdfa88148b
hk4e/reliquary/attributes/74522.json,9ceab04f59606fe85d2cae47322db753
hk4e/reliquary/attributes/74523.json,ede385b5519e1647f0812173313df84d
hk4e/reliquary/attributes/74524.json,07978ff5fcdd80cdda9161a0cb7b495b
hk4e/reliquary/attributes/74530.json,12151abebd31e935923955f702792a03
hk4e/reliquary/attributes/74531.json,bcedbbbb19d4bc1f1119cd472370e671
hk4e/reliquary/attributes/74532.json,772e7f1995d6dc2ad3165006e52c82f7
hk4e/reliquary/attributes/74533.json,a8651192cdbf7984824dcf91d53d6c5e
hk4e/reliquary/attributes/74534.json,7268560222240b6c4e6e5e56ccc4e975
hk4e/reliquary/attributes/74540.json,50e37fdb9010a31f2f961a7adf47ee3e
hk4e/reliquary/attributes/74541.json,91bfd11b7cb246a57168e70722c57dba
hk4e/reliquary/attributes/74542.json,c9168f63dcb9f03329d04a8e77884df3
hk4e/reliquary/attributes/74543.json,1b05accfbbf3064278f4d356300838cd
hk4e/reliquary/attributes/74544.json,36a64ec6ca3a279dadf0fa6b68b9f554
hk4e/reliquary/attributes/74550.json,6861d1113f79f455918fdb3a3014bb78
hk4e/reliquary/attributes/74551.json,e0479be4e2de9fbfb1d946119399f0a2
hk4e/reliquary/attributes/74552.json,ebaf827b5ccb5dee253d8607e6e63428
hk4e/reliquary/attributes/74553.json,979e174101dcd40b194ab5a9e2885cec
hk4e/reliquary/attributes/74554.json,a62e5e847f771915fe67d873311bba93
hk4e/reliquary/attributes/75310.json,65462e98416ecac463401da60f018006
hk4e/reliquary/attributes/75311.json,85b76de03ac2793d091d517150ebcba7
hk4e/reliquary/attributes/75312.json,2e6ea6e624942275eeaac8f838882d4a
hk4e/reliquary/attributes/75313.json,6774c6ccb1d4869587133e9bf5576501
hk4e/reliquary/attributes/75314.json,bb621c968cb4a5ff79ec53f26887ee2e
hk4e/reliquary/attributes/75320.json,422748635d8688fe24cf9b5854e2b5fb
hk4e/reliquary/attributes/75321.json,a7902a5dbe9dcba62e815d79b3abf0dd
hk4e/reliquary/attributes/75322.json,1e0ace3d6bbdb040300754d6b525244a
hk4e/reliquary/attributes/75323.json,b776bbad7292bd625d57de0d2a41f334
hk4e/reliquary/attributes/75324.json,14ab3c1bbc4ad6c810a7d25b3e8bf0d5
hk4e/reliquary/attributes/75330.json,ee8caf1df48c3c34c6125db714a6d7a4
hk4e/reliquary/attributes/75331.json,1bf49560cf9419dbbd3842ea05f5bcda
hk4e/reliquary/attributes/75332.json,234a09d11c71bc59bc189c80bee421de
hk4e/reliquary/attributes/75333.json,ac49d62f38218fb119dbdeae9553e6ba
hk4e/reliquary/attributes/75334.json,4d5be4a52c70391cdf174fc4970acd8b
hk4e/reliquary/attributes/75340.json,be4a4654b0703d717e2d9a12c1e304b6
hk4e/reliquary/attributes/75341.json,2804dfcd2cfdf0d65659fbbae5869dce
hk4e/reliquary/attributes/75342.json,20bb6496372c080f47a0dce30fadeb0c
hk4e/reliquary/attributes/75343.json,e996b8c2fb722e07d0f284aa1496a61b
hk4e/reliquary/attributes/75344.json,e553b9520afbef8c18e5030750875341
hk4e/reliquary/attributes/75350.json,e9d1ef6cc0d4c6ad770b91aef3ef0f5b
hk4e/reliquary/attributes/75351.json,88ec6a6d3703735d2f4e0c95ad65f8e9
hk4e/reliquary/attributes/75352.json,8afaed0c8096f90dfef05d1605285170
hk4e/reliquary/attributes/75353.json,14349faaf66dd872a6ea0807a204a278
hk4e/reliquary/attributes/75354.json,92b8427f0d3379e97db2c8d773e27863
hk4e/reliquary/attributes/75410.json,918328e34d0db11f00e07baa909b948d
hk4e/reliquary/attributes/75411.json,3958c07c96f48507e8c67a2531884967
hk4e/reliquary/attributes/75412.json,8f58a65cb3f4af234031b0cd70ec1b87
hk4e/reliquary/attributes/75413.json,7fcd0fe37b7abbe1f4def78f5c56655d
hk4e/reliquary/attributes/75414.json,7f560fab75859a264fe8e2f87a83a908
hk4e/reliquary/attributes/75420.json,6b586c4e597f06bd4d2d9ec71dd7fd16
hk4e/reliquary/attributes/75421.json,8c566b1a92df6f0f31b1e0114ca8079c
hk4e/reliquary/attributes/75422.json,772fdf7fa2fdcd7e7bdeda01e33880ab
hk4e/reliquary/attributes/75423.json,068aee19c8a3d992834a051836783139
hk4e/reliquary/attributes/75424.json,861208d924f5bada49a313adc372cd24
hk4e/reliquary/attributes/75430.json,d05c2bc8716349b59f4f4d1224924a82
hk4e/reliquary/attributes/75431.json,a8ef8f3de3fe30bad7519e7ee4881782
hk4e/reliquary/attributes/75432.json,9330f5a1b6f544e1ae969b76a6d92035
hk4e/reliquary/attributes/75433.json,95f4a7cb5a5a93ad13e207aea2f859ca
hk4e/reliquary/attributes/75434.json,7f9b38a1d143b770e6d0bfb50d8b6526
hk4e/reliquary/attributes/75440.json,26c45909349ec9292d9915b2c179be08
hk4e/reliquary/attributes/75441.json,04ef721bfefac003691b79927b2dfcf5
hk4e/reliquary/attributes/75442.json,b5c4d4249548f14590e6cbe1a8af6a5c
hk4e/reliquary/attributes/75443.json,66a86e48d96d9140cd775627d5dd99fb
hk4e/reliquary/attributes/75444.json,cccdfac377ea4923022c02f20ea895e7
hk4e/reliquary/attributes/75450.json,6615ffbcaecd65962228271fe34396a3
hk4e/reliquary/attributes/75451.json,5f11781444ca1975e7628a71cbdc8a1a
hk4e/reliquary/attributes/75452.json,3499dbd0ed993fb520d8a4e75bffca6c
hk4e/reliquary/attributes/75453.json,25e92cd3362d03513b18c1b04fe76448
hk4e/reliquary/attributes/75454.json,a3ee0679ff2cc33f2a571e114c2ea241
hk4e/reliquary/attributes/75510.json,d101981e76b8d329fd79cba9a1c6d6e7
hk4e/reliquary/attributes/75511.json,996753fa31e60f5e7532f888102844ab
hk4e/reliquary/attributes/75512.json,90f51a75c54ddb6eff429c98f8d8c7ee
hk4e/reliquary/attributes/75513.json,84215c2b6047ce6b92dd21efdf0a310a
hk4e/reliquary/attributes/75514.json,be3c91fa831d2b0acf785a019b36837f
hk4e/reliquary/attributes/75520.json,52e5573f2392c1bb4b79c6fb22f996be
hk4e/reliquary/attributes/75521.json,bd283535447726d81038bd1c2c53dd91
hk4e/reliquary/attributes/75522.json,5b6b58ac9abaefd4f15b67b12fd1a562
hk4e/reliquary/attributes/75523.json,2b45e32aaf2c2b81e25ebb99b573ca57
hk4e/reliquary/attributes/75524.json,1b341ec1800592e8c80702d9c80ef208
hk4e/reliquary/attributes/75530.json,6353f08cc3a7f7194b223b67a9ad7ad5
hk4e/reliquary/attributes/75531.json,45cba26c7d0a0701792a1b89744096b1
hk4e/reliquary/attributes/75532.json,ffce8cb2c276116ac6ca4071c57541c8
hk4e/reliquary/attributes/75533.json,7fcc8e1a52bcc3099ecb31f42cc5461b
hk4e/reliquary/attributes/75534.json,fdb21c7ad230d5f2b26d4ed6b5d4d837
hk4e/reliquary/attributes/75540.json,759d27a7084c83c970542bbc09278593
hk4e/reliquary/attributes/75541.json,a9658f5dc6801ae23fd38e334bf2cb53
hk4e/reliquary/attributes/75542.json,11aa244ff6d55e83045bd3c73e794b95
hk4e/reliquary/attributes/75543.json,95edbaf038982e8385031870659f12dc
hk4e/reliquary/attributes/75544.json,c8168fc03a85e572afcf19001445ccbe
hk4e/reliquary/attributes/75550.json,b4d7551592c5e533c3ff78e880962513
hk4e/reliquary/attributes/75551.json,7d099a998a447b118a2ac3e27578ee90
hk4e/reliquary/attributes/75552.json,ee6fc7627b1e3057f5817f0489134f27
hk4e/reliquary/attributes/75553.json,245acb189ffb8f5d8a37297078f1983b
hk4e/reliquary/attributes/75554.json,b589b88f298b590e5ed1a7b25cff40ce
hk4e/reliquary/attributes/76310.json,0d487b16c0042f2598e67e42911acca6
hk4e/reliquary/attributes/76311.json,448a7e7687064f4689f47e9569f43880
hk4e/reliquary/attributes/76312.json,9f6c2a40066a54e84407083566d7d0ed
hk4e/reliquary/attributes/76313.json,42befc305d9d47324495aedf98cac5a1
hk4e/reliquary/attributes/76314.json,57078a836849c053d0e45c8d191b9358
hk4e/reliquary/attributes/76320.json,cd38a1b0345d43582c189273b4cf3404
hk4e/reliquary/attributes/76321.json,16ab434b0ff4f7b2eba123020dbe695e
hk4e/reliquary/attributes/76322.json,ca697eef1c71dfbe277dbde2b4678297
hk4e/reliquary/attributes/76323.json,23924a04c145eece78b4ed47afab41f9
hk4e/reliquary/attributes/76324.json,47e5085a1bf6897fa8fa654c988de616
hk4e/reliquary/attributes/76330.json,1321d3c30cdc39db7dc7fb692232aac6
hk4e/reliquary/attributes/76331.json,92656a43ae7024f9b3ab1cf1b7b0021d
hk4e/reliquary/attributes/76332.json,f6f4a7a94cdb198ca1baaa22ce8ce81d
hk4e/reliquary/attributes/76333.json,a5bcf4ec2f1b88b76124f0414854cf02
hk4e/reliquary/attributes/76334.json,87ac1fdaf78bf2762a2e43b947c87ba1
hk4e/reliquary/attributes/76340.json,48ec7fd0bfe2a8732d560aec22bc2ec1
hk4e/reliquary/attributes/76341.json,bc65bf5177933ee97f56ecc229f57c2b
hk4e/reliquary/attributes/76342.json,88ba1b9603e1d3adb933db629e4c5b31
hk4e/reliquary/attributes/76343.json,ac097949c396c8fae9c7ea78b7ee4321
hk4e/reliquary/attributes/76344.json,0bc848c52f268ff98a5974f8c6683306
hk4e/reliquary/attributes/76350.json,dcf2070c71656cef2e25a0c6a8c131d0
hk4e/reliquary/attributes/76351.json,1a2c193f941f2d46a5a69801bcfbca7b
hk4e/reliquary/attributes/76352.json,bfc75bdd34630c370aeb88581eeaa152
hk4e/reliquary/attributes/76353.json,bb7b6fa070a0300aab06628f53aecfff
hk4e/reliquary/attributes/76354.json,6f42a5c65b6fe2b1fcc6eaaff1b4cf4b
hk4e/reliquary/attributes/76410.json,1f3f8d0052ba3ffb727055846ea6526b
hk4e/reliquary/attributes/76411.json,3dafbbe88fcb39657aead05f38b94916
hk4e/reliquary/attributes/76412.json,aef5946b3a015136ad6aab4d1f7117c8
hk4e/reliquary/attributes/76413.json,b9c99ab84e9713dd9a948b0f9d631f60
hk4e/reliquary/attributes/76414.json,2c4677c8cb7801ec4865b18470d1e3b8
hk4e/reliquary/attributes/76420.json,ad2b3166161fa2d0b6669ccec0da88ed
hk4e/reliquary/attributes/76421.json,7726e5f83b688097ee18902ef5a768a2
hk4e/reliquary/attributes/76422.json,b4d857b733b73d777af72d87fc71d6a3
hk4e/reliquary/attributes/76423.json,1578cb676a512ff3809b48f210ed2d7e
hk4e/reliquary/attributes/76424.json,03f23c99a0558613c0919b245a23c063
hk4e/reliquary/attributes/76430.json,83523d057bf906ee3bb9aaaca198a4ab
hk4e/reliquary/attributes/76431.json,4dfc21557adebb0d1f024b3d8f5fd632
hk4e/reliquary/attributes/76432.json,3a50628b1685aad0c1d01b3392d8b4fb
hk4e/reliquary/attributes/76433.json,7c760d522f4c377a949121f785c61f2a
hk4e/reliquary/attributes/76434.json,62e325f699f213eb58d211691e766218
hk4e/reliquary/attributes/76440.json,2ad751c92ea1ef3c4ccd62e7380aec8f
hk4e/reliquary/attributes/76441.json,582b25e8890dc65ad00fe745fe3f1e22
hk4e/reliquary/attributes/76442.json,12680dd24ce48d61d98d850312f1c404
hk4e/reliquary/attributes/76443.json,b164038a42ec12d5c6cad42ff0235325
hk4e/reliquary/attributes/76444.json,63fd279c9a2b352419389fed3ca0f977
hk4e/reliquary/attributes/76450.json,5123a13ff8e50248cc0350c228659ac1
hk4e/reliquary/attributes/76451.json,83602fb2576d76030ffbbd5765591451
hk4e/reliquary/attributes/76452.json,dc524e91a71e520477d09f956a1ab2c9
hk4e/reliquary/attributes/76453.json,6f242111b664d10a6160aa3a4ac928ca
hk4e/reliquary/attributes/76454.json,1a87a7ca48cd3a7099dc77fdd7aba494
hk4e/reliquary/attributes/76510.json,1125c2626d6ce836b6d9877b15ca935f
hk4e/reliquary/attributes/76511.json,5bccc55c639edc630a3b51af09ed5923
hk4e/reliquary/attributes/76512.json,b1ed12c1ad13cd15d93d8903c10d8864
hk4e/reliquary/attributes/76513.json,3ddb729141be003bc39fcbfc78b97a56
hk4e/reliquary/attributes/76514.json,438978483d714d3b90dc228177dcf1c2
hk4e/reliquary/attributes/76520.json,ee5b022e1d3573bfc77a05ac3360ea5a
hk4e/reliquary/attributes/76521.json,30582b75a73b67f6ea6a3d13b22987c1
hk4e/reliquary/attributes/76522.json,8c3a9e4d0cca931268ec4726b2c4a0d9
hk4e/reliquary/attributes/76523.json,e5733cfce1771227913d557a512ca5b4
hk4e/reliquary/attributes/76524.json,45c2b6c13f4514df4d4d69f647384340
hk4e/reliquary/attributes/76530.json,26695b6ecd8ec4d55ada4726cdc95cc9
hk4e/reliquary/attributes/76531.json,72f94f9b428d34079c9fec286f2eaec3
hk4e/reliquary/attributes/76532.json,d662539ee1ec84ef3852006ff054b416
hk4e/reliquary/attributes/76533.json,48ae688c8e502844ed958ed24dc80a41
hk4e/reliquary/attributes/76534.json,8b5d715c2cf1825f1fbbb38fa6d68e37
hk4e/reliquary/attributes/76540.json,a6663513bc6bca4fcd40a148d9891a51
hk4e/reliquary/attributes/76541.json,2a0f00bcc1edee49485a1826f413f4e6
hk4e/reliquary/attributes/76542.json,1aaad5eb651a851aa273869ce0e46449
hk4e/reliquary/attributes/76543.json,205c034f52a07fd80caa01ccfbcc3c50
hk4e/reliquary/attributes/76544.json,d0117d5e85186e6eb08ed9c5f0683624
hk4e/reliquary/attributes/76550.json,3584792b86f9c799a47e06c09015afd2
hk4e/reliquary/attributes/76551.json,48af0e8a98cd14e24c02f29cfc6dc28d
hk4e/reliquary/attributes/76552.json,5272b351c8e0c6f06481c88829986176
hk4e/reliquary/attributes/76553.json,b830b8ac8d422ab4af18b587d39e9dd8
hk4e/reliquary/attributes/76554.json,b62af2f69ef8d731a6eb242050e1a979
hk4e/reliquary/attributes/77310.json,94f2d0024a3092e8e383a668cb0445db
hk4e/reliquary/attributes/77311.json,83e80b3c3ff90006d58c9efda9880335
hk4e/reliquary/attributes/77312.json,a5df5482882683a435baa0e2c92c9c64
hk4e/reliquary/attributes/77313.json,6741cd149267537962570297914cb868
hk4e/reliquary/attributes/77314.json,df5b1634803e51764197047a7b2be09a
hk4e/reliquary/attributes/77320.json,50c7d89d118f8956ef6cb5e9fb0ccdb5
hk4e/reliquary/attributes/77321.json,d5dbb110a25e50c8925fed8a960f7caf
hk4e/reliquary/attributes/77322.json,dfe03b0e963fd32cc8a491e499b325f7
hk4e/reliquary/attributes/77323.json,1fecdefc5b2776996d89d5117b212e13
hk4e/reliquary/attributes/77324.json,3d6a3bb3e3db3e29ed8f743f38f1581b
hk4e/reliquary/attributes/77330.json,a7ad8c6e528dcbe0a8802f3c65d9d7eb
hk4e/reliquary/attributes/77331.json,7af1ea84f7036496585f40e4a8c43765
hk4e/reliquary/attributes/77332.json,63120ed733ec8a24f9df16a10af7222e
hk4e/reliquary/attributes/77333.json,b69fcc7e4c9e13bbd9454304af9e5206
hk4e/reliquary/attributes/77334.json,81153a20249339d3db3e8b091d9662ca
hk4e/reliquary/attributes/77340.json,4a2a825e2406f827cd515ab4bac06d4c
hk4e/reliquary/attributes/77341.json,df1ffedfad26c0ca7b3e586c490ab3a3
hk4e/reliquary/attributes/77342.json,9f86c3d2e405751735183b1930ea2975
hk4e/reliquary/attributes/77343.json,408d0f7071a4dbe03a8a769251b49b87
hk4e/reliquary/attributes/77344.json,bda5e547f66d682cb03b8e2f984bba95
hk4e/reliquary/attributes/77350.json,3fe0c5280d49e420178d99466a7b055e
hk4e/reliquary/attributes/77351.json,bdff440987c1f1a834635b60ba2ab8eb
hk4e/reliquary/attributes/77352.json,ab5108ecf0feb4bb86c57dbe11bdbe53
hk4e/reliquary/attributes/77353.json,97530bc9a486130909d1913c8ac33502
hk4e/reliquary/attributes/77354.json,6d1dd267093b0e94f0035053882fcf1e
hk4e/reliquary/attributes/77410.json,3071c9f3ddea2acd6c093d979487415e
hk4e/reliquary/attributes/77411.json,30ca8ced62577876975bffeb00de74d7
hk4e/reliquary/attributes/77412.json,7a8cb1c4464e91ff9910ca03393c4a5c
hk4e/reliquary/attributes/77413.json,a71cf4f0fc67e065712eb817d08c5536
hk4e/reliquary/attributes/77414.json,6e3ca728fafa0916df7899fb1e50f0ae
hk4e/reliquary/attributes/77420.json,15fe86c433edeaac8ee146fdd66ff1d4
hk4e/reliquary/attributes/77421.json,69c8b054551c6822ec589f25fbfb12df
hk4e/reliquary/attributes/77422.json,d6828e960c500d448a68c4929af74cc9
hk4e/reliquary/attributes/77423.json,0e8aca1e8e6e92b43b467f44280306f1
hk4e/reliquary/attributes/77424.json,ec583d6ffb9704aab018ff21b7f35f5d
hk4e/reliquary/attributes/77430.json,2fc52635f1ebc4f04e80da73b4b4ea16
hk4e/reliquary/attributes/77431.json,c6f95f5e235c3219d069d42854958356
hk4e/reliquary/attributes/77432.json,5c60c303bdfa84dc0bc931cedd829a84
hk4e/reliquary/attributes/77433.json,2e619249a87f7b6be35e6882a2863c8f
hk4e/reliquary/attributes/77434.json,7ce1cd6afb78a32ee691e44f7d5fac7f
hk4e/reliquary/attributes/77440.json,073edd3331b0043d88dc08f95a5bf11e
hk4e/reliquary/attributes/77441.json,42f678dbda5d159b4329fb89dc57bff3
hk4e/reliquary/attributes/77442.json,298e3ed6cd1840cc7e7595e15e7c5236
hk4e/reliquary/attributes/77443.json,f502878d0dd12f4d1b66c2a66f05500a
hk4e/reliquary/attributes/77444.json,8462e435b054305cc0c16e7ef3d98404
hk4e/reliquary/attributes/77450.json,a7a659ad101e7ca35d4e90e6bb612418
hk4e/reliquary/attributes/77451.json,74f0c0868871f39f575cb91e046385ea
hk4e/reliquary/attributes/77452.json,05d87793489cd0ae9732a11d1982b1e9
hk4e/reliquary/attributes/77453.json,c2adf33bec74732fcaa5d9dc2df33b90
hk4e/reliquary/attributes/77454.json,088c8b1b2e2301b3452f593d058388f8
hk4e/reliquary/attributes/77510.json,dd1750f5106ea5640439826f8d18e48d
hk4e/reliquary/attributes/77511.json,447ff4d026b7dbbdc934276bab7d43e7
hk4e/reliquary/attributes/77512.json,39cf08138a20d3f3fd77a6f029efa81b
hk4e/reliquary/attributes/77513.json,d979c44b371a63ca53941a4c3df59737
hk4e/reliquary/attributes/77514.json,e63e4bfb1666b0ae3863aa8b0d968d7b
hk4e/reliquary/attributes/77520.json,ca70592fa09a8d3d07f5ecb4b7f4162a
hk4e/reliquary/attributes/77521.json,44d5223071593e34d029163eb52f0ed3
hk4e/reliquary/attributes/77522.json,f7a08e371a8716613d1d052b406f8e99
hk4e/reliquary/attributes/77523.json,6165fbf14f3883349093b4a696b22f84
hk4e/reliquary/attributes/77524.json,27a7f6d08b776b5ac68b8f54037e8cf9
hk4e/reliquary/attributes/77530.json,df3ada941bfe7690aded26cf8e00c700
hk4e/reliquary/attributes/77531.json,3e363d9de1edee2529e1bfd04de95eca
hk4e/reliquary/attributes/77532.json,8c95efc7fd32a302207e915e7930c7ae
hk4e/reliquary/attributes/77533.json,33d1484fd9a0e7338b957cb47979dd8a
hk4e/reliquary/attributes/77534.json,70301699ef52780a3007c90768da3fdf
hk4e/reliquary/attributes/77540.json,f26b545c46cec5bf7be4f7b023d0d04e
hk4e/reliquary/attributes/77541.json,68ab594813a8b467b696fe393801891d
hk4e/reliquary/attributes/77542.json,fca27cf6192d758db6a6e607f6b30767
hk4e/reliquary/attributes/77543.json,af92f0b0272e8dd42afc0a767b9a479f
hk4e/reliquary/attributes/77544.json,c3248a140008ad72d12f43cea713018a
hk4e/reliquary/attributes/77550.json,d049ec599c93ce79d6880d850ed7bd48
hk4e/reliquary/attributes/77551.json,38f84cb69270a2934653821601ee0ce2
hk4e/reliquary/attributes/77552.json,63b4ef7563fc9967d0cc1dfecf21789f
hk4e/reliquary/attributes/77553.json,8dae4737a2760db50076e07e1d25dbb0
hk4e/reliquary/attributes/77554.json,1a18c32ac5929fdba8e27302bbd38c6d
hk4e/reliquary/attributes/78310.json,cc11e5923464cf4962f9b5e84f29bb37
hk4e/reliquary/attributes/78311.json,ffff529055bac7ebc8dfae2058d33eae
hk4e/reliquary/attributes/78312.json,c013b6c64dce718d38b22b83ea68cf7d
hk4e/reliquary/attributes/78313.json,073e45c464f05d32f182bd5d95fcfe97
hk4e/reliquary/attributes/78314.json,eb6fde31c06ea2284374d6abf4059de2
hk4e/reliquary/attributes/78320.json,5d9115ac3990874436f421c4fcae8e65
hk4e/reliquary/attributes/78321.json,0599c10030314a11a788e40e775e7d97
hk4e/reliquary/attributes/78322.json,6eb6d897dae8482e6764c460f244b382
hk4e/reliquary/attributes/78323.json,83d161bc05a2dec9b3cfabc039d48e17
hk4e/reliquary/attributes/78324.json,84bbf6d584d2f551a4b418199212a710
hk4e/reliquary/attributes/78330.json,dd4a093a39be7bd0f71025035efeeafc
hk4e/reliquary/attributes/78331.json,a1143f2cdbed2d5857849142b2d35778
hk4e/reliquary/attributes/78332.json,0f3038bc7677e06b8f0897d39d85e602
hk4e/reliquary/attributes/78333.json,326cc1adda76c53e61fc3f97ba8422b6
hk4e/reliquary/attributes/78334.json,8199d9c14ecd368f97d22aa61f3c5246
hk4e/reliquary/attributes/78340.json,f9ed5d062ce94f7d565d80412e4e41d8
hk4e/reliquary/attributes/78341.json,004703174f5e65544fc4e8c0b208b531
hk4e/reliquary/attributes/78342.json,284065103481c1927c3e89a33bbf0829
hk4e/reliquary/attributes/78343.json,3d293cb36b933dd5338cb07ed4a80657
hk4e/reliquary/attributes/78344.json,7899348331439cd3603f258c3c7f45ce
hk4e/reliquary/attributes/78350.json,46011cb58fdc302f988ffcebd9b3a3bf
hk4e/reliquary/attributes/78351.json,5f278eaa7ac558ae630d64b56cb00e85
hk4e/reliquary/attributes/78352.json,8ab4cd49b071d95e9da471f72abf8988
hk4e/reliquary/attributes/78353.json,17a317b8ee0388a5af4378a2bbcb75c0
hk4e/reliquary/attributes/78354.json,2ea75004c107973868e4f4752a56f0b9
hk4e/reliquary/attributes/78410.json,9244e56e7ab52181faf7e756376f1517
hk4e/reliquary/attributes/78411.json,c6c86803a07fa6edd1b6fd45b65e6f0f
hk4e/reliquary/attributes/78412.json,2b40a880591431c9e696555102f8907a
hk4e/reliquary/attributes/78413.json,82ab6bd3a75830a42ca2bac8bce1f66f
hk4e/reliquary/attributes/78414.json,18c362c134fd6a45c356092279849103
hk4e/reliquary/attributes/78420.json,8a0ea977ec78a9528b0001bcbb58c3ce
hk4e/reliquary/attributes/78421.json,4162f4982f559b9ecd2e91b233b66cc0
hk4e/reliquary/attributes/78422.json,9e2a7082d9ddcd1fe23f310199b58eb4
hk4e/reliquary/attributes/78423.json,67d5f0341eb1dd613256e6ceb0cf25e0
hk4e/reliquary/attributes/78424.json,124031fe576a21b109ce5a731b15673f
hk4e/reliquary/attributes/78430.json,5aabccfea9cc3a4fac46a4653a5c5d3a
hk4e/reliquary/attributes/78431.json,3ad486911313e553d16792e0747c2d48
hk4e/reliquary/attributes/78432.json,da1badf061e75b69ad5f412e6010dd58
hk4e/reliquary/attributes/78433.json,8adaba95515ac956511619e358e5d089
hk4e/reliquary/attributes/78434.json,7c943d1c8bedd7a5630e681b3fd03815
hk4e/reliquary/attributes/78440.json,c72f1366dba6fdfadb725f116e4c8387
hk4e/reliquary/attributes/78441.json,139cdf78155fd51ee1c300e78c43014d
hk4e/reliquary/attributes/78442.json,0d4def0bcc174e88045a1102921081e7
hk4e/reliquary/attributes/78443.json,0516b12e9b5e2de857de61a13bd77584
hk4e/reliquary/attributes/78444.json,a49d744ee4fc80fcfe38d420726404fc
hk4e/reliquary/attributes/78450.json,bf5e6061fe31d50da8be493abf76bb96
hk4e/reliquary/attributes/78451.json,0a3a78aae30c83effe4c55441cdb2f61
hk4e/reliquary/attributes/78452.json,fe01aa18e42159c3514dfc96235734f0
hk4e/reliquary/attributes/78453.json,bb7e0bb5324fe84c6f38950f2ea3c223
hk4e/reliquary/attributes/78454.json,fc7b24265443bb78411fa31e5f803bac
hk4e/reliquary/attributes/78510.json,ebc68cca74558d30abe3dd497ab6b09d
hk4e/reliquary/attributes/78511.json,b06fcf9a0093c9df6faa37dd21441fda
hk4e/reliquary/attributes/78512.json,193c638383f9cebf4fc4eb07c75fbfdf
hk4e/reliquary/attributes/78513.json,b1fc373936f4f7e41fcf35a81c4379f7
hk4e/reliquary/attributes/78514.json,b22601683159ef6d969ebb45365ec6f7
hk4e/reliquary/attributes/78520.json,881905641d37a8f023152d3ad368bb7f
hk4e/reliquary/attributes/78521.json,653c19e1e5ac467de67d521f716517d4
hk4e/reliquary/attributes/78522.json,01d37de36696657fd0ad4a743f2f0292
hk4e/reliquary/attributes/78523.json,2081067fb9945f0a5177d14307bfa8a3
hk4e/reliquary/attributes/78524.json,72a4f6bba7fcf405ff8fa85aab73bf8c
hk4e/reliquary/attributes/78530.json,25cc8c342e740ef537ba878d08636640
hk4e/reliquary/attributes/78531.json,42f9cb7e9b53a4052c6dd6f5cb08b0b8
hk4e/reliquary/attributes/78532.json,5270453ee1fff64125438df8dde41da7
hk4e/reliquary/attributes/78533.json,7a1491c8f496c87fb0aed29850e23b90
hk4e/reliquary/attributes/78534.json,acad73821e040362273fc8e9ad343f88
hk4e/reliquary/attributes/78540.json,111f70370272c81fef01700029f870a4
hk4e/reliquary/attributes/78541.json,e7bf7ef52a3e00e8490199bacb196adf
hk4e/reliquary/attributes/78542.json,2d2b1d25b5f39a82b312bde9e3faa4bb
hk4e/reliquary/attributes/78543.json,053ed53d6b6742bfecc91d49e6919c23
hk4e/reliquary/attributes/78544.json,3c19aaa719bfd1d3b01f380c1e17d5cd
hk4e/reliquary/attributes/78550.json,ccc5393119eb3c88452de3e1a1f53851
hk4e/reliquary/attributes/78551.json,b29b6dec0067ffaa6acd8af271c26cd7
hk4e/reliquary/attributes/78552.json,31958a6df6e6794bbb189df7ada167ab
hk4e/reliquary/attributes/78553.json,a27c7ccbab19987d2235bf08feb89d89
hk4e/reliquary/attributes/78554.json,40653ca17ff969682925cca141dbcd4b
hk4e/reliquary/attributes/79310.json,ea276bc3d6d06604581e35596150261f
hk4e/reliquary/attributes/79311.json,fa4165c8bcbb7bab526cc5623b4737ff
hk4e/reliquary/attributes/79312.json,b766ff0002fcad26f3155fe3ba67905d
hk4e/reliquary/attributes/79313.json,f8fa944a785f0f8c6e1884da14ae7c02
hk4e/reliquary/attributes/79314.json,d9280513cf282636c9571edf42df9bf6
hk4e/reliquary/attributes/79320.json,540751e95c449355608e83f9d3fd47c8
hk4e/reliquary/attributes/79321.json,ee1b98686a763d6eb3578887e9985f9a
hk4e/reliquary/attributes/79322.json,7bdd7e3f6f2d3ff4940926ad6df377c7
hk4e/reliquary/attributes/79323.json,31376d1bce48d58a8d632a58af48c8bc
hk4e/reliquary/attributes/79324.json,560b8385cc83c0ad5daee9b562037a32
hk4e/reliquary/attributes/79330.json,9af4fa146754a2e1a4fb0606ea340f25
hk4e/reliquary/attributes/79331.json,be66e4390e74b255bac80552168bceeb
hk4e/reliquary/attributes/79332.json,276f669a2f08b5166fcc38fbaa777a77
hk4e/reliquary/attributes/79333.json,9fe5877fb2dece21b45be1ea9925b2eb
hk4e/reliquary/attributes/79334.json,4097fbbec28b7e00a299f53176f50818
hk4e/reliquary/attributes/79340.json,8395920b39b4c862a14a66fe47fc22dd
hk4e/reliquary/attributes/79341.json,695681dbbb7f5ff3a67cc1f73c4b66fc
hk4e/reliquary/attributes/79342.json,34aecafdb569278f502c90122964a269
hk4e/reliquary/attributes/79343.json,b89ba3d05f91080bc0c850821ec0ac5c
hk4e/reliquary/attributes/79344.json,5b8f562468f8cc64447edf173c88df46
hk4e/reliquary/attributes/79350.json,b6aa093d29a821836a5d7557978b3580
hk4e/reliquary/attributes/79351.json,10bf7f5d87f56195073016e3af72438c
hk4e/reliquary/attributes/79352.json,43688bcbaf25397f78f7b598c214330e
hk4e/reliquary/attributes/79353.json,ef4b2889ee332d4f22abc927903d7c98
hk4e/reliquary/attributes/79354.json,328646ff6a89393dec357e8ff20e5f4b
hk4e/reliquary/attributes/79410.json,82b9fd613ef0d6b4d10d9078e695207f
hk4e/reliquary/attributes/79411.json,584be535d4a40922115f783e3f97f77f
hk4e/reliquary/attributes/79412.json,f7ae404795dd09c0151f88af992fa6df
hk4e/reliquary/attributes/79413.json,f8fc2b73253cb41303e6f785c64f3be6
hk4e/reliquary/attributes/79414.json,c3d5ea4f0d57c46598568b2ff800148e
hk4e/reliquary/attributes/79420.json,c61d7502924f2de6c9dda847c518d9bb
hk4e/reliquary/attributes/79421.json,6cc4604467360bf359e6992bbb780e46
hk4e/reliquary/attributes/79422.json,3fea350ca44d26cee366f031d6c51318
hk4e/reliquary/attributes/79423.json,1152d4ce0167d1714b15a917a89c51a2
hk4e/reliquary/attributes/79424.json,9e3268097fbd01423e66b20d8087c6c9
hk4e/reliquary/attributes/79430.json,550b994d12a7a277ec202f67b4151bb5
hk4e/reliquary/attributes/79431.json,fafb4e9a97e1adf3424c8f64d395dfb3
hk4e/reliquary/attributes/79432.json,16b2aef47ba67285cbc6dad8e0d3fb07
hk4e/reliquary/attributes/79433.json,919269e722f2871bfc81b14568169aa9
hk4e/reliquary/attributes/79434.json,fa71f89ad60dec744b407fe9028ce765
hk4e/reliquary/attributes/79440.json,baed7cec5428527cb3fee03e934c9a78
hk4e/reliquary/attributes/79441.json,0759b98094fec57d2dbb31087bcf470f
hk4e/reliquary/attributes/79442.json,f6703ba5cc30c2b5e7f93a26664430a8
hk4e/reliquary/attributes/79443.json,6c34c2a4f5210ae15bd61a421f264953
hk4e/reliquary/attributes/79444.json,4d05f68ccf4f0a3f76fd5c4fddc25541
hk4e/reliquary/attributes/79450.json,8a6a43acbc2552f348156e5950ac2492
hk4e/reliquary/attributes/79451.json,66de0a0de9968f98453b82c6df6994d8
hk4e/reliquary/attributes/79452.json,c27953175f286d125c4d1d0473c3f8ff
hk4e/reliquary/attributes/79453.json,ddbd74dc294280f5d96182ba7c9e9490
hk4e/reliquary/attributes/79454.json,cf3f32dd54c9016c4caaab39b547cc6b
hk4e/reliquary/attributes/79510.json,f18163a5e11c30e7eadef3c904bb2949
hk4e/reliquary/attributes/79511.json,ce23bc68429aabaf8793f2a9db18e3bc
hk4e/reliquary/attributes/79512.json,2329c09a3dfd469c5eee4d55093470c1
hk4e/reliquary/attributes/79513.json,4c83dced3a161211aa54d5bd0dd6423c
hk4e/reliquary/attributes/79514.json,c14628e4d26b3ce50525ae4bd173f1e0
hk4e/reliquary/attributes/79520.json,3f91eda6111dea50f6c1ee5266b393fe
hk4e/reliquary/attributes/79521.json,ec8385609731f447534375ec9b97eb0a
hk4e/reliquary/attributes/79522.json,ea7d9488af7d5a1bcc9344c033148fb0
hk4e/reliquary/attributes/79523.json,998e3e2bf69bcc1925312c6521326d80
hk4e/reliquary/attributes/79524.json,7a141d9f35e12d075554cc87ab15c6ee
hk4e/reliquary/attributes/79530.json,c413f499928b8deb977620ce2665e9a5
hk4e/reliquary/attributes/79531.json,71aa7489294843480aebc0d7087bbe44
hk4e/reliquary/attributes/79532.json,187dea62f3f1a1a21055a1d2268c728b
hk4e/reliquary/attributes/79533.json,dd1f5010bbc025ff23b3fa9a39532dad
hk4e/reliquary/attributes/79534.json,aa3fb33aa6c185a9df4ebcec6e47fb48
hk4e/reliquary/attributes/79540.json,5756a43644a40b5b9292e3b10954f91e
hk4e/reliquary/attributes/79541.json,7f2b0ef6115eab175e35b5c23b8faed2
hk4e/reliquary/attributes/79542.json,eac22822b3c1ea602e9ef39c55c8f334
hk4e/reliquary/attributes/79543.json,d5b7e0abc995baf5b26c20817f628026
hk4e/reliquary/attributes/79544.json,cf500dfd2399bea470f99556bd0da77c
hk4e/reliquary/attributes/79550.json,69e4fa748f4b8519ebdb3f7243317221
hk4e/reliquary/attributes/79551.json,c1869db4f507957f2a807c161b47a2ce
hk4e/reliquary/attributes/79552.json,4a664e7c601dc4bd7dcb3432b3a6690f
hk4e/reliquary/attributes/79553.json,8d89bd3cd0c769cd7a4b91eac3d53188
hk4e/reliquary/attributes/79554.json,a01418a097da7f2183092f6f1f0d7b2d
hk4e/reliquary/attributes/80310.json,609f18108e3465f70d5e1a87a9c26232
hk4e/reliquary/attributes/80311.json,698322c93f174469b8363290f13e1d93
hk4e/reliquary/attributes/80312.json,edd941648edc288fc490ae6e52cfdaad
hk4e/reliquary/attributes/80313.json,05164001e052762f89962d301dd36779
hk4e/reliquary/attributes/80314.json,6b9774ed24b45c71bcab72aa999da3a9
hk4e/reliquary/attributes/80320.json,881f6ce62168b5e2ae365961ea80c6d4
hk4e/reliquary/attributes/80321.json,1e8c89c21db164b4912fa5d510800a99
hk4e/reliquary/attributes/80322.json,5218288ed9342993d37c733b1f587e56
hk4e/reliquary/attributes/80323.json,1791d9eaeed5f77c361355ea1bd9d7e0
hk4e/reliquary/attributes/80324.json,87372e490cc2438db8970f293e1a5291
hk4e/reliquary/attributes/80330.json,06ce65000e9a7c05b7fbedc1e0912638
hk4e/reliquary/attributes/80331.json,b7026992077c322b27a0fe27764550ee
hk4e/reliquary/attributes/80332.json,3d16f30770c14ecf9d229ea162cd9a46
hk4e/reliquary/attributes/80333.json,1bd7c5c9c9080eadfa561195463015c0
hk4e/reliquary/attributes/80334.json,859dc4d969fc92a0a6721781707c4db8
hk4e/reliquary/attributes/80340.json,460bf905873c72a4050187aa5d51eab2
hk4e/reliquary/attributes/80341.json,8a541ae92cac4eae5ce92ad7a31d3c48
hk4e/reliquary/attributes/80342.json,afe56beb770a8f86a3ec3bbde98843b6
hk4e/reliquary/attributes/80343.json,cfa5e04e959fbc18e0db0bbe03c7b92b
hk4e/reliquary/attributes/80344.json,c6b87f570695a20a55ca05c71f76d807
hk4e/reliquary/attributes/80350.json,9cc923daedf6feef7a011354c09cb19f
hk4e/reliquary/attributes/80351.json,627266f5b4fb0b1d03f2b6f74500985c
hk4e/reliquary/attributes/80352.json,776197bc8d8e5e667ded76e2d16b985a
hk4e/reliquary/attributes/80353.json,69dc9c4c4519cb94cf8fb3ce665ba834
hk4e/reliquary/attributes/80354.json,d6a7155fb71bb2c8bb6961b78867e71c
hk4e/reliquary/attributes/80410.json,4ab74ec6f4b62bda878de46655e8a01d
hk4e/reliquary/attributes/80411.json,0fbc8fa7b17692f275b923d865b3c619
hk4e/reliquary/attributes/80412.json,a949699a4c75e558d72366437fb6a632
hk4e/reliquary/attributes/80413.json,392630d4ac2801999cbe2d73e94f0619
hk4e/reliquary/attributes/80414.json,b2d749f8e9cabb7c090c99d01ac40ff6
hk4e/reliquary/attributes/80420.json,5e8f2871b57b8078e37da1fcb36b650a
hk4e/reliquary/attributes/80421.json,b137e948ca0e312861819ebb9b1f5ce4
hk4e/reliquary/attributes/80422.json,8b123edecdb0281dab2521131f14e6cc
hk4e/reliquary/attributes/80423.json,b1f4db3685df21572de3bf0dfe44864e
hk4e/reliquary/attributes/80424.json,c584252a58a080d127e4b5539fa6b8b0
hk4e/reliquary/attributes/80430.json,62f39caf89fc5352a98b45b76b2da25f
hk4e/reliquary/attributes/80431.json,f474a28938db5521963e124cacd0c777
hk4e/reliquary/attributes/80432.json,77c1f9a29a1ddd05e4c118daa059bfb9
hk4e/reliquary/attributes/80433.json,fcd7b9280bcb718b9defc258734a3a91
hk4e/reliquary/attributes/80434.json,e5466acf4d136dc5319613b0be642502
hk4e/reliquary/attributes/80440.json,ee90bd17f3acf8a708ad709f8005d13e
hk4e/reliquary/attributes/80441.json,d5d3a7ee89bdc13b8fabc6275828fbca
hk4e/reliquary/attributes/80442.json,1aedeb924084ce2ba2ca9935d6f7be4c
hk4e/reliquary/attributes/80443.json,6105c0ab1bee5642e472353af45c421b
hk4e/reliquary/attributes/80444.json,69be37e4726c473815c468b585e0eaca
hk4e/reliquary/attributes/80450.json,46a2590ec96045c549081008bb72e852
hk4e/reliquary/attributes/80451.json,dfb0c779eaf5c69b31a8231144180358
hk4e/reliquary/attributes/80452.json,5f5114d3793528b424929b40f97c868e
hk4e/reliquary/attributes/80453.json,65fed2734053d73d60b749acb89b630c
hk4e/reliquary/attributes/80454.json,2c4c41858b66283e76e8e3557fbb7ac8
hk4e/reliquary/attributes/80510.json,81e2a39edea804d560316c23ee53fe2a
hk4e/reliquary/attributes/80511.json,b420cf5c1b3a7c777cc570c854f4aa6e
hk4e/reliquary/attributes/80512.json,cb96c43e2094bb02ca538b2b17d63885
hk4e/reliquary/attributes/80513.json,f08b830354bc904e64cd1c097fa49fcf
hk4e/reliquary/attributes/80514.json,206ebe46cc210c84980301880e63f1c5
hk4e/reliquary/attributes/80520.json,10ccaa94733a421a105ba9d66821725a
hk4e/reliquary/attributes/80521.json,1196f5ca55152996f159b62e478e5058
hk4e/reliquary/attributes/80522.json,a21c8b11ea1d6a1a648a407124257317
hk4e/reliquary/attributes/80523.json,b0417ac5bdae6a98052c55a287e75886
hk4e/reliquary/attributes/80524.json,9a210ce95f5b8846220fc5d9a4489791
hk4e/reliquary/attributes/80530.json,755612fb5c87e1bffc7f8b76c4634761
hk4e/reliquary/attributes/80531.json,79931f411562b199b6f5bffe5ea7c387
hk4e/reliquary/attributes/80532.json,94ad50060612b3fe916e552f97e0e956
hk4e/reliquary/attributes/80533.json,bbb18473bb4806046cb7555787a93de1
hk4e/reliquary/attributes/80534.json,bc13a2c6fe4296d144e0e5fe31944a81
hk4e/reliquary/attributes/80540.json,9ccbe539215d1f0a2c638457a3fab98d
hk4e/reliquary/attributes/80541.json,c5ba0a79a863e3048c18473daf32ee33
hk4e/reliquary/attributes/80542.json,c2faed50c0e0096433aef710a736f6c1
hk4e/reliquary/attributes/80543.json,c308d60551fc4f25123db3b54b68a656
hk4e/reliquary/attributes/80544.json,d1b3b19192482c6c7b790604de6877b5
hk4e/reliquary/attributes/80550.json,7de8773219a958e3d1b0045e2b35ad06
hk4e/reliquary/attributes/80551.json,c7aa565c10731f834af6ac5ca9253b18
hk4e/reliquary/attributes/80552.json,16f92f1e8b69fd937cbd0fb2aedb9558
hk4e/reliquary/attributes/80553.json,2691e79195a03b1374bd4ee9b41fe569
hk4e/reliquary/attributes/80554.json,a608f13dafad0d0a8a0fa0f93ada9aa9
hk4e/reliquary/attributes/81310.json,8f9f33b67b3748958aea2bb07e7bab71
hk4e/reliquary/attributes/81311.json,306f3372557181ef3de3cf70db6e92d4
hk4e/reliquary/attributes/81312.json,37451b67c1d491576e4ede114599c184
hk4e/reliquary/attributes/81313.json,1f22a81b0dba376e4581cae0e4154dd3
hk4e/reliquary/attributes/81314.json,03745582b185c5c3289dffad28cd2f7a
hk4e/reliquary/attributes/81320.json,e4de7c12b3eaa719e146af7dac31e234
hk4e/reliquary/attributes/81321.json,cc8feca40fdb9b3e816ed73c45c472b6
hk4e/reliquary/attributes/81322.json,8c731d2470a3638efa68a4c55d1803f9
hk4e/reliquary/attributes/81323.json,380c47df8f51a644e529c8f3a64026a7
hk4e/reliquary/attributes/81324.json,44dcf22c3811b63bd8805d7e1466f2b9
hk4e/reliquary/attributes/81330.json,b4eb99d96466fec03bba4ac91eca16a3
hk4e/reliquary/attributes/81331.json,535fc53f2421d7cb5565db68e006890e
hk4e/reliquary/attributes/81332.json,892b101da9d14d9d459092b67478d571
hk4e/reliquary/attributes/81333.json,e74c6c52e8bf70f328cb70c909b2eaa5
hk4e/reliquary/attributes/81334.json,d9eeb180b027ef4b2f8c8fe65ad2adde
hk4e/reliquary/attributes/81340.json,86fa6374aea2a51746b685573b7600d6
hk4e/reliquary/attributes/81341.json,9100f906e2b33d9d7e12005fb2beb8fd
hk4e/reliquary/attributes/81342.json,7a750708ca86762d03c4c3506c17149d
hk4e/reliquary/attributes/81343.json,de65ed27ee0fad8960c438794917e64b
hk4e/reliquary/attributes/81344.json,bf2179539852b9b874037ef1651ca3c8
hk4e/reliquary/attributes/81350.json,0989f738ae56767fc08eac856ea9ba83
hk4e/reliquary/attributes/81351.json,d358304ac28fe8ccd487ec91437c47da
hk4e/reliquary/attributes/81352.json,7be1d8d182c9cfd80b83e79654f8e8d8
hk4e/reliquary/attributes/81353.json,cb245ec3104cf2d145ed718442a27379
hk4e/reliquary/attributes/81354.json,845c74d2a52b4cf89409aa60c3ff1fd7
hk4e/reliquary/attributes/81410.json,30a25b9d2b27c9bf41ad16dd6d814122
hk4e/reliquary/attributes/81411.json,4bab42d3ac7cf64b647fd890ca7bc70c
hk4e/reliquary/attributes/81412.json,6435d1fca8a3a77d563e88813181ada0
hk4e/reliquary/attributes/81413.json,08d30b1d3ceae4626013b2525b5102d6
hk4e/reliquary/attributes/81414.json,acae948917b8104d536d2a637c0f7f8b
hk4e/reliquary/attributes/81420.json,04d4e9b857d68fa530889f0d47653fae
hk4e/reliquary/attributes/81421.json,965a794236d5616b448aa02889951b47
hk4e/reliquary/attributes/81422.json,bc7fc96118bcb3f5d669c46568dbb287
hk4e/reliquary/attributes/81423.json,2ce14e5370b60182c7919f3ae97417a5
hk4e/reliquary/attributes/81424.json,27cb07497764f119d94e45bdd6298813
hk4e/reliquary/attributes/81430.json,cd0b81155728f50b8f3ed24c3288becb
hk4e/reliquary/attributes/81431.json,16d7eea9b3ca85284605232b2cc4927f
hk4e/reliquary/attributes/81432.json,e7c14a163f06863bf0a270b2cdb2253b
hk4e/reliquary/attributes/81433.json,6f0bc550b40cc0a788ee264fc6aabe50
hk4e/reliquary/attributes/81434.json,82820691ba9cdbba470e01c99b187cad
hk4e/reliquary/attributes/81440.json,cc2a7c425f642357db6249a08b209a39
hk4e/reliquary/attributes/81441.json,d5f398af78b9acb8fd41595ffd3df927
hk4e/reliquary/attributes/81442.json,5056ba7202d9040ef06db8c884cf61a2
hk4e/reliquary/attributes/81443.json,aac253161914946ce764d46391758eb6
hk4e/reliquary/attributes/81444.json,aed57607a12cfdfdabc84afcabec83a1
hk4e/reliquary/attributes/81450.json,3943265740aeddc7c55ded8e64014270
hk4e/reliquary/attributes/81451.json,6418cf46be9bcb4a664e4162fa6b0132
hk4e/reliquary/attributes/81452.json,86c3f2b8206332248198633f8be48ade
hk4e/reliquary/attributes/81453.json,a33471fb6926f71f6af26fc9cb746408
hk4e/reliquary/attributes/81454.json,d729220dffd3a3153e228401456e3d8f
hk4e/reliquary/attributes/81510.json,2c8303c21bef7d12517de1d2a4b3ae58
hk4e/reliquary/attributes/81511.json,20ad79fa0b6ce40a4110f8b48618a8e3
hk4e/reliquary/attributes/81512.json,ac0c235d1d7f99d3b896ad65afffb216
hk4e/reliquary/attributes/81513.json,2b9a92359fdb9dbb8469983f7f5a5527
hk4e/reliquary/attributes/81514.json,6a4728442df152274d50168616773446
hk4e/reliquary/attributes/81520.json,23e106d9545299a8971227b114317c8e
hk4e/reliquary/attributes/81521.json,b6a4d36289b7989f0b0256be133f5e79
hk4e/reliquary/attributes/81522.json,ece688f79b7ee2952a4dfc0cdc2540c6
hk4e/reliquary/attributes/81523.json,d6c197bfec08de47546b0a646f6c295f
hk4e/reliquary/attributes/81524.json,e658479ba2840edbf5ebcd5828cef8f1
hk4e/reliquary/attributes/81530.json,7a39168c22194687352b3600a9204560
hk4e/reliquary/attributes/81531.json,dcec4909faf9d40fc277de3004aa9b96
hk4e/reliquary/attributes/81532.json,ceb025b56df4d594dba2536c5a92f8c1
hk4e/reliquary/attributes/81533.json,b4499cb60d468f930c18ec46460b95b4
hk4e/reliquary/attributes/81534.json,c8dec9968c9797fa119b9559f348c4e6
hk4e/reliquary/attributes/81540.json,7d5a13e3f3b335e81c7e38c0dad71776
hk4e/reliquary/attributes/81541.json,049ceaba76521ff0b45f70d6ce46f5be
hk4e/reliquary/attributes/81542.json,c23436dca1ba1b78000d8c9e41f223f7
hk4e/reliquary/attributes/81543.json,cdafc2e93961c4f10d9f308dd2437a58
hk4e/reliquary/attributes/81544.json,8ec699be1f63beadb6f987b2702b5395
hk4e/reliquary/attributes/81550.json,039f1e56b9d22ff42b21ffdeba68ba80
hk4e/reliquary/attributes/81551.json,b93cd7d4556c1d6353076ab1812f3761
hk4e/reliquary/attributes/81552.json,a8edcb627f4836ebefd65f9b67135bb2
hk4e/reliquary/attributes/81553.json,983dab92b9ea744033d46105b12ff5dd
hk4e/reliquary/attributes/81554.json,7ffb2b97edab2106514256f22036fc67
hk4e/reliquary/attributes/82310.json,dec06100f2cff7a9e53384e4d32def96
hk4e/reliquary/attributes/82311.json,45b8429a41e4a07bcccb50d085060c2c
hk4e/reliquary/attributes/82312.json,d2fdfb4ebfd8f615bd013ac12983368c
hk4e/reliquary/attributes/82313.json,79cc8063c0b31c9e69dd740ebc20cd5d
hk4e/reliquary/attributes/82314.json,72e08a3870d68e1ed5a520ccc2b55841
hk4e/reliquary/attributes/82320.json,7115a86e23b62138ca599a4cb7493207
hk4e/reliquary/attributes/82321.json,b8ca30affbf0d4a3142b532d169bf43b
hk4e/reliquary/attributes/82322.json,39ac8b3971c36b95186ecea472789ec5
hk4e/reliquary/attributes/82323.json,9f084e4cf1126bf8c265658507fd824c
hk4e/reliquary/attributes/82324.json,cab1b7d7cc6b8b65d64e62efbb313392
hk4e/reliquary/attributes/82330.json,a0b296ce7a29db5c6d4aaeb9045ab2e6
hk4e/reliquary/attributes/82331.json,e20720369ac8411c98428ee79683ffc3
hk4e/reliquary/attributes/82332.json,f5d0590c70172658da2f11fdb987cd45
hk4e/reliquary/attributes/82333.json,4393c54ef61280aea488ac9a1c3fc7f6
hk4e/reliquary/attributes/82334.json,0e0dcd341fd3fd515043a3d8e5204713
hk4e/reliquary/attributes/82340.json,a0829b0b4ecb14bacddf3d9e74904598
hk4e/reliquary/attributes/82341.json,9971134cdd3f4ab3c149db23220699b0
hk4e/reliquary/attributes/82342.json,3407a47025063b479241acac7fc914a0
hk4e/reliquary/attributes/82343.json,df24ac74b833ea67afe828ab81839d99
hk4e/reliquary/attributes/82344.json,1b6e3e3bcf1fe0ed6fb8108eae78e0a8
hk4e/reliquary/attributes/82350.json,9ed94a76d387749fee558b2e5a225762
hk4e/reliquary/attributes/82351.json,41332610795c235d9bea60184ff0ecef
hk4e/reliquary/attributes/82352.json,27789fc327ec81359f6243628a80e935
hk4e/reliquary/attributes/82353.json,9fe8c2a8162cac4095c58eb989c9cee2
hk4e/reliquary/attributes/82354.json,31a1c0a71204799b93ab9e26cb8ac3cb
hk4e/reliquary/attributes/82410.json,6714f629141ca2b0712742fb13fee708
hk4e/reliquary/attributes/82411.json,fd7bf6c199861b1198735989ef2eca47
hk4e/reliquary/attributes/82412.json,af222c01971a6e9da7d462fc981b88e0
hk4e/reliquary/attributes/82413.json,1fbffd2ecae781bb188e648cbbb52e24
hk4e/reliquary/attributes/82414.json,faaf34a62ceb90c3d4b7c16813503f3e
hk4e/reliquary/attributes/82420.json,bf2cdb18a3c790584ea77017bbbfe42e
hk4e/reliquary/attributes/82421.json,6756ec554255effdab2b837264f6f70c
hk4e/reliquary/attributes/82422.json,132d690333282cdc07aed1a54a1cea55
hk4e/reliquary/attributes/82423.json,59fd1bfa4414e60ad746a99954a91157
hk4e/reliquary/attributes/82424.json,999d62aa0f1b56cba0690968cb3efc04
hk4e/reliquary/attributes/82430.json,31e7998c51a60356d5281587ad38c329
hk4e/reliquary/attributes/82431.json,6728c5f17488a67f8a5a2c2e1355dbbe
hk4e/reliquary/attributes/82432.json,cef2b097d8f7e3b999e7b9378cc0ca77
hk4e/reliquary/attributes/82433.json,5ca815fa33f54f1a0646cedc905b0fc7
hk4e/reliquary/attributes/82434.json,78ce4671c79d2c1a7d3a6a9cd5d5de15
hk4e/reliquary/attributes/82440.json,402614e4bbf01dec5cc9cb35955d74e4
hk4e/reliquary/attributes/82441.json,28a8fee97723407d5c9ee7ddd5f61d47
hk4e/reliquary/attributes/82442.json,1b1a188a0a5a70647991b717e4cc6a14
hk4e/reliquary/attributes/82443.json,326c5760300664f31e5c1ab05d7772df
hk4e/reliquary/attributes/82444.json,8a4901078bfc9c1f11506cc5310116ac
hk4e/reliquary/attributes/82450.json,22a88fd0f12e3d8b73525ff3485f9b75
hk4e/reliquary/attributes/82451.json,aa05d753aacee01b41cc9576eb41b46d
hk4e/reliquary/attributes/82452.json,001c7d49a353a0af4647d23dfc77b709
hk4e/reliquary/attributes/82453.json,858c244f9e5c78a6b192106a092d3cb1
hk4e/reliquary/attributes/82454.json,16057e4e54fd75f036f43db21d9e4c02
hk4e/reliquary/attributes/82510.json,7ca0cd4efd7c52318a99d0bc8dd8f9d3
hk4e/reliquary/attributes/82511.json,219d61f58ccfd67004aa2a7142769f47
hk4e/reliquary/attributes/82512.json,af32969f095a42e32ffdd27ca5fe7834
hk4e/reliquary/attributes/82513.json,9b85372f3b16a96c7533c7887b228f2c
hk4e/reliquary/attributes/82514.json,4f042b53c7805f0bb7d1849ad81a6204
hk4e/reliquary/attributes/82520.json,288ce8de314da156c1ce22d14cf37af3
hk4e/reliquary/attributes/82521.json,81082557de810b41de0af00e685114dd
hk4e/reliquary/attributes/82522.json,5db292dded03ec7b346057225cbed426
hk4e/reliquary/attributes/82523.json,fa93784de91d3ae3e0216d8b9857b4b9
hk4e/reliquary/attributes/82524.json,674547f0da3176603b73da41b3ce4090
hk4e/reliquary/attributes/82530.json,12aea2b110fbb62bd3e887bbae1890d7
hk4e/reliquary/attributes/82531.json,4c6addef45dfe296875a864d53f4e6ed
hk4e/reliquary/attributes/82532.json,52adf08c614136a8670e0deb7d509cf2
hk4e/reliquary/attributes/82533.json,68dee07d37000bfe892f97a5fa354436
hk4e/reliquary/attributes/82534.json,1107fe0ecb46706dbed83a778d5aac52
hk4e/reliquary/attributes/82540.json,77897ccc5c557cfb5fa3635a1953de9a
hk4e/reliquary/attributes/82541.json,77b878fa033c08278fd6682789a07a05
hk4e/reliquary/attributes/82542.json,24f49cc2b796d28b4474f8a137b5089e
hk4e/reliquary/attributes/82543.json,8cf2c2f0da36bab677235f18365430c6
hk4e/reliquary/attributes/82544.json,9605dca8188010ec4ba113ea0e129582
hk4e/reliquary/attributes/82550.json,4b457821c8e3ad51d35e2c914a97adf9
hk4e/reliquary/attributes/82551.json,0b9f524ca4d591c92c4ea8cd134581ee
hk4e/reliquary/attributes/82552.json,6910a51bb6c0f5cb1650a9e923e557c2
hk4e/reliquary/attributes/82553.json,ffeb8bcc6fa4f62b9a7b2c2c01a96353
hk4e/reliquary/attributes/82554.json,9a333c39170982724ec89b0965f8398d
hk4e/reliquary/attributes/83330.json,1c425f038cace8812b2ac26042dfe04c
hk4e/reliquary/attributes/83331.json,14f9d3efba1f06f4c988ab83510ce3c0
hk4e/reliquary/attributes/83332.json,015e211e70d3574dd3aa6efaaee7f764
hk4e/reliquary/attributes/83333.json,3b9af0401708d6c3e6cdf003e879e258
hk4e/reliquary/attributes/83334.json,3b0a5ba4cae23a4431394031f91b5b53
hk4e/reliquary/attributes/83430.json,840117fd753cbcf94a0333887eeaed0e
hk4e/reliquary/attributes/83431.json,3f221e43d124b9355e39a02e9b1e4125
hk4e/reliquary/attributes/83432.json,3068ce3f31febca85947adb3443ee6bd
hk4e/reliquary/attributes/83433.json,c11b8e787fe78e885ed68a269a79df0e
hk4e/reliquary/attributes/83434.json,92f53fdd206706cffc8e901a8486b13b
hk4e/reliquary/attributes/83530.json,a9368337b355ccacb7ac7970c4024c05
hk4e/reliquary/attributes/83531.json,419c28afcd1a21f6534c32a6d1c5ec51
hk4e/reliquary/attributes/83532.json,2a3efa166f2ea729bee1a9e7b22543dd
hk4e/reliquary/attributes/83533.json,ac9d7a5cd31669359c35e0edc8b7fe1c
hk4e/reliquary/attributes/83534.json,f8ffe586c246a5c9f29254c3b004e891
hk4e/reliquary/attributes/84330.json,f92d53d9a74cd920b70a84800fdfed13
hk4e/reliquary/attributes/84331.json,cefd55c21df459b45d87128ab710dcb2
hk4e/reliquary/attributes/84332.json,ebeb40557f3a5f9d3488b2e114397ca0
hk4e/reliquary/attributes/84333.json,7136b77ea8086d0193e80bd1a1053cbf
hk4e/reliquary/attributes/84334.json,1122f6bc0ff6846aa59078a5f00ad332
hk4e/reliquary/attributes/84430.json,cb7f2ef1d6a6ebd27ae1a4fb18bbc5ae
hk4e/reliquary/attributes/84431.json,e67d4ff0aff8282b724a925deb7bf6e9
hk4e/reliquary/attributes/84432.json,8bc8324f2715bc9ac39230aafde5e11f
hk4e/reliquary/attributes/84433.json,e9849025366a6b98df5a99dc57c209c3
hk4e/reliquary/attributes/84434.json,35527392cf19aa9fd9793e8fde31fcbc
hk4e/reliquary/attributes/84530.json,e5942bfc1e3a05abd52dc691a6d29e4d
hk4e/reliquary/attributes/84531.json,f78def84ee0070604b6dc7458b4758e1
hk4e/reliquary/attributes/84532.json,e7de4616ec4bf5ac0acc3abf1ad7e20e
hk4e/reliquary/attributes/84533.json,d6a5bfebcd43fd221e49e0c033b9787c
hk4e/reliquary/attributes/84534.json,ed5216b980f597c3db1044f2d31c2502
hk4e/reliquary/attributes/85330.json,676dee273e773d561cb2acac14aee3b4
hk4e/reliquary/attributes/85331.json,2c71a12a5923ce772c554e3251a09f9a
hk4e/reliquary/attributes/85332.json,dc900ba87ae7c1eb7f27769d226d83a7
hk4e/reliquary/attributes/85333.json,57657833161bf2970b59b6aa2658422d
hk4e/reliquary/attributes/85334.json,4aa83d6e45124b81211437ded15ce622
hk4e/reliquary/attributes/85430.json,1bedfedb43f1521c7e79b2ecf3e3acec
hk4e/reliquary/attributes/85431.json,8f0c813fae34d32175343da716118334
hk4e/reliquary/attributes/85432.json,ef5c737a03b0b4db8d25cd1e5bea61fa
hk4e/reliquary/attributes/85433.json,5df775cb3413896f1677d01ebc56775a
hk4e/reliquary/attributes/85434.json,8be83f89b5543c5ff32a85fbf3ffcc3c
hk4e/reliquary/attributes/85530.json,20840628b0af8f6412210f427546ef82
hk4e/reliquary/attributes/85531.json,a31c05d0f0a063319e22989cd6bec858
hk4e/reliquary/attributes/85532.json,d2559580a35dc1080640bc4c22382258
hk4e/reliquary/attributes/85533.json,fbec02a9b3c80d0b47920b876b2696d7
hk4e/reliquary/attributes/85534.json,6dec4c7c13d2c476a7e9d8b56f806563
hk4e/reliquary/attributes/86330.json,1e4856f9eeab38711c8bda5246373558
hk4e/reliquary/attributes/86331.json,035219fa7ea23d07d8c6717e8d8ac93a
hk4e/reliquary/attributes/86332.json,d5e6c56046a3e150894ff5b1da4d0ff9
hk4e/reliquary/attributes/86333.json,636ecdcbb863939ad0740d1170c6f34b
hk4e/reliquary/attributes/86334.json,de6ea2981cf318f8c68b7b704db12ff4
hk4e/reliquary/attributes/86430.json,2d03d303d838f5c5b4d47a83e1898d0e
hk4e/reliquary/attributes/86431.json,06adca912e39b685b79a0caedfaf3a46
hk4e/reliquary/attributes/86432.json,89c42cce6fbff575a16f131db3e3c583
hk4e/reliquary/attributes/86433.json,5dc5381b95e1dd9053fda2af7e5d17ac
hk4e/reliquary/attributes/86434.json,df0c3af530229d76726fef081e8b2edf
hk4e/reliquary/attributes/86530.json,8dedc5aa8c4be9914d7168eb6d690022
hk4e/reliquary/attributes/86531.json,9f7fbc4ce4a60378cb0e614a3f7de556
hk4e/reliquary/attributes/86532.json,cc81cf607432923d8cf8b66ba99cfb83
hk4e/reliquary/attributes/86533.json,37b1cf713bf3abdc60e86d6c331bf59d
hk4e/reliquary/attributes/86534.json,f057a4e8e701862592ad0f22388cad9e
hk4e/reliquary/attributes/87330.json,75e5863ab029042436960ccb8065a6f8
hk4e/reliquary/attributes/87331.json,1e52b0073448f84225bb6d73bbb71257
hk4e/reliquary/attributes/87332.json,c56b492fba21eabea13d7f6596b7f492
hk4e/reliquary/attributes/87333.json,6be276e6ede6211c22f1fb35a274ab0f
hk4e/reliquary/attributes/87334.json,62346e154f9764462104408f5f7832f5
hk4e/reliquary/attributes/87430.json,8c2171d08f825fd2ddda6944488814c4
hk4e/reliquary/attributes/87431.json,ea21d30222682615dd1d07b828886d5e
hk4e/reliquary/attributes/87432.json,f3a405e0c20d494dde1021eb647dae9f
hk4e/reliquary/attributes/87433.json,9e865d2172cac91c38eef07ceae13f94
hk4e/reliquary/attributes/87434.json,3611d6683c24e172963f463ee0506abf
hk4e/reliquary/attributes/87530.json,aa1f2dac078c13b27d9c48b166c789c2
hk4e/reliquary/attributes/87531.json,fd568dda3ac79cf638a0c405e26a8ea9
hk4e/reliquary/attributes/87532.json,c10107880512d6348f4e82cc6f75b671
hk4e/reliquary/attributes/87533.json,ba9ba4f6535200346c7e78375869a053
hk4e/reliquary/attributes/87534.json,6144968955de5be1da0dabcb9d2b30d4
hk4e/reliquary/attributes/88310.json,f51e121963bbb8470444234b55c82fbb
hk4e/reliquary/attributes/88311.json,29ab800d3f61bf799a7fab6d61354b40
hk4e/reliquary/attributes/88312.json,42fc37160c18dd7ad55fffade626adae
hk4e/reliquary/attributes/88313.json,7ef648ba5eb50ce481e5eb94d746456b
hk4e/reliquary/attributes/88314.json,307b9562c9c407b526114d42cae8cb8b
hk4e/reliquary/attributes/88320.json,ebe4500bc83bbf7ea5f544b709d1593a
hk4e/reliquary/attributes/88321.json,5f69beacc4d51c19d4bbebfcf0f5c6ee
hk4e/reliquary/attributes/88322.json,6cbbe66944f185c3b746b2a6b71734c4
hk4e/reliquary/attributes/88323.json,e544ac83a956d6f3c025e07b49d9b9c3
hk4e/reliquary/attributes/88324.json,af659b55a52f5705e41f730056134c8f
hk4e/reliquary/attributes/88330.json,2161033c4cabf1b6d2080bd5c69f923f
hk4e/reliquary/attributes/88331.json,21fb0f1b9707791943a036c5604e42c4
hk4e/reliquary/attributes/88332.json,1a527ed8c5ddd76f268be07850ee3ce1
hk4e/reliquary/attributes/88333.json,9022c5c053496fec4cf2cae64f375747
hk4e/reliquary/attributes/88334.json,3968fffa092d1386b37ec255735dcd96
hk4e/reliquary/attributes/88340.json,916aca7e56122aa3d36f36805674dcb2
hk4e/reliquary/attributes/88341.json,0fb12f3dae7eba9e2ef52c56834b9746
hk4e/reliquary/attributes/88342.json,d055f76622f9694f0aefdda0726baffb
hk4e/reliquary/attributes/88343.json,b8c29d1929911506425e8ad0fb2e13c7
hk4e/reliquary/attributes/88344.json,546cbf586e99aef1a80786e96238952d
hk4e/reliquary/attributes/88350.json,62986851c93142f215b289d470785484
hk4e/reliquary/attributes/88351.json,1c44a88924c71ffc9af3d6b7e794965b
hk4e/reliquary/attributes/88352.json,1fd6980db88de1620688b87f7cf8107e
hk4e/reliquary/attributes/88353.json,07fc7c705d77fb7bfa27b2ff522a041c
hk4e/reliquary/attributes/88354.json,80d435e2a0c3e1039012e040141fae8a
hk4e/reliquary/attributes/88410.json,93206662ed105762b65515a0d086eaa3
hk4e/reliquary/attributes/88411.json,792707c94cb545cf9f7947fbbbc7d112
hk4e/reliquary/attributes/88412.json,7498cb9518d7f54ab186e53ccb80c854
hk4e/reliquary/attributes/88413.json,f81cb76ac1ea073d33ba28c9848f3e9e
hk4e/reliquary/attributes/88414.json,6731cc09b02194f0f396c043b9bcad86
hk4e/reliquary/attributes/88420.json,f3f500197697ff006f6a7d8d18f77647
hk4e/reliquary/attributes/88421.json,ebf0d26fca2dbf6277f86b8547d0aec8
hk4e/reliquary/attributes/88422.json,40f1e68b931355b55fd1dc9d21335c64
hk4e/reliquary/attributes/88423.json,7b39e70b4d47c1736c9a30f5e4a1c5e8
hk4e/reliquary/attributes/88424.json,448c2bab1594c53d37d838b29ce4844d
hk4e/reliquary/attributes/88430.json,d2e2c927817d39f9c75cc124d01f0165
hk4e/reliquary/attributes/88431.json,2cbfae9effa9d24d380c3e1b0b9c0e50
hk4e/reliquary/attributes/88432.json,d94afc40cd1a2a07be4f9de5ab863dac
hk4e/reliquary/attributes/88433.json,6d3eaa422aea6103f768e6f96bbb0a5e
hk4e/reliquary/attributes/88434.json,aceb574bad2dc0b35b15c912fa0bd826
hk4e/reliquary/attributes/88440.json,0151bf6acf94220d078a46d610508d54
hk4e/reliquary/attributes/88441.json,7ada6ea3ddb90b35ade3f65eed2d8314
hk4e/reliquary/attributes/88442.json,52f2c45805b0e33abb7fb1f81a694a89
hk4e/reliquary/attributes/88443.json,dc3505a27d41bcbc45745e3529c4f790
hk4e/reliquary/attributes/88444.json,b541839c532874d527bb4b2e4f3e62cf
hk4e/reliquary/attributes/88450.json,e8ded6a1511eb2f511b495251cd1a50f
hk4e/reliquary/attributes/88451.json,0b82651844c4de9e3ba029b1c8cd2398
hk4e/reliquary/attributes/88452.json,b0dde9b92779bc6e2723f7fa6c16247f
hk4e/reliquary/attributes/88453.json,bd659c5dbc2bcfbbd70a811a1f721d67
hk4e/reliquary/attributes/88454.json,27be93fcf4534d310db548e4fcac44d3
hk4e/reliquary/attributes/88510.json,4d387e3b59bc99064500cf9bfe6d4d85
hk4e/reliquary/attributes/88511.json,0a958b7e1f929b733744f40894aa8409
hk4e/reliquary/attributes/88512.json,8381b80657c0b9bb82bfdab119a9b376
hk4e/reliquary/attributes/88513.json,f1a65d8a83becc0acc05276086198aac
hk4e/reliquary/attributes/88514.json,f4831bc2eb373f6efde9ef036a0ec741
hk4e/reliquary/attributes/88520.json,2b990dc238d9de9de2912f9d6f59cc16
hk4e/reliquary/attributes/88521.json,1d9f5f3a3c02792d8059470d8145feb8
hk4e/reliquary/attributes/88522.json,e4249922efafa0133c8aa8261271e9f5
hk4e/reliquary/attributes/88523.json,75e6ddd82ce86f9a6d2075e5ff90c8d0
hk4e/reliquary/attributes/88524.json,e0b22efc46cab6aab150e5afb770e6df
hk4e/reliquary/attributes/88530.json,0d821494b6f991ddaa2f827b37326aa9
hk4e/reliquary/attributes/88531.json,6892ea9eb06a8e98910c94d549ac0f26
hk4e/reliquary/attributes/88532.json,6673c1cae0bf6a7983a028fd0e8c62af
hk4e/reliquary/attributes/88533.json,d69052d7de1f0c0ece666c306bfc61da
hk4e/reliquary/attributes/88534.json,6b273b0a309c5780d3e2fd1dfa689482
hk4e/reliquary/attributes/88540.json,eb267877b531f0cfa5c00fdc211b82ca
hk4e/reliquary/attributes/88541.json,a5913a8275b30df7949cb6fcdbc240e4
hk4e/reliquary/attributes/88542.json,2ca70a52a0305a554f5daa09d1bc5864
hk4e/reliquary/attributes/88543.json,c73d446bbdda877b12d8c6bf443e5691
hk4e/reliquary/attributes/88544.json,b3f9163e0296f954b93f45f882d8c6a1
hk4e/reliquary/attributes/88550.json,5d1069f70e834130fcb4a040bc01a016
hk4e/reliquary/attributes/88551.json,1d00b8f6de53709bf29432f18a217510
hk4e/reliquary/attributes/88552.json,682dd6352c455318ec2742d1f96a6278
hk4e/reliquary/attributes/88553.json,0c7aff3e95e15994eb4f749b0865e67b
hk4e/reliquary/attributes/88554.json,5d171bd3c7d48453b4386830deb1fedf
hk4e/reliquary/attributes/89310.json,7077ccdf1df74f17e0fc3c5047d985e8
hk4e/reliquary/attributes/89311.json,c323f1f91ccde4211c49227e69ec9cb5
hk4e/reliquary/attributes/89312.json,ec46d2e8c45136f86dfefecea92766ed
hk4e/reliquary/attributes/89313.json,6ada4009309bd3721be4ca7d2982c322
hk4e/reliquary/attributes/89314.json,d442e596dbdeb50a95a676089cc3a751
hk4e/reliquary/attributes/89320.json,092cbd4a689c10fa229ba73aee532443
hk4e/reliquary/attributes/89321.json,f216b94157d79de8040a3e7504d1a1d8
hk4e/reliquary/attributes/89322.json,ea033c84b9e09ada683c9935238c8a34
hk4e/reliquary/attributes/89323.json,4baed332c6aa74e41bc57d929c0a6a0d
hk4e/reliquary/attributes/89324.json,ca4acefddd9681f4a4f674f9662774bf
hk4e/reliquary/attributes/89330.json,941bb2181e0e4e50c4b4856adc4e3946
hk4e/reliquary/attributes/89331.json,30f8a06a0757bac1a03d51e57dd1f3d5
hk4e/reliquary/attributes/89332.json,378af41ddb4444a16ddc337b2b6931a3
hk4e/reliquary/attributes/89333.json,7fee3a32dd663da143ba18ffe87df838
hk4e/reliquary/attributes/89334.json,4d41f6c94d9e0f69df8d6723cef0a643
hk4e/reliquary/attributes/89340.json,fd61b6e122a5f2e876e67fb28b63934d
hk4e/reliquary/attributes/89341.json,ae48c840257bdaec4d712023626ecb19
hk4e/reliquary/attributes/89342.json,cb7b055a790c5e95d4c744ec65707208
hk4e/reliquary/attributes/89343.json,ca154dcbd869d901e99f85ec9053e7af
hk4e/reliquary/attributes/89344.json,401d4e3a225de39e53098b01853120e2
hk4e/reliquary/attributes/89350.json,2489cbac6048e6288cace8d3892f4849
hk4e/reliquary/attributes/89351.json,95079e90800adddfd833cd7b9a49abed
hk4e/reliquary/attributes/89352.json,23d00e51ddae7d4e58656bfcb2e65731
hk4e/reliquary/attributes/89353.json,82a8414759aad596db60a9cfbdf111b5
hk4e/reliquary/attributes/89354.json,cae1d57eb387f0d19e7e4e3de22d34db
hk4e/reliquary/attributes/89410.json,a025f32d46fae403b01a40a572e466ff
hk4e/reliquary/attributes/89411.json,3f34dbd32c4cf57abcf90ccd8b34d32b
hk4e/reliquary/attributes/89412.json,f4573d9fa637013a630bb1a739d873fe
hk4e/reliquary/attributes/89413.json,a1b5f0ab74ea7c2cab609f01f0240f89
hk4e/reliquary/attributes/89414.json,5d387e14424034396cc61b0ebd36ae00
hk4e/reliquary/attributes/89420.json,b3952b01ab4d3ab24796d5d62cad5b20
hk4e/reliquary/attributes/89421.json,389edbec16e9441e65b92a5015f8f93f
hk4e/reliquary/attributes/89422.json,9dd7c4c08cacfb90b81cf2dbd41ab3d3
hk4e/reliquary/attributes/89423.json,520c645ad5942b54b0321bc72e6cea60
hk4e/reliquary/attributes/89424.json,528877b9333403277b8cdb875d2f0d79
hk4e/reliquary/attributes/89430.json,11080f54427e1751a8105a0129bfbdbd
hk4e/reliquary/attributes/89431.json,a1f4985afeb946a477b61dd9000fe62a
hk4e/reliquary/attributes/89432.json,0bc7d298dff602525d6d0162013665c3
hk4e/reliquary/attributes/89433.json,0ba43ceb849e5856acf7710e585965c5
hk4e/reliquary/attributes/89434.json,e2bc67a9bf300f22266a0fa32877c78a
hk4e/reliquary/attributes/89440.json,43895bebe1c48f14b10fd814b62ff435
hk4e/reliquary/attributes/89441.json,c065ce60700022625c572f41a4c582bf
hk4e/reliquary/attributes/89442.json,fa71d69fae499fe07c59fdaa6793e955
hk4e/reliquary/attributes/89443.json,96436565bc8d82f2650090c793151216
hk4e/reliquary/attributes/89444.json,25efff27683eb8c4b59ebc4794b74ffe
hk4e/reliquary/attributes/89450.json,3523c148f57de991d315d180fe1dcacd
hk4e/reliquary/attributes/89451.json,fca14996cb4816e37ae6a31eb1c12b7f
hk4e/reliquary/attributes/89452.json,fa07f02bccb2eeec5270ac2d154d4eb0
hk4e/reliquary/attributes/89453.json,a536df88975db72cfb7aa899bd7758c7
hk4e/reliquary/attributes/89454.json,5e58d04b35714aa9c27b88a595a2fb30
hk4e/reliquary/attributes/89510.json,3b736a3a04eded6c1f27afb1702fac90
hk4e/reliquary/attributes/89511.json,b51148b2ee191bf8bb11c2e33264d8eb
hk4e/reliquary/attributes/89512.json,65554de59c5f6ecd02b0fe6a85540afe
hk4e/reliquary/attributes/89513.json,bccef510a55a355a483edcffc68eb6ab
hk4e/reliquary/attributes/89514.json,c030803f9503e1f39570cf74971b762c
hk4e/reliquary/attributes/89520.json,fd994e4eab1abdcc69f7bf1e48c011fb
hk4e/reliquary/attributes/89521.json,bdf8a0b26e838cf32023358e048ca9f7
hk4e/reliquary/attributes/89522.json,f9ac3d657e8fea485fe1391a11632600
hk4e/reliquary/attributes/89523.json,bdc9780fa714dfb6ee19114833438bc8
hk4e/reliquary/attributes/89524.json,911406d3c5953a5f70c8a2ae27247dbc
hk4e/reliquary/attributes/89530.json,4fb8b4c6f1b4e0f9de380ef080d5efcb
hk4e/reliquary/attributes/89531.json,97741f71387bf36abf679bf2a0a4facf
hk4e/reliquary/attributes/89532.json,51c4218139e53db50ed3b471c6822cb8
hk4e/reliquary/attributes/89533.json,e0843435f5d8200bafd890c8b45cff32
hk4e/reliquary/attributes/89534.json,b5862652f96afcff3f97e4d8a582bec3
hk4e/reliquary/attributes/89540.json,bd3d132029ff92dba91ec7acba4da054
hk4e/reliquary/attributes/89541.json,384fe984371df5fe5944a687522ca654
hk4e/reliquary/attributes/89542.json,5f64fe35e0714f328ec76dc63dfd4ef4
hk4e/reliquary/attributes/89543.json,02b7c05ee2df82db1150d7ba12819fd8
hk4e/reliquary/attributes/89544.json,cd26bf05930c86296abe0bd75e29f206
hk4e/reliquary/attributes/89550.json,0b973ce8e406dd1dfd7880781c77026f
hk4e/reliquary/attributes/89551.json,599542a343c35914c987e2512acbd337
hk4e/reliquary/attributes/89552.json,2dee50d8d3da8c25aa4cf6494ce4d5d5
hk4e/reliquary/attributes/89553.json,0afab9c1d13e2087ca9675a78c44c310
hk4e/reliquary/attributes/89554.json,d2a63208c8e972507a11806c35946ec4
hk4e/reliquary/attributes/90310.json,d72dc429c7cd89cfb90d0f94bd267480
hk4e/reliquary/attributes/90311.json,d11d8f1f24cb28df7df5ed3fe73a3cad
hk4e/reliquary/attributes/90312.json,da2371333cd367a00ed6f4e6df7a41bc
hk4e/reliquary/attributes/90313.json,de9bb2fcbab78c26cb8391df1604dcff
hk4e/reliquary/attributes/90314.json,bfaf6241b67c5bec668125ceacf384ef
hk4e/reliquary/attributes/90320.json,354a3851011cc98c42b5a0332797ae3d
hk4e/reliquary/attributes/90321.json,6d6816ab4699583774d27262d8a978db
hk4e/reliquary/attributes/90322.json,6a01b3228f3148de0932e7fbefcd538c
hk4e/reliquary/attributes/90323.json,801f16aa6760c371a07273f3e0fb3bef
hk4e/reliquary/attributes/90324.json,129bab5bad624eacf33d1ef8b6c2354d
hk4e/reliquary/attributes/90330.json,70dcb28138006e3534649ccb3a0ff362
hk4e/reliquary/attributes/90331.json,ea8391064f2b702a9e62ae14938fb714
hk4e/reliquary/attributes/90332.json,0053ded0eeb441a93e914dd801cae223
hk4e/reliquary/attributes/90333.json,acc38d333bafe1896c7dc2c2a982d093
hk4e/reliquary/attributes/90334.json,9fd557ebd5e726e5b8e2783407760700
hk4e/reliquary/attributes/90340.json,cd2e79a5145194ca9b174bb523fe999b
hk4e/reliquary/attributes/90341.json,25e09ff56c97fbf9e402c048900f78cf
hk4e/reliquary/attributes/90342.json,750c8b3b17939db8eb854cb1ad944b47
hk4e/reliquary/attributes/90343.json,342500b6594584e7f6ec7de3645720e9
hk4e/reliquary/attributes/90344.json,7cc7252031dc6b737a0a003898d8ff29
hk4e/reliquary/attributes/90350.json,0f2c085927a330fbd419131d78c603b6
hk4e/reliquary/attributes/90351.json,02ea49c88f245e0dee5843ce923b2db7
hk4e/reliquary/attributes/90352.json,40591f2501b35da1edac619ebe23eb2d
hk4e/reliquary/attributes/90353.json,5b5f3fb57570478522a3c1d932363caa
hk4e/reliquary/attributes/90354.json,6977fecb46077d879a26b807e88526d1
hk4e/reliquary/attributes/90410.json,07a320ed3dba730ceda151fc4e70109f
hk4e/reliquary/attributes/90411.json,523a10aeaa535cb67a3729b4e0cfc4da
hk4e/reliquary/attributes/90412.json,da854135daf4df44f6cdcf3f031315b0
hk4e/reliquary/attributes/90413.json,a933ae867ed5ba2873516479daa11ede
hk4e/reliquary/attributes/90414.json,34480ba772552584862af0e82fbdda6d
hk4e/reliquary/attributes/90420.json,44c8d7c791809665323f0da5ec262027
hk4e/reliquary/attributes/90421.json,9b1dce7a2baab2073e6308f39c1976bd
hk4e/reliquary/attributes/90422.json,cd94d999c92d927b298df4f9251d4466
hk4e/reliquary/attributes/90423.json,dcdd6194f44a59dd07e518206bdc8898
hk4e/reliquary/attributes/90424.json,792e3086ac40761f6f6e16d3c98fece2
hk4e/reliquary/attributes/90430.json,79d267a10f408f32595a4b841a9b99fc
hk4e/reliquary/attributes/90431.json,3026f0f37eb0fbfc3e073e6fb2626210
hk4e/reliquary/attributes/90432.json,5b78b61984f09dc52a47fdaf8236e803
hk4e/reliquary/attributes/90433.json,92a4ce3897d1130886c66e98dd2e9374
hk4e/reliquary/attributes/90434.json,a92604710f7f2d8dcbb771d4f093bcfe
hk4e/reliquary/attributes/90440.json,a396f47a047d9532efe0967e4d0f1323
hk4e/reliquary/attributes/90441.json,36dfea5bf29f727da70b5d24c24431cb
hk4e/reliquary/attributes/90442.json,33ab3d80d67c50ba6f84e52e165a2ddf
hk4e/reliquary/attributes/90443.json,1ce7e0fd5d0b8c8c7e8b0864cb12b8fa
hk4e/reliquary/attributes/90444.json,afa2f7744575663417f64494dbcebbde
hk4e/reliquary/attributes/90450.json,312a6b3219203060eb24abbb8d36cf95
hk4e/reliquary/attributes/90451.json,5ac5349e08f990ac8c6def1e2d655643
hk4e/reliquary/attributes/90452.json,1d82af97a0521b5d929883f2e28f4698
hk4e/reliquary/attributes/90453.json,f70ab3d99fcc6f8c7460d885ba9bdd50
hk4e/reliquary/attributes/90454.json,c3f882efb56fccd4b717d8fa52573010
hk4e/reliquary/attributes/90510.json,a8f2086eedd5c031c3eff59d1acc6a62
hk4e/reliquary/attributes/90511.json,33894ff36ca42113ef72489ecb840c6f
hk4e/reliquary/attributes/90512.json,0642c8831b5ca1af5b15180ed214f8ba
hk4e/reliquary/attributes/90513.json,60a1c3178640032b2b6ed22f82f04409
hk4e/reliquary/attributes/90514.json,8d86d3a66b51b4df76ecd41597ee487d
hk4e/reliquary/attributes/90520.json,caf09262c98222a9245556bc82f99904
hk4e/reliquary/attributes/90521.json,359dcf5ebd0b83774177bacd09bdbc93
hk4e/reliquary/attributes/90522.json,baaa6de81e0a5ea674f1f1a47ae90a48
hk4e/reliquary/attributes/90523.json,4e7d04bb9d971ee92b1875d9c0699883
hk4e/reliquary/attributes/90524.json,449244fa51fca5b118896c6701b69904
hk4e/reliquary/attributes/90530.json,5cfddd233bac253dad68d161e55e6348
hk4e/reliquary/attributes/90531.json,e634de57f33f05fc32af3b36f05160b7
hk4e/reliquary/attributes/90532.json,a773d51bfc0c75655610b32dda44f41b
hk4e/reliquary/attributes/90533.json,d29a499559258807b0768aceb3e264c5
hk4e/reliquary/attributes/90534.json,04152dccbf5bdd1e5597a4654945fe1b
hk4e/reliquary/attributes/90540.json,c5210e8a60b383dbfb5de3b62a52d7e0
hk4e/reliquary/attributes/90541.json,278d2a3e97aee7e586e0f9e99cf00a79
hk4e/reliquary/attributes/90542.json,96fcd2f25860b5681a34ce72b953cffe
hk4e/reliquary/attributes/90543.json,07be63bd50de3922a4015a57f936dc37
hk4e/reliquary/attributes/90544.json,5f2c41ccbf6c0a104121bd460c92787d
hk4e/reliquary/attributes/90550.json,5d3ab2eea4f08360baaa337f1a4c49c8
hk4e/reliquary/attributes/90551.json,2ae1fe5ed724276727aaf70e33b13048
hk4e/reliquary/attributes/90552.json,927f2fef8913d4f2eed24b2b22cee62b
hk4e/reliquary/attributes/90553.json,ab8035f42926b211cf9dd0544c104362
hk4e/reliquary/attributes/90554.json,247fdb789a0a337a15adba065a192ddc
hk4e/reliquary/attributes/91310.json,9e4b95705e6956c86de84d6e8f7d435f
hk4e/reliquary/attributes/91311.json,f5a433a325d2ab711f9af3da0d9e4d80
hk4e/reliquary/attributes/91312.json,b2464b3e199efd3c127e8b56b1e99fec
hk4e/reliquary/attributes/91313.json,4eccb8b276532c67833902690d7d2127
hk4e/reliquary/attributes/91314.json,0690724f034a1a6695ad47c0a84069ba
hk4e/reliquary/attributes/91320.json,774b9e82e126b431c6af21fd2a2fc1ee
hk4e/reliquary/attributes/91321.json,7080604db1d2d332a639aee5f8bcb8a5
hk4e/reliquary/attributes/91322.json,0fa572d7e1ce3884e4df726d027da3bf
hk4e/reliquary/attributes/91323.json,12fa29abac8837e10153cd709ae52c2c
hk4e/reliquary/attributes/91324.json,0bcab5438a830bcba28dba87952fa9c8
hk4e/reliquary/attributes/91330.json,3f40b4667c6b7b877fc89c051b2f1051
hk4e/reliquary/attributes/91331.json,8b8eb222ea202cc61335728cd108a2c0
hk4e/reliquary/attributes/91332.json,cbe9198e5d8351d0673d761aa2dc1eb0
hk4e/reliquary/attributes/91333.json,d55fb4fce8581280afb4706d7fe226dd
hk4e/reliquary/attributes/91334.json,120e824d69a73e0d1819196b309b189f
hk4e/reliquary/attributes/91340.json,f672c99061ce5bb1c45a53d6ce40df5c
hk4e/reliquary/attributes/91341.json,1ace7573c26d45b5c6981a4f9f328302
hk4e/reliquary/attributes/91342.json,748caa40ba77275cae83bdab83032693
hk4e/reliquary/attributes/91343.json,566703ea0aba238d81566072ce494093
hk4e/reliquary/attributes/91344.json,b0719c7e76d52db56ba3e2317e776b81
hk4e/reliquary/attributes/91350.json,592c6b0e4200c61e86ac078a5ec2f80e
hk4e/reliquary/attributes/91351.json,d66643051a35757a1bb82435c7ac4ba9
hk4e/reliquary/attributes/91352.json,c66f3aec67553b67cfda3a38e309f2d3
hk4e/reliquary/attributes/91353.json,63248e7247986c5defb3ea0fb92c3d43
hk4e/reliquary/attributes/91354.json,56428b9abd1554a69b9f55164831313b
hk4e/reliquary/attributes/91410.json,df34f711d242c367598ed1d00e9bc828
hk4e/reliquary/attributes/91411.json,da60a00b031558c7ff7da322167e2098
hk4e/reliquary/attributes/91412.json,5662e1d2bf0dedf2acfd427482c1e548
hk4e/reliquary/attributes/91413.json,bf6d780c9565935257b513483a5b9263
hk4e/reliquary/attributes/91414.json,e799c718bd80330f8e1d3445c0e39af6
hk4e/reliquary/attributes/91420.json,295f060a12735e2def188d71c0740b2a
hk4e/reliquary/attributes/91421.json,5fe1323a3a337410f2b2d42f35749914
hk4e/reliquary/attributes/91422.json,bd7d5771ee821565076c2101cd677fcc
hk4e/reliquary/attributes/91423.json,9d5791407d27b3ccc5473c6c8a1fa460
hk4e/reliquary/attributes/91424.json,e7b7b5bb35864cbdf38e895309c4ef7c
hk4e/reliquary/attributes/91430.json,e9036edc1717933fb13311703999be08
hk4e/reliquary/attributes/91431.json,55bafdd6e412f7a676edbffbd34bfe83
hk4e/reliquary/attributes/91432.json,51130ba5f7f2d59b08d4e07b7a2278c5
hk4e/reliquary/attributes/91433.json,45bd1f5872ecd81644dab64f48b614a8
hk4e/reliquary/attributes/91434.json,455a5b1ad56c444a213eef73cd93746a
hk4e/reliquary/attributes/91440.json,1cda6db5baf583ed98ccb1aef7b8b72a
hk4e/reliquary/attributes/91441.json,5f20f516e26b01e08240a1f6eff6ef23
hk4e/reliquary/attributes/91442.json,9d59ba222e7f71947af568b5358e3e38
hk4e/reliquary/attributes/91443.json,7546016a964aeb2c5672e646b23743fc
hk4e/reliquary/attributes/91444.json,4a819f7aade6ac355af128a9f67c31dd
hk4e/reliquary/attributes/91450.json,dd53caad979e3cd326b5b7d89ec06088
hk4e/reliquary/attributes/91451.json,eca4db5d6615277976c7220f31aa5805
hk4e/reliquary/attributes/91452.json,4171927fbd249b1969341cd781f24007
hk4e/reliquary/attributes/91453.json,323bf05e8fde2ce7251ddae2a1ac1ce3
hk4e/reliquary/attributes/91454.json,907d908e6d6145dee91839b09df6be85
hk4e/reliquary/attributes/91510.json,b90b8bc92d559955c9d7c8139baf0d15
hk4e/reliquary/attributes/91511.json,133f7dab5f39e253e9990644a213851d
hk4e/reliquary/attributes/91512.json,2e6ac954ba8569306c51d59e5a19dffc
hk4e/reliquary/attributes/91513.json,8da45dc52f20d3d693b6cac0bbef3386
hk4e/reliquary/attributes/91514.json,1103240e713b562265428d0788f551df
hk4e/reliquary/attributes/91520.json,a08bae8e9fc1457ebccd48393281a8aa
hk4e/reliquary/attributes/91521.json,ce25481f1546c1f92ba892fd7caa2156
hk4e/reliquary/attributes/91522.json,f976d02f21b6d0ab702bfd1d8a324b39
hk4e/reliquary/attributes/91523.json,8599e68a8a4a94b98612abc0eb311594
hk4e/reliquary/attributes/91524.json,c495ab659bea6963da145b37c686c6e4
hk4e/reliquary/attributes/91530.json,106d4b22c57d02ac3a4bd0a6223d8393
hk4e/reliquary/attributes/91531.json,b8bcddb8ee2684352d88c9cd9a1d3e72
hk4e/reliquary/attributes/91532.json,be31367d510f19feae9d7f7b672bb215
hk4e/reliquary/attributes/91533.json,e5d92f9bbbabc92ab89690b87fbf5b73
hk4e/reliquary/attributes/91534.json,4fb8178aa23ad6d20ca2ccf81467eb8f
hk4e/reliquary/attributes/91540.json,0e022d046ea694648db2abc3717f2d4f
hk4e/reliquary/attributes/91541.json,69bb83945bb6f7f43214184a3727a734
hk4e/reliquary/attributes/91542.json,f76c45a74f7fb946ed0f425359329935
hk4e/reliquary/attributes/91543.json,9e0b5c7b61fcd70d01e30f4156901683
hk4e/reliquary/attributes/91544.json,6233f253dcb67cc655910bf697203ec7
hk4e/reliquary/attributes/91550.json,531dface235cf4d6f68f43510ee90c92
hk4e/reliquary/attributes/91551.json,73cd616ba7823672180f0f89a658b0af
hk4e/reliquary/attributes/91552.json,274775e88fc085387d2f56f80c1b4bf3
hk4e/reliquary/attributes/91553.json,8a5c0b17a14216cc80f7bdaa7d7079e0
hk4e/reliquary/attributes/91554.json,31e8212d0981de31da000bcdc7da2332
hk4e/reliquary/attributes/92310.json,7ef7e11a1b8f0d994dfbdc275654e244
hk4e/reliquary/attributes/92311.json,2c1676721148a762b7e748c653904e3f
hk4e/reliquary/attributes/92312.json,375a2d9114d66848fd22f9889ae38336
hk4e/reliquary/attributes/92313.json,be74e4c8a43fb70dd9e7793039927c19
hk4e/reliquary/attributes/92314.json,0b26d4dddd85d05c874bc0bbd99375f7
hk4e/reliquary/attributes/92320.json,c60502ef9521468481c9444ca7d6c773
hk4e/reliquary/attributes/92321.json,46cc9cbb220bc23a6db38e285dfe1bc5
hk4e/reliquary/attributes/92322.json,ec9ce186a8b6d272ab31a1a3d2746364
hk4e/reliquary/attributes/92323.json,26546258969c164fb283a0d0d5510a11
hk4e/reliquary/attributes/92324.json,e7d480fc5a76210daa1f1c932c2f7319
hk4e/reliquary/attributes/92330.json,885e906fb45d7d4cec8094fcc687bea3
hk4e/reliquary/attributes/92331.json,280b128a3faf8560ee03940d30fe2970
hk4e/reliquary/attributes/92332.json,3b666bfca08169e2ff44bfa454df935e
hk4e/reliquary/attributes/92333.json,407ed60bfb338e3f23655e4bacae103e
hk4e/reliquary/attributes/92334.json,9a8d5688d8cd70764cd4eb510267e59a
hk4e/reliquary/attributes/92340.json,025cf873e5f6586b498ed8023462366f
hk4e/reliquary/attributes/92341.json,527021ee15f9ef00bd953050a657ef1b
hk4e/reliquary/attributes/92342.json,b559dab014427a74b00b411c4d3f3509
hk4e/reliquary/attributes/92343.json,b273aff4ba67da54943d418b14e627dd
hk4e/reliquary/attributes/92344.json,2008011dd535d85559e0bc15792d2d8c
hk4e/reliquary/attributes/92350.json,7fce0d2d52a2c97f5ada2c283cc4d5a6
hk4e/reliquary/attributes/92351.json,cc2743f8995a230ad5809ffc7132cd7c
hk4e/reliquary/attributes/92352.json,29331aa55c53877c3a4815ca4e28cc46
hk4e/reliquary/attributes/92353.json,24179eba2a3cc21e2e1b01b25ec62ede
hk4e/reliquary/attributes/92354.json,9b3e7ea80ce6d25e7785dc1482f90328
hk4e/reliquary/attributes/92410.json,d77221a73bccb7fb626123d74a8cda4f
hk4e/reliquary/attributes/92411.json,56c0ac9af19eb6b910d609fea5b416dd
hk4e/reliquary/attributes/92412.json,3458548f38338e77a4ef962b26a12ddb
hk4e/reliquary/attributes/92413.json,b7182a8187c36bee0326e7409626e4bd
hk4e/reliquary/attributes/92414.json,fafa309d74807e943eedecb7f91160b1
hk4e/reliquary/attributes/92420.json,cc4c22fb1d8955e662d59771e7d06f32
hk4e/reliquary/attributes/92421.json,5a900179c9cecbbd0a278c1fec33761b
hk4e/reliquary/attributes/92422.json,8061ffbb9d9706f99fa04f7e660a81a7
hk4e/reliquary/attributes/92423.json,af323dc2809d4df4259bb8ebe25e51b1
hk4e/reliquary/attributes/92424.json,95560ffa6ea3284d8bef593702a27218
hk4e/reliquary/attributes/92430.json,16d9d8d8b0fa316023de22f728a79b9c
hk4e/reliquary/attributes/92431.json,12464256bf0287e1042d5db6e4381d4f
hk4e/reliquary/attributes/92432.json,2c905b8d7fa7ca410e8b8fba176ad224
hk4e/reliquary/attributes/92433.json,7f26e602e7ea2d96594d2984b7dd92f8
hk4e/reliquary/attributes/92434.json,6a15413b1c0ebcc15223c10aa6f4583d
hk4e/reliquary/attributes/92440.json,d7ab7a88b7d6a50b83c5bc459e35e92f
hk4e/reliquary/attributes/92441.json,3efdc8c3e0f5e94be46910a27612c406
hk4e/reliquary/attributes/92442.json,32eba7efc38db5f303fcf0cdf0c404ec
hk4e/reliquary/attributes/92443.json,6bf77fee320e0cc279f0846ea06dd387
hk4e/reliquary/attributes/92444.json,f9e488be529dd8cfd40149121f35a530
hk4e/reliquary/attributes/92450.json,1f79b71a022eb416781bf48095055dbb
hk4e/reliquary/attributes/92451.json,bfe052679b0e02a06d1a5dde50754c2f
hk4e/reliquary/attributes/92452.json,b72b3f22fbd91b85bc5135262e779282
hk4e/reliquary/attributes/92453.json,2eb4134c457e6d455e31264063a01fa9
hk4e/reliquary/attributes/92454.json,572c2759f586459f8eb2bb08ad2bef2f
hk4e/reliquary/attributes/92510.json,2fdb7e2289db792525aff440b1520ef9
hk4e/reliquary/attributes/92511.json,9f41bd01d20943f6a14d55b7bc68abac
hk4e/reliquary/attributes/92512.json,8b40d6c622e6c00ed32aa04178310e13
hk4e/reliquary/attributes/92513.json,28e37d414051cfbfcaea809357c8496f
hk4e/reliquary/attributes/92514.json,1669c228716a47587f69e6bc94e2a5c0
hk4e/reliquary/attributes/92520.json,f2388b127afbf26f147dfb49d8f9f947
hk4e/reliquary/attributes/92521.json,e2e9cc1467e19f27bae1c602994291d9
hk4e/reliquary/attributes/92522.json,31d74baa769945662b8c16589ed1db31
hk4e/reliquary/attributes/92523.json,f7235f936b9072957b6130bc995c8005
hk4e/reliquary/attributes/92524.json,be0d763b116e311f6ae87ecee5b7cef9
hk4e/reliquary/attributes/92530.json,3bb9bd8a698f2fd8694cca301a3252ba
hk4e/reliquary/attributes/92531.json,edb6caed96682041d8a408306a463087
hk4e/reliquary/attributes/92532.json,de2d21f8302f8ab15702306f9f93cbcc
hk4e/reliquary/attributes/92533.json,93f0149a8743ec26740052c47aac6929
hk4e/reliquary/attributes/92534.json,73ac0448fb678fcd7ca8ebf33eb0547c
hk4e/reliquary/attributes/92540.json,2f542da064abb69f65f98e2c31c949d7
hk4e/reliquary/attributes/92541.json,629a9b65796d7de12792008e75b6620f
hk4e/reliquary/attributes/92542.json,1172ef941a5320cf5ac2b78abc98e262
hk4e/reliquary/attributes/92543.json,2a9d755160239934c985ebf06a31c433
hk4e/reliquary/attributes/92544.json,58f0dad6c15c329fd8afd40704909974
hk4e/reliquary/attributes/92550.json,adb7b7fe9e0e5112fb40e0c9785333aa
hk4e/reliquary/attributes/92551.json,59875ac7312869880b77464ac783d9fd
hk4e/reliquary/attributes/92552.json,7f2e0dc5f546c648b77513fc77defd0f
hk4e/reliquary/attributes/92553.json,8fb0c8b29b71127c95a0d3f69ae92129
hk4e/reliquary/attributes/92554.json,cb60161bd3dc43a54d38bcf8ace7134e
hk4e/reliquary/attributes/93412.json,5f57429712e41eec867a7d50fec1e56c
hk4e/reliquary/attributes/93413.json,35331693f6202a8161fcb28fe68b08a5
hk4e/reliquary/attributes/93422.json,23fbb903a23be77332a736c86430aaae
hk4e/reliquary/attributes/93423.json,a489a85d6c5de370a78e825c2edc14d9
hk4e/reliquary/attributes/93432.json,3b7952fa2ca4c043c5c3e1311559c52a
hk4e/reliquary/attributes/93433.json,cd86a1e8a8e07698b6a674a5fd6e52cb
hk4e/reliquary/attributes/93442.json,1c2a0d64b47a30f088333f79938b824c
hk4e/reliquary/attributes/93443.json,fed032f1d0b7e26f038a02feb4a52f8d
hk4e/reliquary/attributes/93452.json,6769a1afb4d58865abb66c3334b85763
hk4e/reliquary/attributes/93453.json,504438d791f2e4a9837648b381febc14
hk4e/reliquary/attributes/93513.json,f88d7bc2c924180f5e48f0246864cd6a
hk4e/reliquary/attributes/93514.json,6f2f5d6ae02297e605d699be2df1e449
hk4e/reliquary/attributes/93523.json,99f3929ba37373908044e7f67c1de8ba
hk4e/reliquary/attributes/93524.json,6d203df431a0302c632daef30b3cf9bc
hk4e/reliquary/attributes/93533.json,457689b87e8798703146190bc4153e91
hk4e/reliquary/attributes/93534.json,2be959fdb8bb8c4340c45f8adcb79900
hk4e/reliquary/attributes/93543.json,7ff4abd6447ceb702998527bb44093ea
hk4e/reliquary/attributes/93544.json,f32cfeb9a4ca3fedc08fb7f77c0a7b7e
hk4e/reliquary/attributes/93553.json,19fed38688a3172c0ce4f6f42f1d8216
hk4e/reliquary/attributes/93554.json,0b15157a8a026a285f9272f694c5a50f
hk4e/reliquary/attributes/94412.json,a45d5155e6e2cb1046af7f3169b3a729
hk4e/reliquary/attributes/94413.json,bcbea1cf8355e078fed518c9fbed8e64
hk4e/reliquary/attributes/94422.json,8643833209ebffd49964a3e3a94046b4
hk4e/reliquary/attributes/94423.json,54569dc1ebf87962f1559079210ac544
hk4e/reliquary/attributes/94432.json,63689c563b0ef466d977cb301be76288
hk4e/reliquary/attributes/94433.json,f5c6c50e5000e41e028a48a4dc482fb1
hk4e/reliquary/attributes/94442.json,91ba931af90a900b575003bb59c32374
hk4e/reliquary/attributes/94443.json,57c30cd1e656766028dd1875948809e2
hk4e/reliquary/attributes/94452.json,185326dc3438dd58d01100d7e96a9174
hk4e/reliquary/attributes/94453.json,323c9fc93e78262cfe71e5ebd0bb1ab8
hk4e/reliquary/attributes/94513.json,4e456e2ca08085b6fd1bd84a0473053d
hk4e/reliquary/attributes/94514.json,c2c572d2aa2a27d4f6d14e9664e3faf7
hk4e/reliquary/attributes/94523.json,49576caf21d8236357a6f2e94f5a4394
hk4e/reliquary/attributes/94524.json,0643da2aff4857479f3deb610648b4b7
hk4e/reliquary/attributes/94533.json,43390d0f1d10591901e932fe34019682
hk4e/reliquary/attributes/94534.json,687a16a3ced2e92786bc29f77c751a45
hk4e/reliquary/attributes/94543.json,8692557fe5142ed571aa50e1c944c00e
hk4e/reliquary/attributes/94544.json,19b29b67d779d62c69f6505e0e48bbad
hk4e/reliquary/attributes/94553.json,af889f570a594c40c502da51fbfd6e99
hk4e/reliquary/attributes/94554.json,fdb8d41b5c510a21572c4cd38b872c29
hk4e/reliquary/attributes/95412.json,304806e0b5565ec7872eb5a1efb5c00f
hk4e/reliquary/attributes/95413.json,79e1c43400955bd23fc9a5e607cda0c8
hk4e/reliquary/attributes/95422.json,886f36edbfd592ab32fde7151bb7fc9b
hk4e/reliquary/attributes/95423.json,19e86cb0bc004736d9b89237dcbabb2b
hk4e/reliquary/attributes/95432.json,b07cc002f3c4233c406ff082cee84697
hk4e/reliquary/attributes/95433.json,12cf55bf31db4ba3b0e1ae75febf7643
hk4e/reliquary/attributes/95442.json,687d982457fec17b383251acf14dcd8d
hk4e/reliquary/attributes/95443.json,6ccd93a3aaba72424bb0453c1e93b60b
hk4e/reliquary/attributes/95452.json,e342d7f712582cceaa60ef39c665cb0c
hk4e/reliquary/attributes/95453.json,58269cb74060212e0b489f496ab85258
hk4e/reliquary/attributes/95513.json,1211834a99c07d85ce78a3eb379f128b
hk4e/reliquary/attributes/95514.json,7b89ac145407bed63f5bd2b7341e4f36
hk4e/reliquary/attributes/95523.json,a2a9bd8eb79a9853c1c4b13bed4b77b1
hk4e/reliquary/attributes/95524.json,c8372ff6d9f2a33a39190096ea0c8e3a
hk4e/reliquary/attributes/95533.json,42faced05450b12989a113c35f77d541
hk4e/reliquary/attributes/95534.json,b6ee4bcff3784be5220993a2073d6c4d
hk4e/reliquary/attributes/95543.json,cd8603a16d8ac0b5f8e3f63c30a32f54
hk4e/reliquary/attributes/95544.json,71b613f1de9fc538108c198469b224a9
hk4e/reliquary/attributes/95553.json,b940aa5fd285523c1a20f5928562a550
hk4e/reliquary/attributes/95554.json,92a479690c6f1093c824cacaf05c6fd8
hk4e/reliquary/attributes/96412.json,088fe8fd475c41eda8891d954fa029cf
hk4e/reliquary/attributes/96413.json,7a00a64ea3febe40024d5a9be51caf60
hk4e/reliquary/attributes/96422.json,2a7176cd83bcb2c14b755fecbf1b63bd
hk4e/reliquary/attributes/96423.json,18ca134f7d44c8b32f1cc6c0570ce6af
hk4e/reliquary/attributes/96432.json,a7943b0ffe9c4a390094414355238b2c
hk4e/reliquary/attributes/96433.json,cbe6feee58669d9aa95fcb9e08d0c55a
hk4e/reliquary/attributes/96442.json,662bfd3779ff003edbe84b2e83b55df5
hk4e/reliquary/attributes/96443.json,86e4896534c01ff6b61cc7e3c1a6dd7a
hk4e/reliquary/attributes/96452.json,9cf2221bb6b50de369c7d3de5c935bc1
hk4e/reliquary/attributes/96453.json,b8207f01068ab14aee32097f1d861e8a
hk4e/reliquary/attributes/96513.json,adbc1b4ceb4d811531b3baa46cb28058
hk4e/reliquary/attributes/96514.json,f2645d9e407224ee0af27740bba9a5eb
hk4e/reliquary/attributes/96523.json,84152826e2f43a5f85a2dcd282dc18ee
hk4e/reliquary/attributes/96524.json,0a22910ebb59fb565b884c541ec8152e
hk4e/reliquary/attributes/96533.json,7ec4e0f75ad875cfc18ccc7211f89e9f
hk4e/reliquary/attributes/96534.json,15242cb46a060aede1dede457e1891e5
hk4e/reliquary/attributes/96543.json,e4971a85f9489eeb3fee82e61357601a
hk4e/reliquary/attributes/96544.json,694f6fb1a0e06a80aa845c9911998baf
hk4e/reliquary/attributes/96553.json,d3593815b936cc941589f2f4abdb1813
hk4e/reliquary/attributes/96554.json,f00517c193349ddc6574c7ad47fc9c20
hk4e/reliquary/attributes/97412.json,ced57f09d9c9a689c20f76ab28833079
hk4e/reliquary/attributes/97413.json,95c490d12c825781146db83d92dbdc81
hk4e/reliquary/attributes/97422.json,5375863dc32b9f81ecd0afd8e311b1fc
hk4e/reliquary/attributes/97423.json,e0728a9c5f956830c58bd6fd389256e6
hk4e/reliquary/attributes/97432.json,a1cc017c3fe168b1b7b179189b108082
hk4e/reliquary/attributes/97433.json,c579b6aaa3162914b8d2737394cdf669
hk4e/reliquary/attributes/97442.json,2e9aeb00e60285f357bab234cfc09014
hk4e/reliquary/attributes/97443.json,34071862ad7d77e84b4f21d309ee36aa
hk4e/reliquary/attributes/97452.json,c9a5d6002b6beb0b204c87efb11f91ed
hk4e/reliquary/attributes/97453.json,f4846772ab0cdf3586e46b517a920b5e
hk4e/reliquary/attributes/97513.json,eabc548f178fd05567cd0ac767263c4c
hk4e/reliquary/attributes/97514.json,5a44e9cb3d245aee2b44d1cf6c822280
hk4e/reliquary/attributes/97523.json,67d037968993f7727df454afda6dedb8
hk4e/reliquary/attributes/97524.json,29a16ffebed3639018aa431878b47a66
hk4e/reliquary/attributes/97533.json,b81788bb2b564a38d9fc77e82779b1c0
hk4e/reliquary/attributes/97534.json,70b961b427b51bcf7abeffb1cdd0f820
hk4e/reliquary/attributes/97543.json,bcfe0fa0ebafa16822d71c8531c22ac8
hk4e/reliquary/attributes/97544.json,8a74f28626704c852880edd97fcce3e4
hk4e/reliquary/attributes/97553.json,a0a3c6b628e5a0418a18bd88f7272654
hk4e/reliquary/attributes/97554.json,28d7d3d5d3ad6b213af8cd7ab29d984c
hk4e/reliquary/attributes/98412.json,3b8007b2ae27acdd21090e40b3746a52
hk4e/reliquary/attributes/98413.json,c316261540cd59240b2bc83bbb06edf1
hk4e/reliquary/attributes/98422.json,c825e899fbcab668c96c2bae2a8a8717
hk4e/reliquary/attributes/98423.json,a9709f65acf2fcbae306eba1ce89776e
hk4e/reliquary/attributes/98432.json,b9978f7f02cc8b710a1e90ea53c3517b
hk4e/reliquary/attributes/98433.json,f6c406b577d794b62862527fbdd56b8c
hk4e/reliquary/attributes/98442.json,224051395fe6af44ecbac82a2bb338b1
hk4e/reliquary/attributes/98443.json,577efc6276620db6bda272b322021e42
hk4e/reliquary/attributes/98452.json,8d8cebed54faa4c44cf9de07bbd630b0
hk4e/reliquary/attributes/98453.json,0f26340e8dd870b6efa4ac7b71bfdf14
hk4e/reliquary/attributes/98513.json,ed6309db09a7e2a4bc61f788cfbaa429
hk4e/reliquary/attributes/98514.json,3c1848416e7b51b454528f0a9fa9b374
hk4e/reliquary/attributes/98523.json,680dc17d7f9e12b21edc5fa12c5c412d
hk4e/reliquary/attributes/98524.json,4714175e67899989d75385d5290d26b4
hk4e/reliquary/attributes/98533.json,8ebbff524e4af54cdb683924d88036bd
hk4e/reliquary/attributes/98534.json,f9661b206088f83db98d26fc34deb286
hk4e/reliquary/attributes/98543.json,0c6815d9233a9d868a45b9e12b554cf3
hk4e/reliquary/attributes/98544.json,ef74c0b8988e1fbd7bbcf32838501734
hk4e/reliquary/attributes/98553.json,8e0868efe65b1f49244411cf6a5578c9
hk4e/reliquary/attributes/98554.json,d50db63b49338e57880a6707b3f31508
hk4e/reliquary/attributes/99310.json,25337a6577fcad4bdfc95055573bb3e3
hk4e/reliquary/attributes/99311.json,f0f1571ea83998e5bed31abe3257bae1
hk4e/reliquary/attributes/99312.json,bda76d14f4eba665bc8ade4b6da2da40
hk4e/reliquary/attributes/99313.json,dff28f2d33d04e332e43de5ba6ee9d11
hk4e/reliquary/attributes/99314.json,471fa33ffbacea0b12406ccaeb3a9cef
hk4e/reliquary/attributes/99320.json,85a34820870b0c51bd6347a22c06ca10
hk4e/reliquary/attributes/99321.json,526c19e1f9f9b94ef825760649a6521b
hk4e/reliquary/attributes/99322.json,5de30c0a647a5d042d31387062d10edd
hk4e/reliquary/attributes/99323.json,0a51a35b9581eb0f30f16b4cc58ccbc9
hk4e/reliquary/attributes/99324.json,630319ddedb4e4df318ccc79cfdb527d
hk4e/reliquary/attributes/99330.json,03b878777814e6cdbd63c369bff15e65
hk4e/reliquary/attributes/99331.json,6cebec5f0120d396bc33ea61c0907ac1
hk4e/reliquary/attributes/99332.json,5376618fa7d0e1a219dfae3b67d1a140
hk4e/reliquary/attributes/99333.json,a8b2a155747a9ca12a969a1f3b5454d2
hk4e/reliquary/attributes/99334.json,e5590134fb3c2ad2e8ce3d02c404c7b7
hk4e/reliquary/attributes/99340.json,b712a192bca4b8d0256e708ddc5e2fdf
hk4e/reliquary/attributes/99341.json,bd5b363d46454b1ecdc76aaf6084e7eb
hk4e/reliquary/attributes/99342.json,c79f1ef81a21f96cf814ba29a929b391
hk4e/reliquary/attributes/99343.json,bf4e3165d3b8a97411dd215182bc45ac
hk4e/reliquary/attributes/99344.json,85073f890b95fb81d18c88b3840b9b0a
hk4e/reliquary/attributes/99350.json,7a4f7d811b6af2b36c645f42a826c310
hk4e/reliquary/attributes/99351.json,4e52c5633fa32ed713e7eee499266d2e
hk4e/reliquary/attributes/99352.json,e3ccc404e9636779b97d0556388fe312
hk4e/reliquary/attributes/99353.json,d2ad60cbfe2159f79ef017199a204c88
hk4e/reliquary/attributes/99354.json,66045d7a67b4183c3c29e492b6ce4e2d
hk4e/reliquary/attributes/99410.json,12051db204fb44a2530eafdca7a20204
hk4e/reliquary/attributes/99411.json,371fd88a9bbf94659a97cd73c6d75f99
hk4e/reliquary/attributes/99412.json,c69da35d9fe59a62745d2343229ec69b
hk4e/reliquary/attributes/99413.json,a39b7efe86f75497ddd2e13d49c98e3c
hk4e/reliquary/attributes/99414.json,bad24bb4cba2dc1d3eb214cc1ff998d8
hk4e/reliquary/attributes/99420.json,92f014c76e27d157b26a797ab2457c29
hk4e/reliquary/attributes/99421.json,606a2d23389ddb667be7e8cab19d1976
hk4e/reliquary/attributes/99422.json,397801fffe572ee4178317de274d3e3e
hk4e/reliquary/attributes/99423.json,62758d68210b52de47565e35760b35e1
hk4e/reliquary/attributes/99424.json,704cad87ac393d153896b3bc5eda7a2d
hk4e/reliquary/attributes/99430.json,979cd49cd617760357b80d461cdd6b2e
hk4e/reliquary/attributes/99431.json,322b773c8b3e17758119679d7fce7c5f
hk4e/reliquary/attributes/99432.json,e39664429fb713e07a3d6b501d8a9df6
hk4e/reliquary/attributes/99433.json,84bfd3cf659a6105a4c69d9d3e1fcc50
hk4e/reliquary/attributes/99434.json,75f6637d21e0a269b376becf7d38c691
hk4e/reliquary/attributes/99440.json,f5a6ce474af465465babd7077f7799c1
hk4e/reliquary/attributes/99441.json,c5c4997346efcccccb7cf8d5d9f7a341
hk4e/reliquary/attributes/99442.json,848200ea94a61ae8f5867432a09c36fe
hk4e/reliquary/attributes/99443.json,c3c01e41f160671952b0dcf58a321658
hk4e/reliquary/attributes/99444.json,bfb9c1ae27ca4972fe571ecadd7f7338
hk4e/reliquary/attributes/99450.json,7506dedd8272971c6b2d2c0b7aeaf32c
hk4e/reliquary/attributes/99451.json,99afd25d1bfa062eb6375746091322e4
hk4e/reliquary/attributes/99452.json,1e0df8c1f588bbff3bdde1342545b6a3
hk4e/reliquary/attributes/99453.json,6d3fef62593e73a35781a942889ed75e
hk4e/reliquary/attributes/99454.json,204685bcc0d58f584d58af3bc3aac114
hk4e/reliquary/attributes/99510.json,c807bbaf6124058a5ef8ac87630e501a
hk4e/reliquary/attributes/99511.json,b6f8722d2db34cc7ce5934b13692652e
hk4e/reliquary/attributes/99512.json,3f764ce855b0590280b0b246a84d3bca
hk4e/reliquary/attributes/99513.json,9f597ac26ab6fdadccb0ad310af11fbf
hk4e/reliquary/attributes/99514.json,e524402b1005a53c53ad87734807d286
hk4e/reliquary/attributes/99520.json,43958ab48712a46615b928f737c9601b
hk4e/reliquary/attributes/99521.json,53b907d9c14faf73ef38f654fc3b49a7
hk4e/reliquary/attributes/99522.json,a6863a6fccbbd9db1f3b3ecdc2c40a07
hk4e/reliquary/attributes/99523.json,136c74051f73496d99b7722874f49d6f
hk4e/reliquary/attributes/99524.json,bc52968a4a3dc4dce465d224f51c289c
hk4e/reliquary/attributes/99530.json,814a76b46256f5668317f69645ebd06b
hk4e/reliquary/attributes/99531.json,a677d83019a51f21d473e8a0175b014d
hk4e/reliquary/attributes/99532.json,d08d09178a2e4d40c98527525f40eaa0
hk4e/reliquary/attributes/99533.json,6e6a72d42a47819dec5c5960a4816190
hk4e/reliquary/attributes/99534.json,f0ed30f27b253b38bed8fde070f48a46
hk4e/reliquary/attributes/99540.json,6b68da5c3894e47731ccea4f676f7614
hk4e/reliquary/attributes/99541.json,87e5f570a74f407ce7e8e80567579526
hk4e/reliquary/attributes/99542.json,3999df4dc10303cbe3f0e4589666efc1
hk4e/reliquary/attributes/99543.json,a985471bb91555e5a90a06a1d3b44e3b
hk4e/reliquary/attributes/99544.json,5a213a7a4c14388f679e12bfe43a072e
hk4e/reliquary/attributes/99550.json,f0906823fcc40600a86560c15df8541f
hk4e/reliquary/attributes/99551.json,00e3aa26d2c2644b6bfc73e434ab7df8
hk4e/reliquary/attributes/99552.json,e79782bb5957653f2e1f2520cd593efb
hk4e/reliquary/attributes/99553.json,1f2e7a97b0114dd03587d93a0186e3af
hk4e/reliquary/attributes/99554.json,3f2f7557787e1d976f227166dfaeeaba
hk4e/reliquary/attributes/_appendProps.json,cb11ed616cdcd375e2e0fc4507eb17dc
hk4e/reliquary/attributes/_mainProps.json,e85bac5791a6591b20f5576134af768c
hk4e/reliquary/set/10001.json,dccbd0f19396eba2a3bb07f959b6a6cd
hk4e/reliquary/set/10002.json,559373ad0e3efe5f158af7366e139a8f
hk4e/reliquary/set/10003.json,e082dc2011720ee511a1e162d6587b48
hk4e/reliquary/set/10004.json,e0d6f184fd6047783b43133915c047cc
hk4e/reliquary/set/10005.json,f1bc9dd5ff276b237bd313c4e552d451
hk4e/reliquary/set/10006.json,8946af2201cfe2885a214528eaf791a6
hk4e/reliquary/set/10007.json,c6429685e1171f88fe8273ed15c1d3f0
hk4e/reliquary/set/10008.json,d7811566c89df69fe57502fd4fc1abcb
hk4e/reliquary/set/10009.json,f5490889464b68c50e561e6dd4799f55
hk4e/reliquary/set/10010.json,6bc19a4f80eff9a93ded605381f1cb5d
hk4e/reliquary/set/10011.json,2769b548210444a6eb14ab835ada260f
hk4e/reliquary/set/10012.json,c10dd762895a892dbd9cf94acf03c7b2
hk4e/reliquary/set/10013.json,769a63da532d390e3e851b8b33fd58f7
hk4e/reliquary/set/14001.json,ef890cf71ce8da945bd19fce5ae8229a
hk4e/reliquary/set/14002.json,ff1a89dc1c6af6f8a841469db3de74f3
hk4e/reliquary/set/14003.json,6075715a65c0e28962a0335d5dde98e3
hk4e/reliquary/set/14004.json,eb97c29021e6a4e1e4c1f2adb968bd48
hk4e/reliquary/set/15000.json,28ceb078c01ece8d85e566929e9e6435
hk4e/reliquary/set/15001.json,29240a69d9cde47f5bbdb436985b7a13
hk4e/reliquary/set/15002.json,5cedfe2c2587bd1cc9dd2cc534abf3c6
hk4e/reliquary/set/15003.json,f1856566f955bcf8c61462246928039f
hk4e/reliquary/set/15004.json,73937fc4b26fea092af3841361d936fe
hk4e/reliquary/set/15005.json,37d218f691dfc9b42e3d76d16c2e1e3b
hk4e/reliquary/set/15006.json,a148cd82f51725f9d38724798bcd05d9
hk4e/reliquary/set/15007.json,30b5680bf9df4bab1e527a41d84903f4
hk4e/reliquary/set/15008.json,ea03716af13946159c678f00c38b4ba7
hk4e/reliquary/set/15009.json,75f85d0ab82083c7d41cd4f0b5d29bd1
hk4e/reliquary/set/15010.json,29a389be16ae397e321c893e4025dd7d
hk4e/reliquary/set/15011.json,eec5e85666dca5c242e654b805612c8c
hk4e/reliquary/set/15012.json,a8d8bd94e345cfe33129c9c735c85765
hk4e/reliquary/set/15013.json,9e87226d4197e780fc2c90a6c7a17db8
hk4e/reliquary/set/15014.json,17be5ca00f93099ce9871cdba1f6be2b
hk4e/reliquary/set/15015.json,0c8da64b691cc48f2274bfe431849a18
hk4e/reliquary/set/15016.json,76056cff21c6cec94a151e27897b9db9
hk4e/reliquary/set/15017.json,5d5009debaeb61dd946b79b9438d0979
hk4e/reliquary/set/15018.json,d5c6e8016d5271a890e92bc0c24c8560
hk4e/reliquary/set/15019.json,fafd6fb44b90749cd8a6dbfe84a26dc0
hk4e/reliquary/set/15020.json,4f24025f58881b4749549d8631754ad7
hk4e/reliquary/set/15021.json,fd815399470ec0846d3c8b572a9a0b1f
hk4e/reliquary/set/15022.json,77acb6be35d54657c698064df1c94e46
hk4e/reliquary/set/15023.json,a2a635152bca365a9ef1ba73ebc036e7
hk4e/reliquary/set/15024.json,0eaf09190cb5525f99ede930574ecd4f
hk4e/reliquary/set/15025.json,08505ca0a57b3f700b5727189707a32b
hk4e/reliquary/set/15026.json,ad988d42fd9d48628f32125830c1eb14
hk4e/reliquary/set/15027.json,9fc5cf911456067e3739e0a2eee9f83c
hk4e/reliquary/set/15028.json,f01528226924c9b965d716d3d94f7851
hk4e/reliquary/set/15029.json,18187be93ed2931965e0a7ad2b730053
hk4e/reliquary/set/15030.json,318f097ebd423ab7d758afbc70a4129e
hk4e/reliquary/set/15031.json,bbf2aa67bc6d351f074d74fc6344e510
hk4e/reliquary/set/15032.json,7683ba53eec4b0d27ee2a54547f5f8eb
hk4e/reliquary/set/15033.json,7ed759829dda2022df8d886bf77e08d0
hk4e/reliquary/set/15034.json,72622c79fb5f0cf84f053374cec5ad1d
hk4e/reliquary/set/15035.json,0501fda6aefb5641a52b271cab0e7e90
hk4e/reliquary/set/15036.json,af569e2ef1550c746984e0a52a2463e0
hk4e/reliquary/set/15037.json,e879a82411165a952dd599cf90368d31
hk4e/reliquary/set/15038.json,4c9db1d4a9d48a00dc0acebb09f24d0a
hk4e/reliquary/set/15039.json,97d597535460c4176dc22f171c60c450
hk4e/reliquary/set/15040.json,641dd5095a2a3ed207587bab1f12ce45
hk4e/reliquary/set/15041.json,59a40b09ab0196b75a05327fa109582c
hk4e/reliquary/set/15042.json,8c2b6d3d795cb927fa93f96dc1125bb6
hk4e/reliquary/set/15043.json,098585abf4eac614103e93b0bfacfe9b
hk4e/reliquary/set/15044.json,2d3c2edfed9697a5f821ceab6e1bef0f
hk4e/reliquary/set/15045.json,be181e43cd9a8973aa05c26b5ea8c3e0
hk4e/reliquary/set/15046.json,646a7c6039ccec3ce77f93a2ab94d230
hk4e/textMap/textMap_CHS.json,5aeb207e571df258507707e357bb24f4
hk4e/textMap/textMap_CHT.json,6fbf1c46a660168f18b9d2ca5abd16ed
hk4e/textMap/textMap_DE.json,bf9824698162f4d24599ea00f5c128de
hk4e/textMap/textMap_EN.json,1601b1643dcbfc97612fd7ea77de192e
hk4e/textMap/textMap_ES.json,2f85e538fefb2d6daa7ee0c34340f3f9
hk4e/textMap/textMap_FR.json,26a5bd2d157b8238c14053841f686e6b
hk4e/textMap/textMap_ID.json,b61e97bceb863d444314f9348bd6c59d
hk4e/textMap/textMap_IT.json,8a09c6442ea8943c2b43f52eb1dd6c99
hk4e/textMap/textMap_JP.json,7f61061223721023538e3ee6adb9b633
hk4e/textMap/textMap_KR.json,4e5f32ac0af35b66c0689e00314b35de
hk4e/textMap/textMap_PT.json,951c2df2f49f5e66fc7b9789a8312e2b
hk4e/textMap/textMap_RU_0.json,7cc972fc03042a891df4b341f523e1e4
hk4e/textMap/textMap_RU_1.json,394db7e9908a841c17a284b448d9acc3
hk4e/textMap/textMap_TH_0.json,4a2394ca53280b391cd0fc53e1da21f5
hk4e/textMap/textMap_TH_1.json,3bbec3a0450f5cad32a1f094f9cecbc4
hk4e/textMap/textMap_TR.json,b3a8c74ea946b31a1ee0c3679bdaa909
hk4e/textMap/textMap_VI.json,09b8b6be3b9152e2e43dd8a591ae3f6a
hk4e/weapon/attributes/10002.json,c1420f3983ba2fa73b394af745fb2c4d
hk4e/weapon/attributes/10003.json,183ec6cf3dd50371728b09c7a95cf480
hk4e/weapon/attributes/10004.json,c8ab02aebda60b4d91491093d47a5d4a
hk4e/weapon/attributes/10005.json,cefeaa27113f079026760f01f4bb113c
hk4e/weapon/attributes/10006.json,eb45aa8d9786125c361e01ea9cb3a1d1
hk4e/weapon/attributes/10008.json,810400a540388c66d58b59f673d19f63
hk4e/weapon/attributes/10009.json,ac339306bd7eaa05531d498ba67fde07
hk4e/weapon/attributes/11101.json,1ddad10e4505d814c215cd8045d4d9b5
hk4e/weapon/attributes/11201.json,e076d1649c80f7a67ebbc0cd9328406f
hk4e/weapon/attributes/11301.json,a73a01f98492d36b9e94c8dda28145a7
hk4e/weapon/attributes/11302.json,e68a88d5ef6ebb1c990b21b822d388a3
hk4e/weapon/attributes/11303.json,32d90cb42a26f8eb540ed5c351435ab6
hk4e/weapon/attributes/11304.json,7c04805c1283851e9344efb274b9a8c4
hk4e/weapon/attributes/11305.json,a6a02379334dc9df699537fe06cf539d
hk4e/weapon/attributes/11306.json,b33e7e659843b77c136a2e6fd8a3fd5b
hk4e/weapon/attributes/11401.json,7dfe55dd75d7a12b48e4ddf0796acc0e
hk4e/weapon/attributes/11402.json,61f6ebc31c7a59850e157bdcf3c4ffb6
hk4e/weapon/attributes/11403.json,984b6c3be70f856ecf95dbe7c33f62a4
hk4e/weapon/attributes/11404.json,426d543ed8cccf740e4f6bb0ce613668
hk4e/weapon/attributes/11405.json,212754241bff56a9becd83d05d797052
hk4e/weapon/attributes/11406.json,b1b99b2964272514c17d2478874580d2
hk4e/weapon/attributes/11407.json,e6bceeac23f81665235927260842b724
hk4e/weapon/attributes/11408.json,4114ebc803eea26215c93b2b9c80ca06
hk4e/weapon/attributes/11409.json,92cdf872cc2883582f40b8f7eef0f82c
hk4e/weapon/attributes/11410.json,d7dc8420531690e526bc9238bce19f95
hk4e/weapon/attributes/11411.json,8287df4da98c587adf205e87e145ebf2
hk4e/weapon/attributes/11412.json,7c739f5684d497095973c9fa95a91b9f
hk4e/weapon/attributes/11413.json,3acac10a38b89e583b8fea8166d3764e
hk4e/weapon/attributes/11414.json,dd6fdcb73102477544793b2f89e1558f
hk4e/weapon/attributes/11415.json,eb146eef65d3cfcc448a9cdab9188a1a
hk4e/weapon/attributes/11416.json,008f0496627c6fce27b591c942046932
hk4e/weapon/attributes/11417.json,0c855a77e25ac59329527a22821170a0
hk4e/weapon/attributes/11418.json,3d6f6ff4a7bf59ecc82577b4e37e5155
hk4e/weapon/attributes/11419.json,cad24ac3c6e4f5ec402936199eacd2d7
hk4e/weapon/attributes/11420.json,acfa50937771ce0989f4b92ec44d3306
hk4e/weapon/attributes/11421.json,6cbc09a4999dcd0e6a8ef41e1325ed09
hk4e/weapon/attributes/11422.json,ea0e70b8cc91e32e9d39e80d7dad0ece
hk4e/weapon/attributes/11424.json,7bcf6fd6936e9f7fd7672f7073e43c2c
hk4e/weapon/attributes/11425.json,d0e2003222354a14d4fa1d9a11a7a7f0
hk4e/weapon/attributes/11426.json,ddc1836c9d6004f3790bb01de8d46f16
hk4e/weapon/attributes/11427.json,5767f299a51e81fc3895f7912d9c8920
hk4e/weapon/attributes/11428.json,f467aac27f5a20658360e0abe6d83c2e
hk4e/weapon/attributes/11429.json,17dc8af06a2a53a72ee107720737e050
hk4e/weapon/attributes/11430.json,9b28ebf042a98e0fc5e401dc147e5106
hk4e/weapon/attributes/11431.json,0a708a8132527f9b6bbdaf033f68b6f7
hk4e/weapon/attributes/11432.json,abb3861756c2c72eb7407652d0325fa7
hk4e/weapon/attributes/11433.json,41ef98e5623cbc338e8ebdcb9b77379f
hk4e/weapon/attributes/11434.json,12a90331e04da38900c94b244b2e3325
hk4e/weapon/attributes/11501.json,f2e5ecdbd074444db8dd329999f0f193
hk4e/weapon/attributes/11502.json,441b672b649c868d638dc45c12aa10a8
hk4e/weapon/attributes/11503.json,bdd4dee113146f59f6d61c26ef3c0a26
hk4e/weapon/attributes/11504.json,1b9501210c7141f9e852c7e621f1002b
hk4e/weapon/attributes/11505.json,5a325a0a577b8785bcc964edecdcde3a
hk4e/weapon/attributes/11506.json,e12d7a3e6eaf6d56b0edff2d0b727f98
hk4e/weapon/attributes/11507.json,36dcae6a7f971e836a41ca328c632148
hk4e/weapon/attributes/11508.json,77783b7bd3f65905e5c2bf5a2b929472
hk4e/weapon/attributes/11509.json,6c5477f146b90b31294ced48724fdef6
hk4e/weapon/attributes/11510.json,25f5df852c7a9f7b098fe48868bac75e
hk4e/weapon/attributes/11511.json,4642af9688aa55f0bdf268f61d6ab6aa
hk4e/weapon/attributes/11512.json,d7e1ca168bc3f0fe7ba46a548e80dc98
hk4e/weapon/attributes/11513.json,fd858df352cc444e1fc1cfc375283ebb
hk4e/weapon/attributes/11514.json,91c464fc533d83ccd0ac196390455bfb
hk4e/weapon/attributes/11515.json,fadeacceb34c7a4fd35b69b55afbb2b2
hk4e/weapon/attributes/11516.json,02f8257a840b0f7e41eaa11a4d0e97f6
hk4e/weapon/attributes/11517.json,9df28640ed062aed12353adf79a945cd
hk4e/weapon/attributes/11518.json,c710f21cf7a46aaa78a7cea2f1a434c6
hk4e/weapon/attributes/11519.json,263a8959074874b1325a1e5cd8b89e47
hk4e/weapon/attributes/12101.json,f5055854c453303b3008496e94869b27
hk4e/weapon/attributes/12201.json,06a2a040160ac9e499a157caa61b0c8b
hk4e/weapon/attributes/12301.json,abf5390bb12eb201ae18ce53f2076315
hk4e/weapon/attributes/12302.json,762c5ecba193ac62dcf928b3268faa94
hk4e/weapon/attributes/12303.json,0e9bbb442cd06d9e4b7d72d257e13019
hk4e/weapon/attributes/12304.json,f158eec79e8b82549e07a2f191ca32cc
hk4e/weapon/attributes/12305.json,804481a5454b885184e8e2a2c5e1875d
hk4e/weapon/attributes/12306.json,2b5e2b1e6d7b040d014748a7717a98d7
hk4e/weapon/attributes/12401.json,7cfb88aa95d930523cfef9c1608beafe
hk4e/weapon/attributes/12402.json,f822fbbe03408e3e0c586e68e9b4d0db
hk4e/weapon/attributes/12403.json,be6a4319750795f8f41f292b15d83987
hk4e/weapon/attributes/12404.json,a05c7b73520a89ef56851e454bd182af
hk4e/weapon/attributes/12405.json,cfe3fcad3bb1c17100cf8e49f9678e28
hk4e/weapon/attributes/12406.json,532f426abb48476e80aef0f08e5814bc
hk4e/weapon/attributes/12407.json,e789e7908b69f9866cd6046a4f041808
hk4e/weapon/attributes/12408.json,35ff6099db05cb432d305b8ddca00562
hk4e/weapon/attributes/12409.json,1dd5f359c1b299b0619c737ccde82e0d
hk4e/weapon/attributes/12410.json,5c110396dae5a4ebec4a3afbe1e293a2
hk4e/weapon/attributes/12411.json,d01896164afe07d9149d749ad2626c73
hk4e/weapon/attributes/12412.json,2bedbf7bfb2c5b5dbb870d4a89134c83
hk4e/weapon/attributes/12414.json,9d935d972668a0d633ab25ba580d2591
hk4e/weapon/attributes/12415.json,e1330fc8fc0d26134f4cb32bde361905
hk4e/weapon/attributes/12416.json,48ec2254bc609016dd604d712b845c3f
hk4e/weapon/attributes/12417.json,24aba623d80238b2cc87be9c15419cfa
hk4e/weapon/attributes/12418.json,93aab04b5d8fed5291537b8f590fb866
hk4e/weapon/attributes/12424.json,a9249751f44372693102c937edf5793c
hk4e/weapon/attributes/12425.json,b254d0fc2f5536d330575955a9e8ba05
hk4e/weapon/attributes/12426.json,f31fc73df371732ce0f6b18e2aa05d30
hk4e/weapon/attributes/12427.json,306e4ae43d51694e8a3d7072b93b2ca0
hk4e/weapon/attributes/12430.json,1cbc3522b968bc722e9f83b9fdb74569
hk4e/weapon/attributes/12431.json,95bc9053a7210ec232dbf789ee06c485
hk4e/weapon/attributes/12432.json,20878e9330f3d59f0df5d0836d9540db
hk4e/weapon/attributes/12433.json,483d10267c0dd34f52e8b014cabf70ad
hk4e/weapon/attributes/12501.json,8ebd0c06a634067f81ab8fea39ba97f0
hk4e/weapon/attributes/12502.json,02e69dbc7d08c450766507c7d67c98d2
hk4e/weapon/attributes/12503.json,10a9e63f0f991aa27fd19ce572b7b31e
hk4e/weapon/attributes/12504.json,a391aa7429f90f6b486953d4b4a69fc0
hk4e/weapon/attributes/12505.json,1f914ec217413a82f7f7543ee9e70fa9
hk4e/weapon/attributes/12506.json,01dba12c88fd8f9764e9928b375b4e76
hk4e/weapon/attributes/12508.json,e2752e2a4bd9a10a0fe8109e89cfc0d9
hk4e/weapon/attributes/12509.json,5850320005e911be4fe11ac492b427a4
hk4e/weapon/attributes/12510.json,9a062977f6fd1973d210956fb6ed9b47
hk4e/weapon/attributes/12511.json,b63599c8dc5e1a707c9669e626d6ca76
hk4e/weapon/attributes/12512.json,1cf1e07fffd128218ba15683b59e9b28
hk4e/weapon/attributes/12513.json,4a77c175f8b2fb9689f34e2ad3c83a3b
hk4e/weapon/attributes/12514.json,f11219b4944a953159dac6c460230199
hk4e/weapon/attributes/12515.json,86625fd0cbe35d48ffb808a72e435270
hk4e/weapon/attributes/13101.json,c0cc245023e97209738127142806041d
hk4e/weapon/attributes/13201.json,f9232a3e4406197ee64749be9cef3b9d
hk4e/weapon/attributes/13301.json,918fa5d8ff2b7cbf929d1fb98c566cec
hk4e/weapon/attributes/13302.json,ed3eee9feaa6075bdb1f1975de930d4c
hk4e/weapon/attributes/13303.json,7de3c6da742f9d5f983ba95f990628c0
hk4e/weapon/attributes/13304.json,1681c267041fd7e694d8e09af707a541
hk4e/weapon/attributes/13401.json,ebbb2021958ea6574dd9f8e00c11281f
hk4e/weapon/attributes/13402.json,300455759af5cdcdeb8387a8e8977193
hk4e/weapon/attributes/13403.json,876dc3b5548f85da4e593e416091c98d
hk4e/weapon/attributes/13404.json,581a5d4ac24b6fd2fda3c7250087467f
hk4e/weapon/attributes/13405.json,5fc012d14a5bb943a5edd5d91301e0ea
hk4e/weapon/attributes/13406.json,c9da402f4d05617aeebe884be143d38f
hk4e/weapon/attributes/13407.json,de66ad7f19c61a6e2110bfa04aef3016
hk4e/weapon/attributes/13408.json,4cfe64eb358e5077555eff64f65a0028
hk4e/weapon/attributes/13409.json,8f6b6f86a67bf4849b421eb54311c171
hk4e/weapon/attributes/13414.json,23d8ec6b2e1a124edde8226b5441f213
hk4e/weapon/attributes/13415.json,8ed4606098f89e7d5598c2ce75284f6f
hk4e/weapon/attributes/13416.json,3fe08bfc8882c4c5ff287cc11edd098b
hk4e/weapon/attributes/13417.json,04e22203d6c9f52659f362695de2b4fb
hk4e/weapon/attributes/13419.json,70954212a80f098ca9424a835d05f2b9
hk4e/weapon/attributes/13424.json,7a45dc6ec3face1bb5a1be982ae0dace
hk4e/weapon/attributes/13425.json,6150b71cc3b338bf22073b72fec6e7c0
hk4e/weapon/attributes/13426.json,5c6e73877999eec8add15458d9bac2da
hk4e/weapon/attributes/13427.json,8bb1f9e30738399a45185946c2e1312e
hk4e/weapon/attributes/13430.json,b66b49d3c7003bebbeeefbe57bfe0769
hk4e/weapon/attributes/13431.json,0cbe631cb67ef9f67fab3313972ca677
hk4e/weapon/attributes/13432.json,b7d0c5eaf014a5569ee898a0d7117ec4
hk4e/weapon/attributes/13433.json,e99835228d6e626f9d86873f2ba67316
hk4e/weapon/attributes/13434.json,5c6cb59b5c0602fc20bc4b9dddc6c036
hk4e/weapon/attributes/13501.json,1fbd86f7c189b7708c29a15746a98192
hk4e/weapon/attributes/13502.json,5f65285bf84fd8e6d451d73e51d3f501
hk4e/weapon/attributes/13503.json,9ae2b8d407885ad844f40b86600c44d0
hk4e/weapon/attributes/13504.json,18b7e199321affc8541443cb3845682c
hk4e/weapon/attributes/13505.json,656afb2e424f7893b5d0cad5f7384791
hk4e/weapon/attributes/13506.json,89a628c25108fb83b888fdf33e5fabcb
hk4e/weapon/attributes/13507.json,5d04ef7427f06d3593c7b8cc820ef597
hk4e/weapon/attributes/13509.json,f21dfa85c015c630fd766e8aeb48f734
hk4e/weapon/attributes/13511.json,fb4540deb37ef83d3954017c7575400c
hk4e/weapon/attributes/13512.json,c3896fe329626e517f2db5a9af67e651
hk4e/weapon/attributes/13513.json,581d759c429f1a8950e3f91c2795c8c2
hk4e/weapon/attributes/13514.json,afc96d5c4af28e967fef12ae248cfdd7
hk4e/weapon/attributes/13515.json,989c2a3009ec7eac39d4b006e6d13574
hk4e/weapon/attributes/13516.json,3d080eee76a550b995d5846a4b23c94b
hk4e/weapon/attributes/13517.json,f632b6cb61c553ef06eb63510676b3bd
hk4e/weapon/attributes/14101.json,393902dd3283a4f15747424a579834c9
hk4e/weapon/attributes/14201.json,e64919f01e8ec7c8b6caf985c46d346e
hk4e/weapon/attributes/14301.json,0874d76c0b222e61bff1b127bd774c90
hk4e/weapon/attributes/14302.json,decbd7cdb3a95a143ca3eab2b01e966f
hk4e/weapon/attributes/14303.json,38cffa0164b228f4cfd04c6b82ba1955
hk4e/weapon/attributes/14304.json,8d107ee460b8e53b31bbd7ce967a57d1
hk4e/weapon/attributes/14305.json,fa0c8c693bcc8f3762014851bcf0bac4
hk4e/weapon/attributes/14306.json,fda8125f7d90977448d2a9b9872aebde
hk4e/weapon/attributes/14401.json,dd70501f3702aaee4bcbb57b88d2d7c1
hk4e/weapon/attributes/14402.json,36ab71085eb6b3fb23c0048f2f984e1d
hk4e/weapon/attributes/14403.json,56ed185a88f19156452a7608b81a671e
hk4e/weapon/attributes/14404.json,127fe8d406178d464e2fdb72dc467f3e
hk4e/weapon/attributes/14405.json,71a0f11ec11da5198a1eb7c0827807f3
hk4e/weapon/attributes/14406.json,984e513f48506cc6a292a36cd2732681
hk4e/weapon/attributes/14407.json,83290eab73845747916cc0788c403f42
hk4e/weapon/attributes/14408.json,43bdc08c81c248f244e8df935c956078
hk4e/weapon/attributes/14409.json,c1bcb4f23d7e6d1bf65dbe2cde3a9710
hk4e/weapon/attributes/14410.json,715480eea48f11bdc3dc2e346988ca85
hk4e/weapon/attributes/14411.json,16518cbd3acb1dab986327c3c0fbed3c
hk4e/weapon/attributes/14412.json,5b8c20a8b2696b57ec07fe9aa77c3683
hk4e/weapon/attributes/14413.json,d788c78bb4fc9d3976e3e6c422c456c6
hk4e/weapon/attributes/14414.json,f6bb167880af654e665298c655cbf3f9
hk4e/weapon/attributes/14415.json,6c841336e7ba29611c5ce0ef2f1f0e4a
hk4e/weapon/attributes/14416.json,37f191b87b3ba90c8e315ac2c487ff56
hk4e/weapon/attributes/14417.json,b1d5e5d814b5626b0c26f358ed04e80f
hk4e/weapon/attributes/14424.json,65f5c1ee4cb65065d145db05ca07b4f0
hk4e/weapon/attributes/14425.json,388f9fdf5331ddb9402c424e66329978
hk4e/weapon/attributes/14426.json,f5a2022e43a5bc0147bfdb8c098844d1
hk4e/weapon/attributes/14427.json,a69297334d5e91adcd3ef6d80ebd1dff
hk4e/weapon/attributes/14430.json,e76219eee6d234aff8893bbf5702918a
hk4e/weapon/attributes/14431.json,ce9cc5980f6426dc4744d46769e49e2b
hk4e/weapon/attributes/14432.json,8541279030dd1128226b75b8f0177fa0
hk4e/weapon/attributes/14433.json,2fd78259b16a21b939c539112ece8742
hk4e/weapon/attributes/14434.json,3ac17aee2789ea2966216aa9f0c7b835
hk4e/weapon/attributes/14501.json,6ca59bfd1c8b18f7174ddf22935eb193
hk4e/weapon/attributes/14502.json,c2973a477b7a0c4de6f75ece3487d74b
hk4e/weapon/attributes/14503.json,fb99d30fa3004115371953b4dc26748b
hk4e/weapon/attributes/14504.json,54f2dd54430f745311104e94e57dcd23
hk4e/weapon/attributes/14505.json,a9cf36e96b512ee539f251a9138321be
hk4e/weapon/attributes/14506.json,56d6859ebbb41b394fd8fb38a13ad383
hk4e/weapon/attributes/14508.json,56028f0e7bf77fa9acc2ce618bb1e4eb
hk4e/weapon/attributes/14509.json,5a94a1d6e1fdfff4c8217aadce015c80
hk4e/weapon/attributes/14511.json,3ec65745b91b37f8be4495ea7f52d917
hk4e/weapon/attributes/14512.json,76acc1849d42cd779c711290460ce446
hk4e/weapon/attributes/14513.json,b200146e29e6ea4e1983813d7a66c401
hk4e/weapon/attributes/14514.json,289a6475f5e551c0c947863b92212b34
hk4e/weapon/attributes/14515.json,e58e4271e3ffebb4d657f71c7058e4e1
hk4e/weapon/attributes/14516.json,b21ca70e405f2ab38d4251f667c3a074
hk4e/weapon/attributes/14517.json,811354ae55884f282242a777cac60809
hk4e/weapon/attributes/14518.json,9fa3cb3f7483561f42ddef0c8551b7a0
hk4e/weapon/attributes/14519.json,4914b7b24becd44805d3cfa6ddb7f8de
hk4e/weapon/attributes/14520.json,00019b7a01da43d11b88a5c9084422c8
hk4e/weapon/attributes/14521.json,3db016fb5b5e20e71a056aba36df9731
hk4e/weapon/attributes/14522.json,a20a673d2a2deca44ed579c80fbb23e6
hk4e/weapon/attributes/14523.json,c53fd3e1fa440f952506e41d2dd71198
hk4e/weapon/attributes/15101.json,4d9bd48eb6441cfae91f03785634846b
hk4e/weapon/attributes/15201.json,e4a3184acf39f613904eaaa26932a804
hk4e/weapon/attributes/15301.json,b4a631c44a3031055448308626c34f6f
hk4e/weapon/attributes/15302.json,6a3aab949d4967e37abe68917d0a2288
hk4e/weapon/attributes/15303.json,f45b64aab87f3b4872ebf898d1200747
hk4e/weapon/attributes/15304.json,fc33fab49938a3e31b654227c598e45e
hk4e/weapon/attributes/15305.json,5c3d7a86edc19a223ae24f9460981cdf
hk4e/weapon/attributes/15306.json,ef7397ea332e7a393aee6b83b0d00911
hk4e/weapon/attributes/15401.json,f84f6ca8c113b202d60ff1009f218a9c
hk4e/weapon/attributes/15402.json,e26da19299a0e0ac0017743d692e5c2b
hk4e/weapon/attributes/15403.json,1011c31fb55d8b891728a4b715cb59d9
hk4e/weapon/attributes/15404.json,931f0a9ed178560dbe824c4538e8b024
hk4e/weapon/attributes/15405.json,d2babcfbd9266f8bf96403691156f129
hk4e/weapon/attributes/15406.json,9a8a252d7f5033e2e36e21869de53301
hk4e/weapon/attributes/15407.json,1f7dd1d265a5b8eeebe2b4d2d25b5d16
hk4e/weapon/attributes/15408.json,78001d0deb185fc6c7843b782d5d298c
hk4e/weapon/attributes/15409.json,0499d118966b6bfc43024a81a4f5bb73
hk4e/weapon/attributes/15410.json,a7bcf7eb3f49bb376ce3b67c8c55ce49
hk4e/weapon/attributes/15411.json,409334b0edaa6ddee718254952fb3e15
hk4e/weapon/attributes/15412.json,5af090e05d70e14b8d330dd0660ad1aa
hk4e/weapon/attributes/15413.json,fc6f65ca8344000c420fecda57bb8fcf
hk4e/weapon/attributes/15414.json,3d4990dfcc9a711252ab4d2b2563d10f
hk4e/weapon/attributes/15415.json,0f5bffe0927aca2c06d65599d8092226
hk4e/weapon/attributes/15416.json,f30ad3f773da277654a8eb3df4153796
hk4e/weapon/attributes/15417.json,87aa8307255d709f19627701da697acb
hk4e/weapon/attributes/15418.json,02caa670c22c0bc1e16d01296e0d43b0
hk4e/weapon/attributes/15419.json,8d5aed8860c08b16cfea588c61f0d907
hk4e/weapon/attributes/15424.json,9b4938d1a46f61c833b0afb5570d574f
hk4e/weapon/attributes/15425.json,959f009cdc6d63fb4983b65d127b9353
hk4e/weapon/attributes/15426.json,f2e11fbafba935c5678738b03f9b45d9
hk4e/weapon/attributes/15427.json,30bfac6c86acd7a72b021baa435332ac
hk4e/weapon/attributes/15430.json,7070d0cb463fc5dd449390a863b6390c
hk4e/weapon/attributes/15431.json,5896ff1333f48bd56ad9273b8f883cfe
hk4e/weapon/attributes/15432.json,63c0063a25578378d81887eadb2c8f50
hk4e/weapon/attributes/15433.json,23d77181f3042db13c411c1158dda51d
hk4e/weapon/attributes/15434.json,687718306664ff27e6eae7ce702b5246
hk4e/weapon/attributes/15501.json,b359b95b7c8506a7c7192495cc5281e6
hk4e/weapon/attributes/15502.json,32271b8c13f8e8d7fcbd21737c7ce5ea
hk4e/weapon/attributes/15503.json,5bb8d8dc9371f93ca7b20bb168e105f5
hk4e/weapon/attributes/15504.json,257d1794e0ce983ddf4b733eadba354f
hk4e/weapon/attributes/15505.json,61682e9208538c7c6c7da3e6946bc91c
hk4e/weapon/attributes/15506.json,2b342ec6b1cc1fc0b8531cf1dba5a649
hk4e/weapon/attributes/15507.json,e935a9b7dac70435841595440dff6dcd
hk4e/weapon/attributes/15508.json,2140565819c2444482625ff823ae4048
hk4e/weapon/attributes/15509.json,ea7d25115f039fcc8780c5d9fe76fad7
hk4e/weapon/attributes/15511.json,975ebf3b9b3e7e837efd376057e22115
hk4e/weapon/attributes/15512.json,b2bc6ff9145f5e1ae7d6c7accfa75bbe
hk4e/weapon/attributes/15513.json,af8da3a730fc8d7ef6d6b5a51699a256
hk4e/weapon/attributes/15514.json,c2f32547caa8c1314b6db0c02b9cb1c9
hk4e/weapon/attributes/15515.json,bc315ff94ce25d3f086c695a68c3c863
hk4e/weapon/attributes/15516.json,1ab774928a0e6c033d28023a17fd80e9
hk4e/weapon/attributes/20001.json,087ac3bf731d8c8c50f5e2fbb9064b85
hk4e/weapon/attributes/Curve.json,a227894446cc3774745ef8ad86824b1f
hk4e/weapon/profile/11101.json,b0cd988413db36ad463d54582a603425
hk4e/weapon/profile/11201.json,908be59ad6b70813fa1b60aa63fd0590
hk4e/weapon/profile/11301.json,3a93011a61c70d920487869e7e82fd92
hk4e/weapon/profile/11302.json,0678aa9bb1221e7550f539a8f30c7cc0
hk4e/weapon/profile/11303.json,669938b6eeae12e88872b06632705c36
hk4e/weapon/profile/11304.json,a40fd202736a93800c24dfd8fe5e0763
hk4e/weapon/profile/11305.json,9c111c2ce302476a09bf0e0ae036d585
hk4e/weapon/profile/11306.json,4801c201b456bc76c2e2c9d3a8875a10
hk4e/weapon/profile/11401.json,7bc10d8a005216544956453dde011caa
hk4e/weapon/profile/11402.json,2354cdbcd4c635e31abe70cdaf3c1b20
hk4e/weapon/profile/11403.json,ab33770dcf973c947601beccd508d8e3
hk4e/weapon/profile/11404.json,ea15aa3275d8f6abbfd73e20ced40923
hk4e/weapon/profile/11405.json,1885792259edf89ddd610f5b3cba1809
hk4e/weapon/profile/11406.json,1f32c4114fb5623e3989d176ff16f322
hk4e/weapon/profile/11407.json,19cdf992b8d99370da106fe9c57842ba
hk4e/weapon/profile/11408.json,7e30a1fe60d1df4157c03f72e046599c
hk4e/weapon/profile/11409.json,66f1299896019e641a75e28f38e86ff3
hk4e/weapon/profile/11410.json,34333c42e9825cb56992000ae00e7d82
hk4e/weapon/profile/11412.json,de1812fc53e8712f8eed90c2c514beaa
hk4e/weapon/profile/11413.json,77e63e353368b05f9d59397cceb89b39
hk4e/weapon/profile/11414.json,513d7d1d42c1965b39d3505c15ad921a
hk4e/weapon/profile/11415.json,04928ef007d15070e26ea0f42927b385
hk4e/weapon/profile/11416.json,79420d040f3ec801cc6ac7756bcb6af0
hk4e/weapon/profile/11417.json,0da57b70cb8b7bc10caeb51d9605ea80
hk4e/weapon/profile/11418.json,c131e72032f3b45cb4eb281dc9fe344a
hk4e/weapon/profile/11422.json,c9adba3e6d1375498f95633c7e74a35d
hk4e/weapon/profile/11424.json,3263bfd46ee63d50db06f6633168e82c
hk4e/weapon/profile/11425.json,309ea12f157ab07b00d969285d92b4f2
hk4e/weapon/profile/11426.json,a8ee34609e3c4e5596482237ed47772c
hk4e/weapon/profile/11427.json,86408384a1f4194e9a81362a31ebce38
hk4e/weapon/profile/11428.json,c35da12771a689ead9488d8e61febe23
hk4e/weapon/profile/11430.json,0dad546f0a15e7c4eba28ce5e60250b8
hk4e/weapon/profile/11431.json,cd36506cba65cacdf1a59bdf07accf45
hk4e/weapon/profile/11432.json,34778772d679ce029e99ef7d950bac36
hk4e/weapon/profile/11433.json,624c6fb232e5c288991e656a4f86b517
hk4e/weapon/profile/11434.json,f3dc8bce5f3a88d1ab307b66070572b8
hk4e/weapon/profile/11501.json,f86361f2ab110fb78e0ac992e9563d59
hk4e/weapon/profile/11502.json,214d92d085103b2bd2f582936b047ce0
hk4e/weapon/profile/11503.json,fb7462d78d4b5ba9d2dc8776731fcf88
hk4e/weapon/profile/11504.json,3f976a510e61f09c0d9d5ee9c9dcfaf5
hk4e/weapon/profile/11505.json,6972f9a051d76d5d28304fe8d16ed37d
hk4e/weapon/profile/11509.json,f37984454a2543ac1183f1f386f19499
hk4e/weapon/profile/11510.json,63fd61e1155c1c5167f2da5d2ca40f3a
hk4e/weapon/profile/11511.json,29f11f437704329f9c4a0eefe3005ba4
hk4e/weapon/profile/11512.json,fab57e179ebde368c58f41f0ba0bff87
hk4e/weapon/profile/11513.json,cfa804fc8a9ce15ab7f73d9fe77195ef
hk4e/weapon/profile/11514.json,fc71f892d0092c1d8b6860f0833c142b
hk4e/weapon/profile/11515.json,93d601de9518035e3946822aea16ebc0
hk4e/weapon/profile/11516.json,99388b2cafba20954ad8d2a1235f491d
hk4e/weapon/profile/11517.json,68c1b86668dea250501e4df22f984ea7
hk4e/weapon/profile/11518.json,f991f6fc1590bbd984b51f63e68fc41e
hk4e/weapon/profile/11519.json,ecc0a9b96e101e1ad23b2f75dc0b541b
hk4e/weapon/profile/12101.json,2f7ca127e29bf05524744fb29f7920e7
hk4e/weapon/profile/12201.json,0c4e7c2495d1c086c678c61024315a22
hk4e/weapon/profile/12301.json,b7d3218aa2855768821cbf874ff5cde7
hk4e/weapon/profile/12302.json,3dd78e8e5c52db1c29ad1deada05abc9
hk4e/weapon/profile/12303.json,903bfc92b72ee683490569eab2ca4dee
hk4e/weapon/profile/12305.json,61a0afe85b4d8252238bb9c2d583166c
hk4e/weapon/profile/12306.json,d30d70cd31e6887595ea8e1b3816d8be
hk4e/weapon/profile/12401.json,b92d2213a613853e5fed9ba5ba1740f3
hk4e/weapon/profile/12402.json,258c25136979d5101f1fa073c5c4a995
hk4e/weapon/profile/12403.json,ce371e0b86aeb6d9d8dc8bd5dd0582a2
hk4e/weapon/profile/12404.json,2bba993ead962944dc0a9c57c1a06f0c
hk4e/weapon/profile/12405.json,55732e0aea439b0b1f3b855179632f9b
hk4e/weapon/profile/12406.json,975e05d89f178b91228eba73454fdb6c
hk4e/weapon/profile/12407.json,7ce19a851af7ac8326553fb67851a7cd
hk4e/weapon/profile/12408.json,e6850242dc36436f677b5abe0f7b3eeb
hk4e/weapon/profile/12409.json,86e9297174b94e043eb00f8af97f57c8
hk4e/weapon/profile/12410.json,816dfa8c3fa2d94a6ce0138e5097610e
hk4e/weapon/profile/12411.json,5a8e1f39c2d54a93d327ea1a0456c57e
hk4e/weapon/profile/12412.json,9774e331deb02bfed1f643426050693d
hk4e/weapon/profile/12414.json,4ac0bc7d82a25f6840cbdcb8f3725274
hk4e/weapon/profile/12415.json,844e77d7e812fdcc676d828e36363315
hk4e/weapon/profile/12416.json,a82761646414f2b0af0c377e4ecf4fd3
hk4e/weapon/profile/12417.json,4a1026280e2bcdf5ad73ba7aef655d99
hk4e/weapon/profile/12418.json,59aa99ce36f1b784edde0ab2983e70d4
hk4e/weapon/profile/12424.json,a5420c3a658eda23f0965292c5684b6b
hk4e/weapon/profile/12425.json,ddde0908e893d8f6ae290f060c1cf824
hk4e/weapon/profile/12426.json,3ce5b9c9c79e0aa590390691c844bca4
hk4e/weapon/profile/12427.json,bafc577c09c0147a69aeaf949c9043a3
hk4e/weapon/profile/12430.json,746b10a033f4e630d9e3df69b4f82a61
hk4e/weapon/profile/12431.json,3a5cec3dde01cedb019ecf4c2010c6e1
hk4e/weapon/profile/12432.json,e710b5db84300bcf33bb20cdb052dfa8
hk4e/weapon/profile/12433.json,1d844029c867e2e9097e750d82d55e1c
hk4e/weapon/profile/12501.json,26b7597a1c97c89cba442b668c944384
hk4e/weapon/profile/12502.json,8094706df87e16bf39c721520ac53034
hk4e/weapon/profile/12503.json,6134d7da8a06c7847be8cc64039923f8
hk4e/weapon/profile/12504.json,849fba32f3d1ed09b7bc629f4ed1f84a
hk4e/weapon/profile/12505.json,76c6ed6c7216ee60532cc3acd9f74804
hk4e/weapon/profile/12510.json,fa59814da7dd149f4a5eda5bda1938e7
hk4e/weapon/profile/12511.json,3f5a0f171297126417699ebc044f1475
hk4e/weapon/profile/12512.json,39a4c1873ca46675ccb60d31325bfc99
hk4e/weapon/profile/12513.json,4db7ad1e71e6e18ed0d082aa346465bb
hk4e/weapon/profile/12514.json,e56b840e86df86a43b0ef32dc4c12cd5
hk4e/weapon/profile/12515.json,669f3d947960aee4f1cd71f0c2c18c54
hk4e/weapon/profile/13101.json,9cea61e6b1c29aad1041c1dbff83b6ec
hk4e/weapon/profile/13201.json,f1f424cc728cb2e78bfb36ee9e954df1
hk4e/weapon/profile/13301.json,3de786a539d64c9a46d57ca53fa92112
hk4e/weapon/profile/13302.json,38765bb71ebeee59eb0a1925a1e9b339
hk4e/weapon/profile/13303.json,636aa2b8a98b299edcc85a338349b11f
hk4e/weapon/profile/13401.json,54978b5e218f8533671bb541cf8cac73
hk4e/weapon/profile/13402.json,54c7d41a6baf8c8edef7949280bddf4a
hk4e/weapon/profile/13403.json,6878c3e757ca76c26f70a5796ccb19b8
hk4e/weapon/profile/13404.json,ec44d0c4f2f9f9f8e32491a0a8fe1b3d
hk4e/weapon/profile/13405.json,784328232650283826ea75f1ab4d324c
hk4e/weapon/profile/13406.json,950c29949ed61896e4f375d04e98b126
hk4e/weapon/profile/13407.json,1f2bf24c324fa12b3b187caec73aa0ed
hk4e/weapon/profile/13408.json,57ef54bf97a794f5f0800a2b168ead2c
hk4e/weapon/profile/13409.json,dda13d0b4d85fd1231f6047d1cd5603b
hk4e/weapon/profile/13414.json,87c9a43d515b5a5ac67eab8ae3d58ba7
hk4e/weapon/profile/13415.json,7e1dd5b168d2e6192920aec1dfbb1c61
hk4e/weapon/profile/13416.json,4f29be416e866420ce892aa5c692d7d4
hk4e/weapon/profile/13417.json,8a5d473a1e0a85a719ecfdfecef3647b
hk4e/weapon/profile/13419.json,d44c464fbeccde4610977d0ff92c300e
hk4e/weapon/profile/13424.json,37207d5a527b5c542195f612a971d957
hk4e/weapon/profile/13425.json,3315e5bb4c79a50ac6bafba8a87c0eb3
hk4e/weapon/profile/13426.json,f007c45c129687723e71ad5107b42ed9
hk4e/weapon/profile/13427.json,f71b9442240e4fb125600af1333f58b1
hk4e/weapon/profile/13430.json,65528e83abdb468a2cbee70dc2a1350b
hk4e/weapon/profile/13431.json,b56e8507fdf95a00bf7b788886a4f74a
hk4e/weapon/profile/13432.json,64ab7adf73cea3c047c71009492ce38a
hk4e/weapon/profile/13433.json,8a7d1192ed684be9293170a29ad243ea
hk4e/weapon/profile/13434.json,7fd0712a0bff775052b65a7b6be8aaa0
hk4e/weapon/profile/13501.json,88a146260b4862eff7ea74b6bab801ac
hk4e/weapon/profile/13502.json,c591b3c166fd74f8917cd8dda71a572d
hk4e/weapon/profile/13504.json,021275f0f68017982f4f48710d430e04
hk4e/weapon/profile/13505.json,f84aed1e56148ec4f310253dfbe4af5b
hk4e/weapon/profile/13507.json,1db47bf79964b3fff92537a489b37ae2
hk4e/weapon/profile/13509.json,208a8b9758de5ad03988b753b65998fd
hk4e/weapon/profile/13511.json,413aa1909ff4911d0e2739ebff45c9b9
hk4e/weapon/profile/13512.json,1fc52cc3aae7438632dd79c3337975b4
hk4e/weapon/profile/13513.json,1db611e42a6005dce1dfa733a948f9b5
hk4e/weapon/profile/13514.json,77bd2657f7d7c9f85db76075e16fc3f4
hk4e/weapon/profile/13515.json,5b34282b0b4c306a5d166355c8977687
hk4e/weapon/profile/13516.json,12faf7a1039c54bc9d206eaeb38f6fd6
hk4e/weapon/profile/13517.json,48e1f70f0e428c4faadb232c355a34ca
hk4e/weapon/profile/14101.json,1a3c3c2188fc58b41cbf4083a71da0d7
hk4e/weapon/profile/14201.json,ae14e9d4778f125800a5fea8b0a63b86
hk4e/weapon/profile/14301.json,0d0efe3dd1304f1f8a77e7a0a0ce654f
hk4e/weapon/profile/14302.json,06ebec69f803f7a7a397c4ae2fde56e1
hk4e/weapon/profile/14303.json,25380db3dc512eb8d2565961e234639f
hk4e/weapon/profile/14304.json,86314592b1175a83bf0afd93c598ee7e
hk4e/weapon/profile/14305.json,61d7d9186243332d4559d33f996272cf
hk4e/weapon/profile/14401.json,319927f108eedad77e0731c3e6490f5d
hk4e/weapon/profile/14402.json,43278c1640b750a71918d7ae72f046ec
hk4e/weapon/profile/14403.json,ff18470d3ef8365983b52c55f9d24a55
hk4e/weapon/profile/14404.json,570a0ffe77b126db470a114888c68a9b
hk4e/weapon/profile/14405.json,132d45e5aed65925454fe06889241eaf
hk4e/weapon/profile/14406.json,adc6e604f8bb696636e095ae7bbd8082
hk4e/weapon/profile/14407.json,a2d1d5b042dd1215335e1adf5db8b203
hk4e/weapon/profile/14408.json,e6575c5727a437a9a6acb6fab2726363
hk4e/weapon/profile/14409.json,a2d915a1d610bb0313c7b5439e8f927f
hk4e/weapon/profile/14410.json,70c41916d42284cf983fc6283488ecb4
hk4e/weapon/profile/14412.json,db3c42de2a2dceb7b44e501b17bf0c69
hk4e/weapon/profile/14413.json,4405923f12665b50b6dc933be8d7928f
hk4e/weapon/profile/14414.json,018d101df52db65f4e37f257ac3b3807
hk4e/weapon/profile/14415.json,4b2a396c38919468aa9b7763adac8a4a
hk4e/weapon/profile/14416.json,c13ae2258f72578009306a2108d8dc2b
hk4e/weapon/profile/14417.json,20aa434ae865c1446853ae6dde29455f
hk4e/weapon/profile/14424.json,370d657267d8be4ffe5d1ebf111dc82c
hk4e/weapon/profile/14425.json,043e37ed82fe7d775d0ef73cdbe22ff3
hk4e/weapon/profile/14426.json,82875fc0b56fe064d8df9901bc9656d9
hk4e/weapon/profile/14427.json,03d14650ee66491c77b61ae46484479b
hk4e/weapon/profile/14430.json,984b779a29355d4d669600d2a87c6d3f
hk4e/weapon/profile/14431.json,7806810bafcb50540e79358c06b2e30a
hk4e/weapon/profile/14432.json,648370b0114f47f625a2159d332647e6
hk4e/weapon/profile/14433.json,672317ddd44a07e14a0c2d214af71ef1
hk4e/weapon/profile/14434.json,00a93e9a962a06899c7af21cff1a8cff
hk4e/weapon/profile/14501.json,8dc8d67b7ea0ae335acb208a385f2fe4
hk4e/weapon/profile/14502.json,8a838fc733beff183d8311f9ff42902d
hk4e/weapon/profile/14504.json,a82e53f8a0befc431c651c09a3bb8500
hk4e/weapon/profile/14505.json,2095ee8c827c09964d06bd1d110fe2f2
hk4e/weapon/profile/14506.json,80866b5958f057e83475fa5c060c0572
hk4e/weapon/profile/14509.json,3d05598e725828888d5a865bff413272
hk4e/weapon/profile/14511.json,704849b07436013af46f892c11bf548b
hk4e/weapon/profile/14512.json,9bced304787ee4287b66713d8dfd57c5
hk4e/weapon/profile/14513.json,8185b81d0e14e3128c85d1ec49e10967
hk4e/weapon/profile/14514.json,34527c6424c0e449e02c4df1c8fd0bf5
hk4e/weapon/profile/14515.json,fe8032e984d8eadb2fa2c88f6e0a85d0
hk4e/weapon/profile/14516.json,3dac9df6a7b16ffcd1f1cb75cdbca145
hk4e/weapon/profile/14517.json,403f8d048aaa321eb1d163aca4c4cf06
hk4e/weapon/profile/14518.json,7d2b1305820e19cf1d8db9f8de92bc96
hk4e/weapon/profile/14519.json,4f44dbd6f898f8734c099ab54e53a489
hk4e/weapon/profile/14520.json,a5c019f9f5e6fab7e4b24a95e70eb550
hk4e/weapon/profile/14521.json,df7f077f7fe1eb87fe78d2fe19571604
hk4e/weapon/profile/14522.json,0095513f8236641c9123f4563d4643f2
hk4e/weapon/profile/14523.json,b0896fd543f6c89f4a69407725599ada
hk4e/weapon/profile/15101.json,3568533d431a2d1e90f705666130f15f
hk4e/weapon/profile/15201.json,a24b51e2b2bee72e6d2b93e1ae644274
hk4e/weapon/profile/15301.json,5cc1fe56ff66e29c2591f07f9b30b48a
hk4e/weapon/profile/15302.json,cab9f7784b08eecf73958d76c3181e58
hk4e/weapon/profile/15303.json,028725cb1f1d1c56ff5768c9671a6bfb
hk4e/weapon/profile/15304.json,29ddd799da1ccacc3cb608a431322c7e
hk4e/weapon/profile/15305.json,b38165681f047d2c3a76bcaece4894ea
hk4e/weapon/profile/15401.json,fb7d1ced4529f324a0b5cbce9681c06f
hk4e/weapon/profile/15402.json,965a58e1bc3c796cf6eb0978d20a327e
hk4e/weapon/profile/15403.json,f4aa70ecab1bd8a9cc49db5f3a8adb27
hk4e/weapon/profile/15404.json,a41ee03b22ef114aa5e85b491098e0cd
hk4e/weapon/profile/15405.json,ac04df9400cc9cbb4e4ceab34a1edb3d
hk4e/weapon/profile/15406.json,cc505c2287c909c3e4007f03dc768850
hk4e/weapon/profile/15407.json,bb811d2611830abf1e86b9a4f1555c68
hk4e/weapon/profile/15408.json,1d375b28d63420387accf365735f01a5
hk4e/weapon/profile/15409.json,103ee1567e87ee11f4f57a76d4927ef5
hk4e/weapon/profile/15410.json,918a7e44186a71c9233b3600660ff97a
hk4e/weapon/profile/15411.json,f05561130d1548d10901824fc6b42350
hk4e/weapon/profile/15412.json,916eabcb59b5d50176fe728ccc0bace6
hk4e/weapon/profile/15413.json,e48c858b237c523da5a7d9f100bde9fd
hk4e/weapon/profile/15414.json,10dbcb1048635b64842620d429842ee9
hk4e/weapon/profile/15415.json,44f5be0c132d9c2a5e3e19ca33452b7e
hk4e/weapon/profile/15416.json,a19951549ae259b13a421b75af3fbdcd
hk4e/weapon/profile/15417.json,14abfbfd4050981b6b7a7abd7c34ea13
hk4e/weapon/profile/15418.json,7f337601fc003de34df7a34dc20d3269
hk4e/weapon/profile/15419.json,1c4165d2054e4856a85d8a404844149a
hk4e/weapon/profile/15424.json,f1f444b33e50a822eb1fcdfebb56dcbb
hk4e/weapon/profile/15425.json,7d4df6249a406241733143b344fd274d
hk4e/weapon/profile/15426.json,0ed01b8988839668bb934c644a78f644
hk4e/weapon/profile/15427.json,bc9d41c23103d18f4606c5b1c9d354e3
hk4e/weapon/profile/15430.json,c2242e8b0e376f4ffebd2c6ffaf44cb5
hk4e/weapon/profile/15431.json,10baaee37bd2f2901830b3ad68eedd22
hk4e/weapon/profile/15432.json,0ecf9d9643fd28f467362c046815b4f8
hk4e/weapon/profile/15433.json,72f852f09f0a31131f45ace17dcf3298
hk4e/weapon/profile/15434.json,73436e4017da4ceae5b6488c32c8dbe5
hk4e/weapon/profile/15501.json,793a898f32c3ab2b77a94ee56e72ff07
hk4e/weapon/profile/15502.json,7caa11dcad66eb5fad65d6d43499663e
hk4e/weapon/profile/15503.json,a92e0f2db8786e7896737402a91b0b75
hk4e/weapon/profile/15504.json,192d678fc5c241e53e0f783d0568163b
hk4e/weapon/profile/15505.json,c8a748f105a30c1acfda6bc58541accb
hk4e/weapon/profile/15507.json,a4ccd46c74bc2c271c7b735272be1b57
hk4e/weapon/profile/15508.json,c25f6cbf2a8d5fc7e207b8e461f901ed
hk4e/weapon/profile/15509.json,bb677ec0eb8d9874e11e880bd54b7116
hk4e/weapon/profile/15511.json,d72921367b46204dc2f0d24a914dce94
hk4e/weapon/profile/15512.json,714d09df8a168f3e9f3a586cbd2fc5a7
hk4e/weapon/profile/15513.json,e3af4d4143d32a6fb144ab8ee0a39e0c
hk4e/weapon/profile/15514.json,363ebcee9435bf454241e65972a6ccf0
hk4e/weapon/profile/15515.json,546d4c12531a82487a9b6896a80e3111
hk4e/weapon/profile/15516.json,765ad1247f4178c2b41e1ab21a8a6bde
hkrpg/avatar/attributes/1001.json,85ad0d157cdcc49f1bb92e380577ff3d
hkrpg/avatar/attributes/1002.json,d99c264cd0593617f7cc897e415fd52d
hkrpg/avatar/attributes/1003.json,3d9bac820149494676f7beb565d3cd2d
hkrpg/avatar/attributes/1004.json,af69330e5746a02cafb1074f65b220dc
hkrpg/avatar/attributes/1005.json,8c60fe6d3ebf2c66632aa905d1dcd7a9
hkrpg/avatar/attributes/1006.json,1778461469076db1ff464861e077c65c
hkrpg/avatar/attributes/1008.json,f91160b6f22b561846ff49f22f5b5bb4
hkrpg/avatar/attributes/1009.json,ab73cb0f56e4f16fcff553a63a320271
hkrpg/avatar/attributes/1013.json,df879bce95be58f20d90e9efc95d6473
hkrpg/avatar/attributes/1101.json,489fa9570bf6187b55505123754c6d06
hkrpg/avatar/attributes/1102.json,6c12d286c30059b4a36def493fd0d1ae
hkrpg/avatar/attributes/1103.json,31050463846dcaaa1b126f397e96a08d
hkrpg/avatar/attributes/1104.json,9726b4bed687593746bf7b668f1ac743
hkrpg/avatar/attributes/1105.json,ef466895059dcb78925e236e5e03d759
hkrpg/avatar/attributes/1106.json,fd93c9dd00628bb608f7daa864990a20
hkrpg/avatar/attributes/1107.json,c47924781311728289bd7e712afb027a
hkrpg/avatar/attributes/1108.json,aca7135d994141fd366d971475ed7ebd
hkrpg/avatar/attributes/1109.json,5bf5191c695165ca3f45732e5c596f6a
hkrpg/avatar/attributes/1110.json,3a8611396af40f41d811aa9db2372e4a
hkrpg/avatar/attributes/1111.json,10d199ed1f6e6bfe1d34515011edcb58
hkrpg/avatar/attributes/1112.json,76a730812ab467d9746ddee63d09e1b4
hkrpg/avatar/attributes/1201.json,bf1eee7a4ae52ddb6ce5a5ee6d973cae
hkrpg/avatar/attributes/1202.json,18d9769930c395c1dac117dabcdcd494
hkrpg/avatar/attributes/1203.json,ffb7f0085743d77b1795d5282fd0942d
hkrpg/avatar/attributes/1204.json,0a43e9fc8f9cdc909c33ecadbfda53ac
hkrpg/avatar/attributes/1205.json,b5c4cba2b4278df2353dcccfe47e5ef8
hkrpg/avatar/attributes/1206.json,b0012fc673ce832de1c5c4349bb78a7a
hkrpg/avatar/attributes/1207.json,7c09a64b17347271139865ad128205d2
hkrpg/avatar/attributes/1208.json,c13d0e003214475b07b4f8fc2c1d333a
hkrpg/avatar/attributes/1209.json,6a698317da7afa525d6bb838f376abf3
hkrpg/avatar/attributes/1210.json,8488b3526b380cde7ac99b1a53295a23
hkrpg/avatar/attributes/1211.json,9c05ec64f3fc2e350d23c597697bb9fd
hkrpg/avatar/attributes/1212.json,5aa6f8feb980a72d33516bc05ef3cea6
hkrpg/avatar/attributes/1213.json,1f3a6ea99cc6e6ab05680b5d5f7a12c5
hkrpg/avatar/attributes/1214.json,6d112008548749eed652ca44f2d7d2bd
hkrpg/avatar/attributes/1215.json,f7d3509ccc97f0ccf0695bd9c31d90c4
hkrpg/avatar/attributes/1217.json,baebf88fb131ab0078b3e006ff36d777
hkrpg/avatar/attributes/1218.json,a7f13c4c0e1e2b5a7b2d48581a3e38d6
hkrpg/avatar/attributes/1220.json,4cdefdadf162086423a3a5da7ba5f87e
hkrpg/avatar/attributes/1221.json,34d710c1016b3c440d8a6c8125475385
hkrpg/avatar/attributes/1222.json,629e9870c036b07da35e383a66b8e192
hkrpg/avatar/attributes/1223.json,a4de62fe24ceec1c006f9f78ebb92823
hkrpg/avatar/attributes/1224.json,39d1f2516ab6d0c286471781e77b862d
hkrpg/avatar/attributes/1225.json,fcf512a7f67b12f8bf814f606ff6ed9c
hkrpg/avatar/attributes/1301.json,b164c7fd8345ec877c989686842e589e
hkrpg/avatar/attributes/1302.json,20f31e192ef8bb9a48d476df3aa09b88
hkrpg/avatar/attributes/1303.json,a4ce94ecb214b6c5bd11014d995765f3
hkrpg/avatar/attributes/1304.json,d2d018157f58e14e317e3686af4caf09
hkrpg/avatar/attributes/1305.json,29679de42f1e7a1c44e7ce77d4cbe5e5
hkrpg/avatar/attributes/1306.json,dd8f76fad0a76cfde61a8fa6ee1e40df
hkrpg/avatar/attributes/1307.json,588b1cc7aea12f6f05c1350a675e088b
hkrpg/avatar/attributes/1308.json,cd0a8001073443fe1c23fb64cd6b3ff4
hkrpg/avatar/attributes/1309.json,4bc26733097bd67cf39978708351084b
hkrpg/avatar/attributes/1310.json,596501f5a19d5224a951b68f40ee5317
hkrpg/avatar/attributes/1312.json,055eef66a11b3fb9810ce31f5b66d6c3
hkrpg/avatar/attributes/1313.json,6f9f21e732fa0ae56f4ccc82a704c2d7
hkrpg/avatar/attributes/1314.json,c3a3d3cb6be0312a730b7e0a286b58a1
hkrpg/avatar/attributes/1315.json,5c2d522b0f826c4ba668d76d07e9687f
hkrpg/avatar/attributes/1317.json,e6559cb0a477be1bd1133a5b4b4d76cd
hkrpg/avatar/attributes/1321.json,3c0790b7d45a07355889eaa19cd12b5c
hkrpg/avatar/attributes/1401.json,3fdff7f9fc680b5456dda7cbc06f052d
hkrpg/avatar/attributes/1402.json,3358b98a6a4eb2bb9d3f1ecf7b78c807
hkrpg/avatar/attributes/1403.json,a7420447cdbee9825dff4f9182affcee
hkrpg/avatar/attributes/1404.json,43f19137e686412eabcc133938f7d2f1
hkrpg/avatar/attributes/1405.json,51f555475d67bc73c7bb7080bd30cb2f
hkrpg/avatar/attributes/1406.json,b5c03698232f09092d73da05fde41a3c
hkrpg/avatar/attributes/1407.json,0b93e0039a63165ed7e92eac108cdcf0
hkrpg/avatar/attributes/1408.json,2467a61f2bdc703517696c4e193e7a10
hkrpg/avatar/attributes/1409.json,acff8c100237a6a45a414d0abe5af022
hkrpg/avatar/attributes/1410.json,0b7c1655593008dbd59857ae9f24107c
hkrpg/avatar/attributes/1412.json,934ea3ab686974b3ac56f4eef82234a0
hkrpg/avatar/attributes/1413.json,8826251b085d48d1b09543b85c26d172
hkrpg/avatar/attributes/1414.json,59c52f38e34bb254e955b904bf2b25e8
hkrpg/avatar/attributes/1415.json,208d4e9c589b934b8bad46b5135eaab2
hkrpg/avatar/attributes/1501.json,a29e8b379fa3aa6e3f71aec3b20f14da
hkrpg/avatar/attributes/1502.json,0a71852ffa4d5d060199d72f91fa4094
hkrpg/avatar/attributes/1504.json,792c5a59878260033ebdca6f279ed432
hkrpg/avatar/attributes/1505.json,ad970b06e2465723c867f660dd57cd32
hkrpg/avatar/attributes/1506.json,41d607a132a01b259aaf722ce1a89442
hkrpg/avatar/attributes/8001.json,782638de7755ff865d9a9edfcab084f0
hkrpg/avatar/attributes/8002.json,3cd20957630542212da229f5b8ca21e1
hkrpg/avatar/attributes/8003.json,f613dc0def739703ad003f230fdb876e
hkrpg/avatar/attributes/8004.json,92f57e8caab1f79a86c015c89d23d270
hkrpg/avatar/attributes/8005.json,91c81e89fcc21bf78c604b358221256d
hkrpg/avatar/attributes/8006.json,b244f253f05beae06efc904d7858d8ff
hkrpg/avatar/attributes/8007.json,20664ca40e898144538411d7bcaeee08
hkrpg/avatar/attributes/8008.json,95b53a89e997789133f9a45e95f1481a
hkrpg/avatar/attributes/8009.json,a81334bc4522c12153c9a2f97c95ccd5
hkrpg/avatar/attributes/8010.json,4c44715c299f8b2ff9ca86fd01430503
hkrpg/avatar/profile/1001.json,621dff12829a2178afc71e943804d01d
hkrpg/avatar/profile/1002.json,0f78116406028c7e2e528c5a138ea71d
hkrpg/avatar/profile/1003.json,fcea85cffdc41e50a90fd69602488882
hkrpg/avatar/profile/1004.json,2d70e5f5131d38bb775c45ce50d54795
hkrpg/avatar/profile/1005.json,d89cdfd68b2d02aebb870227cfea024e
hkrpg/avatar/profile/1006.json,30f813ecaf8574c58b8d3a4c61639af5
hkrpg/avatar/profile/1008.json,61c0f66a90495a53f6e7c40d85e47fda
hkrpg/avatar/profile/1009.json,f1a72648c240a7824e2e6912478159a3
hkrpg/avatar/profile/1013.json,00a5c1e90354bd201961b4c8a21595de
hkrpg/avatar/profile/1101.json,c295406a23461639bd9291899fd0450d
hkrpg/avatar/profile/1102.json,6327943321efa575e8c3ddf5d701d2a4
hkrpg/avatar/profile/1103.json,e35ca052a9fa7b417e1d827315c7072d
hkrpg/avatar/profile/1104.json,ee94fa0ea4b5b4f9c506945ddf48bf22
hkrpg/avatar/profile/1105.json,15194fbac146cff2c85379bb0aa6e5a9
hkrpg/avatar/profile/1106.json,4c82dc2e752c65e62ab642ac2491968a
hkrpg/avatar/profile/1107.json,bdc407f7d599edc892cdf5c830224403
hkrpg/avatar/profile/1108.json,f925311d84048c5cca9b3a50e0e2f016
hkrpg/avatar/profile/1109.json,6cb7ea07e509839b7d55222cb760205c
hkrpg/avatar/profile/1110.json,344873cfb41e41fb42f466fc729b2c7d
hkrpg/avatar/profile/1111.json,bf0f21866c1f7c5638b55052ea8f937f
hkrpg/avatar/profile/1112.json,1a6612680091f871e45b48ef0061e9d3
hkrpg/avatar/profile/1201.json,274d2f03424eedb64a7df59033919622
hkrpg/avatar/profile/1202.json,9b5a81c85e27f612ec19caa82e9b297b
hkrpg/avatar/profile/1203.json,84a311ac370bd84b01beed25c21f5eca
hkrpg/avatar/profile/1204.json,fc634e7fb23bb1df58c898b9639328b1
hkrpg/avatar/profile/1205.json,394ab2b54806e00014adc22f2ba4a649
hkrpg/avatar/profile/1206.json,27258984e2b1f40ff5ae557790a6e6d2
hkrpg/avatar/profile/1207.json,6d00dd31c3d8252cced4bbb64d61ae09
hkrpg/avatar/profile/1208.json,cd21488b1bf9cf710b822079fae79c10
hkrpg/avatar/profile/1209.json,31307e2cf009d49b2fe80736ed5df4af
hkrpg/avatar/profile/1210.json,565bb4b3849749bb7938fc1387ea3447
hkrpg/avatar/profile/1211.json,d9cedd082739d2361a35796a4462a988
hkrpg/avatar/profile/1212.json,01bd427051d02a932ee6224fb6fe1392
hkrpg/avatar/profile/1213.json,8822fd41f3c9c99514e3068f1c5f8544
hkrpg/avatar/profile/1214.json,4ebcbfd2106a818060118f860b7e9bc2
hkrpg/avatar/profile/1215.json,ffe131beeaa3533886b2482de61309b5
hkrpg/avatar/profile/1217.json,0197628c5339994b1997e9abc3d348d2
hkrpg/avatar/profile/1218.json,919a60648cbd7243cb417cea3c563b89
hkrpg/avatar/profile/1220.json,1913c83a581be3d76f084e390edd0f5d
hkrpg/avatar/profile/1221.json,403e653e9094013cc0debc0df74d1cdd
hkrpg/avatar/profile/1222.json,01c12712df7e98b32ebd584c5280ce15
hkrpg/avatar/profile/1223.json,50a5e2a298aab7383fa6710dd4b0424e
hkrpg/avatar/profile/1224.json,85633402068771fc2b25c6b51523492e
hkrpg/avatar/profile/1225.json,ef260b0b375e1126b49e5d78bf4c1a98
hkrpg/avatar/profile/1301.json,a90c9f6cf680b4455b78126c4b274319
hkrpg/avatar/profile/1302.json,6b8d54ca010300612a6abe1ac8e3b5b4
hkrpg/avatar/profile/1303.json,ccf5bae63fb433b7ee216158f8a7c7d2
hkrpg/avatar/profile/1304.json,06a18dce570a6f763baeec9ab390bc6f
hkrpg/avatar/profile/1305.json,d0919cad851e9c1188cffe49deb978f3
hkrpg/avatar/profile/1306.json,b847254a12ea393252df99a8e3e0d5a4
hkrpg/avatar/profile/1307.json,1c39c66ed4a6aa0a596c4e2999ceb095
hkrpg/avatar/profile/1308.json,8db8580f898d3fb4b798da1d1cd413f9
hkrpg/avatar/profile/1309.json,c6ca9dff34c005aece939b8fb54c6a3c
hkrpg/avatar/profile/1310.json,e531aa08a955ecda436bcad8f6910d31
hkrpg/avatar/profile/1312.json,922c10f1ac582963581fcc5d4d2d5c2e
hkrpg/avatar/profile/1313.json,dc5b4daaa330b7bece3d90dd9d5a66d0
hkrpg/avatar/profile/1314.json,f6c1a73591d0fc8d371c8598a123e826
hkrpg/avatar/profile/1315.json,791cae5082eea8dcfbad5895a616de10
hkrpg/avatar/profile/1317.json,a0597ce0915063d3b68774dcc25877e8
hkrpg/avatar/profile/1321.json,4daef45af3e79858909441ca51a0bc0f
hkrpg/avatar/profile/1401.json,e1282b343a13386f2f6ef326382ba25d
hkrpg/avatar/profile/1402.json,95f29c072f997f394d9be4c14fb2f789
hkrpg/avatar/profile/1403.json,2d35eff2f649ec9906c86a19b5bd8ceb
hkrpg/avatar/profile/1404.json,a2cce6e4f91918c393d34daef12186ca
hkrpg/avatar/profile/1405.json,0a4f9a7bfd51c7dc74bb258f61d26629
hkrpg/avatar/profile/1406.json,ba4e7a22822faad6a6045c457f45be02
hkrpg/avatar/profile/1407.json,fa2f7d7aa3bd55d6500a7ee3d56eba5a
hkrpg/avatar/profile/1408.json,6c371ddb178dd7400932f09456bd3b7d
hkrpg/avatar/profile/1409.json,113b2e74d7158e9827b813138d9773f5
hkrpg/avatar/profile/1410.json,ab8bb923c44851d788e645eb534e935a
hkrpg/avatar/profile/1412.json,77d7c366773470f75c6f73d5f5d52697
hkrpg/avatar/profile/1413.json,0bb047be462cd29aa6dfdd4fa5490220
hkrpg/avatar/profile/1414.json,c973fea5bded3d6b990ebfde8ab2ca54
hkrpg/avatar/profile/1415.json,373308516f5e53f194f44fadc9672908
hkrpg/avatar/profile/1501.json,0bcde1023e9a65984e1643cac14c0852
hkrpg/avatar/profile/1502.json,e215c75e8b2fd4a1f449457955a84f02
hkrpg/avatar/profile/1504.json,3b0f11d586949c4b565c279f99dc1119
hkrpg/avatar/profile/1505.json,50f31d90849ba419d800f451312c1da5
hkrpg/avatar/profile/1506.json,6aa9179192386a5234720886590c6543
hkrpg/avatar/profile/8001.json,3f4bf1919443b461d2dae9020d21f352
hkrpg/avatar/profile/8002.json,b4d63c0407d215158beafa791deb9855
hkrpg/avatar/profile/8003.json,1c89410c8dd984a6de3ffb7c200b726d
hkrpg/avatar/profile/8004.json,6de32417df19c5845766095720b718a0
hkrpg/avatar/profile/8005.json,31807db9b30a99a104a2c9265b942991
hkrpg/avatar/profile/8006.json,743377fe9664cc66ce59b10b73d02472
hkrpg/avatar/profile/8007.json,d070339c3aa57af2388fb26d523dbff8
hkrpg/avatar/profile/8008.json,7356d3bf1df9fb8ae92d90c2b9d303cc
hkrpg/avatar/profile/8009.json,4ac139dfcf16c1fe46972e0f91d4e392
hkrpg/avatar/profile/8010.json,522989659abb39ce971343da8c73522c
hkrpg/avatar/ranks/1001.json,0ec95e5c0ac36a9854b11a014475cc4c
hkrpg/avatar/ranks/1002.json,f2b89667fc4bb53b1b1d8a24dfbbcf8c
hkrpg/avatar/ranks/1003.json,ac3636ea55a048795069eae0a4fa5408
hkrpg/avatar/ranks/1004.json,d7c775eeeb4365eb680978fa5957fcfb
hkrpg/avatar/ranks/1005.json,2eff128097c7b145aa83ceb20ebc1e2f
hkrpg/avatar/ranks/1006.json,98eabcf150deb7cbbfee7db679734a3b
hkrpg/avatar/ranks/1008.json,8805209b9c5ea9127c3428f70f075fe8
hkrpg/avatar/ranks/1009.json,f51af2a2e596e8ee77e06b15b233f79a
hkrpg/avatar/ranks/1013.json,1d5f0751aa928c0449c0417288b037a1
hkrpg/avatar/ranks/1101.json,ba9ac3c60c9a403567824ff80ea42bfe
hkrpg/avatar/ranks/1102.json,6cc235d6532509c2ca2981137e029328
hkrpg/avatar/ranks/1103.json,5aaa9775a878bd835d2e304a0fe7bc53
hkrpg/avatar/ranks/1104.json,5d3e1585cc97b2e4e031cd5e5af94898
hkrpg/avatar/ranks/1105.json,ac3802213b9dfa22e8ae9ab3478f5180
hkrpg/avatar/ranks/1106.json,b033e4df33d7a4b416081133c4dba9fc
hkrpg/avatar/ranks/1107.json,fac803201c6fa99bcec09662d062f028
hkrpg/avatar/ranks/1108.json,75adbae6f3385087617f1aa1e5fb1c39
hkrpg/avatar/ranks/1109.json,73e8897f3e9fa9fe01b8c318520071ff
hkrpg/avatar/ranks/1110.json,d34aa450fcb8e5d4127c2bdde0d3c7aa
hkrpg/avatar/ranks/1111.json,e1e666137a95f28f8b871c88731c3fd1
hkrpg/avatar/ranks/1112.json,ca09d16fd17da22807dfb1ea8dfba368
hkrpg/avatar/ranks/1201.json,9d70cd77a844c7eadcd49dcecc9670e6
hkrpg/avatar/ranks/1202.json,9e24002d200545bc4e5c6853d6958b4c
hkrpg/avatar/ranks/1203.json,d71f4017344269f0e8fdbe517f6e9eae
hkrpg/avatar/ranks/1204.json,b9eccbfc91500ed9b42bb2727536c7c8
hkrpg/avatar/ranks/1205.json,5f3a266be3cc4e5044afd2739070beee
hkrpg/avatar/ranks/1206.json,7b48cfda82a6fe7f02ce8ff87ce9fcc3
hkrpg/avatar/ranks/1207.json,968b219246c2b914329978633423ea24
hkrpg/avatar/ranks/1208.json,115b97cb0b7708ea639dc596a828974c
hkrpg/avatar/ranks/1209.json,31cf98edf7a2ca617ab325e87a548052
hkrpg/avatar/ranks/1210.json,9645b86dca4a5b142923b084696492af
hkrpg/avatar/ranks/1211.json,fb8d71b09daf81942ba622bbe5f9d410
hkrpg/avatar/ranks/1212.json,37bddebb2a7cd93f86e7cb4d72ed7b94
hkrpg/avatar/ranks/1213.json,2bc995608bd083375d5c74fc2c230281
hkrpg/avatar/ranks/1214.json,6cda92e012f11f864ca5776ca3bad70c
hkrpg/avatar/ranks/1215.json,8e1e40457dceab5281f88655d37d80fa
hkrpg/avatar/ranks/1217.json,9a8c65c4afa5edf4241e4cb5477bc7f2
hkrpg/avatar/ranks/1218.json,dd4d26bdb6f0f427f6fcfead4f0549bb
hkrpg/avatar/ranks/1220.json,ec2d8936ea280ea2010c9f5ab50ed1c9
hkrpg/avatar/ranks/1221.json,0c3ae7f221c28e9c69b1e7990d8afb40
hkrpg/avatar/ranks/1222.json,eb5a52fdff7a03b6dd6f3be2d9db154d
hkrpg/avatar/ranks/1223.json,adb3708f4240863229e4ef4e021c10c4
hkrpg/avatar/ranks/1224.json,e727d6fbbc5b98b9bc387234d0930582
hkrpg/avatar/ranks/1225.json,e2b9cf5184aeb7202df1707d6f7e3d12
hkrpg/avatar/ranks/1301.json,c34e7fd9dcc2175d9c8de50c9e0d63d3
hkrpg/avatar/ranks/1302.json,02dde9a8ac2255ed8c40ef19678f340e
hkrpg/avatar/ranks/1303.json,4b35bedc2bcc71d0077044ee555da3be
hkrpg/avatar/ranks/1304.json,5e5d223aa2a4d3eea01fd562da461451
hkrpg/avatar/ranks/1305.json,5efca80e517b103eb1132da014c7f2a4
hkrpg/avatar/ranks/1306.json,44b748d0ba0b0b05184c48f856c05dfa
hkrpg/avatar/ranks/1307.json,6f2c1b72539497b0d60cbe2cce249d2a
hkrpg/avatar/ranks/1308.json,023c7deedf0c84180f1f10474c2976ca
hkrpg/avatar/ranks/1309.json,0a9f729590ebfb3de3fa906913f81231
hkrpg/avatar/ranks/1310.json,c04f5c112a7c8130c6a242bd730041e2
hkrpg/avatar/ranks/1312.json,5c9dab8307fdb19db87354b62446e3d9
hkrpg/avatar/ranks/1313.json,799e577ab6c5bb8eceef9c744b86d7e3
hkrpg/avatar/ranks/1314.json,8c7ab7c5b571131e32d1f3f65568a952
hkrpg/avatar/ranks/1315.json,ec9c23389aba9f9274710aaa7a23ac02
hkrpg/avatar/ranks/1317.json,020d88d575888402525586adb4bc2844
hkrpg/avatar/ranks/1321.json,1bc9aa5283e81df6a496d8f2034ccca3
hkrpg/avatar/ranks/1401.json,22006af704afee1ffbc578c03995cbf1
hkrpg/avatar/ranks/1402.json,5b7f3ae72b938000d37c72db1fb3002b
hkrpg/avatar/ranks/1403.json,a2a724666dca63b15a5ded6aa5bc15a3
hkrpg/avatar/ranks/1404.json,1020d345aa0dfb4db917a02aef002173
hkrpg/avatar/ranks/1405.json,c575e1a1d7a49082c8c3ab68b9895a72
hkrpg/avatar/ranks/1406.json,a8f13e0435b25cbd49fc32f66ce7a77f
hkrpg/avatar/ranks/1407.json,ba4f7edb4a2f808c3617f58b003ec630
hkrpg/avatar/ranks/1408.json,b31005c7b4338a10ab39dfae9913bac9
hkrpg/avatar/ranks/1409.json,c0a2461868104b1d196ff9d33838151f
hkrpg/avatar/ranks/1410.json,b6275664c08cd54ee156ac2c917deb0f
hkrpg/avatar/ranks/1412.json,13d5935fbe628ee3bbd7485c85f08e01
hkrpg/avatar/ranks/1413.json,355e531a79fcb0d19521c88ab97c0163
hkrpg/avatar/ranks/1414.json,b76d4d6860ec79616ddd01b0d4558a58
hkrpg/avatar/ranks/1415.json,61f42482451d2a21fefc900ad1bcaadd
hkrpg/avatar/ranks/1501.json,f16aaa22855f5bc4f72b3cfb3c5d6dbf
hkrpg/avatar/ranks/1502.json,3219b2e819b8108bee26aa61cc7481ca
hkrpg/avatar/ranks/1504.json,d29f0be77092ea309299271dd79fc731
hkrpg/avatar/ranks/1505.json,be996f43ea9ddf826e0dff52ec883a56
hkrpg/avatar/ranks/1506.json,b33251b2b7ade6efe4f3cef203a341b0
hkrpg/avatar/ranks/8001.json,f14b78f620acac78360263bed1566529
hkrpg/avatar/ranks/8002.json,e09bfa4c1bd063f34f6f34986a676ed0
hkrpg/avatar/ranks/8003.json,5d149386e58f1dba835ce36430342e10
hkrpg/avatar/ranks/8004.json,e37b588e17ca90cd33f871cc5a184872
hkrpg/avatar/ranks/8005.json,bc6ee8f772bc58b2e7525a8e61db8d6e
hkrpg/avatar/ranks/8006.json,ee41808b54c5d73e448305f61d01c135
hkrpg/avatar/ranks/8007.json,df9018976e9c5d52e1c3558d0b1d99d2
hkrpg/avatar/ranks/8008.json,64b159225945bb93cd9eb87b43fbecf0
hkrpg/avatar/ranks/8009.json,433e95698be88923b844bc311e555d11
hkrpg/avatar/ranks/8010.json,9dc34b60b75c144ad2eebb3ec0b6f684
hkrpg/avatar/servant/1107.json,24959d77f2ef2fd4ff0f3a868bfe1733
hkrpg/avatar/servant/1207.json,739ae1fbe415f397256fc94452ee0240
hkrpg/avatar/servant/1307.json,81e9e21022b72037a04abb9a7c773dad
hkrpg/avatar/servant/1402.json,c61e75b67bf5035d4e21dff600e2748a
hkrpg/avatar/servant/1407.json,a7241b56c3d741a4656bd5bfd6f80d53
hkrpg/avatar/servant/1409.json,57695390fc46bb1f78548bca8f044a77
hkrpg/avatar/servant/1413.json,048aad5077541e335fc080016f1b26ce
hkrpg/avatar/servant/1415.json,b91e9173a3903a6d38a9fc4c4d538088
hkrpg/avatar/servant/8007.json,f66616a5683493551540607d552c1053
hkrpg/avatar/skills/1001.json,e67262a0dc924f26269e3f9521ad4b4e
hkrpg/avatar/skills/1002.json,748834db1a06b0258332c13ff3cb77d7
hkrpg/avatar/skills/1003.json,a4bfbaef16b142b7a93467909a0387ac
hkrpg/avatar/skills/1004.json,4753af4db7aefdb3a26121a66e94a849
hkrpg/avatar/skills/1005.json,c6c3da675bdc47604b8b184a076e03f6
hkrpg/avatar/skills/1006.json,0997410e47c4024dd4c23db5d3320746
hkrpg/avatar/skills/1008.json,7ab74486ded63a828bdfa60106af6ed7
hkrpg/avatar/skills/1009.json,3d12e3910359260f06358852d02ee890
hkrpg/avatar/skills/1013.json,24ee3eb237609e3b327f7ec15e40d744
hkrpg/avatar/skills/1101.json,9ead36b829b7bbb2396f5c8bac49901e
hkrpg/avatar/skills/1102.json,4677b99e6a5d2db2a327d533e381f557
hkrpg/avatar/skills/1103.json,f55034dbfbb5424d8749bf246806195b
hkrpg/avatar/skills/1104.json,cbd2aaa507373fb50a43e924932691f6
hkrpg/avatar/skills/1105.json,d8218d88469f5c1cc609fbe93ea2e504
hkrpg/avatar/skills/1106.json,df21eb7a62d55610d0df67545755d69a
hkrpg/avatar/skills/1107.json,0a20c30d1f49d0e31b4dfbd8df17ea13
hkrpg/avatar/skills/1108.json,3f7069fe84279d62150c3853c5707eea
hkrpg/avatar/skills/1109.json,b07d2fb4e4dc59029c4edbdb7ed441e0
hkrpg/avatar/skills/1110.json,f3570f1e69bb6c66404981428dc522ac
hkrpg/avatar/skills/1111.json,b3bf864da17f7d8298c0e6618265eefe
hkrpg/avatar/skills/1112.json,6acd0f0b3deb0ed83202704b83e4c269
hkrpg/avatar/skills/1201.json,830ed527b10740d20dc3281d541f8b60
hkrpg/avatar/skills/1202.json,25ae02da2ecea0c14977e6326424567a
hkrpg/avatar/skills/1203.json,7dcb82575aa74a90798505e84f9a0c12
hkrpg/avatar/skills/1204.json,54809660deb9f26c8db5da73dbff3cc1
hkrpg/avatar/skills/1205.json,8c5a7db4912d7db01ad5936d356ae8f5
hkrpg/avatar/skills/1206.json,24e2507a2f87a3292bb14664a2370efa
hkrpg/avatar/skills/1207.json,9929b9c064d834bedd17c800d247a76a
hkrpg/avatar/skills/1208.json,81306d4b98a0307c1803db9934a119a5
hkrpg/avatar/skills/1209.json,39c819cb7e7ef0c3df17c3a5fc0920bc
hkrpg/avatar/skills/1210.json,6d87a60ee15dbdd90de8b561e169c98d
hkrpg/avatar/skills/1211.json,5504d864abf4cab84f3463ca66383d6a
hkrpg/avatar/skills/1212.json,caa58845ba0aade4e6337afedc1f7f7f
hkrpg/avatar/skills/1213.json,d6595f4352bfb0be6c29acd71192c05e
hkrpg/avatar/skills/1214.json,4e3fed7f843f86d9fece967155daa023
hkrpg/avatar/skills/1215.json,dd4918cd862c86a57825ead62e9834dc
hkrpg/avatar/skills/1217.json,3d1936026463899254ff49c272b97186
hkrpg/avatar/skills/1218.json,6fa519891730e3b89062f512c0de4ad2
hkrpg/avatar/skills/1220.json,1f730eda9be2b988d1cb1996d3ef0996
hkrpg/avatar/skills/1221.json,f6c16ff5aa1ed122ad26f0228afefd16
hkrpg/avatar/skills/1222.json,3e1e5646b363df2eaa684a3c37912b9d
hkrpg/avatar/skills/1223.json,dc77116e3cd360c5731eb5b14d72f82f
hkrpg/avatar/skills/1224.json,74e4a87401f4e9ae25acea964df76cfd
hkrpg/avatar/skills/1225.json,d8a9f8b52e0410a2ebe4f51e43389c20
hkrpg/avatar/skills/1301.json,def8242da5f8c9b755024ee62e094413
hkrpg/avatar/skills/1302.json,94e8985d1ca1240f71d26f4668410fe7
hkrpg/avatar/skills/1303.json,23eead0bfedbc39db95112c9f5538dbe
hkrpg/avatar/skills/1304.json,bf9380a54b0a5f4b03ab06b35af6e54d
hkrpg/avatar/skills/1305.json,c3ddff823c450db4114e0d46cce1a540
hkrpg/avatar/skills/1306.json,8ec9b0c804b04635b3705b300b015ea1
hkrpg/avatar/skills/1307.json,94cd07fa71ad51e73b283a310930e7dd
hkrpg/avatar/skills/1308.json,cac837e2adb3c6e572406b27cf441eca
hkrpg/avatar/skills/1309.json,87a6c9f7eee41945d3627d28c1ec1232
hkrpg/avatar/skills/1310.json,e2669de8de5728300004cf50e6ce5fb3
hkrpg/avatar/skills/1312.json,3b5cb1f917d1baf8daf34e724832189d
hkrpg/avatar/skills/1313.json,0913ed890f50204ba7bf3c668ecaae43
hkrpg/avatar/skills/1314.json,fc31bae47ed0d56c0d6e88e6d8ea547a
hkrpg/avatar/skills/1315.json,543d5d280d798c6b873c844c3e52ac2c
hkrpg/avatar/skills/1317.json,6e744d8f477f96efdaf54678a2d0ccdb
hkrpg/avatar/skills/1321.json,55bf63bdc4de4e87ab5824a660c449a4
hkrpg/avatar/skills/1401.json,65af44f61955bb416fd0d1cd355b1b53
hkrpg/avatar/skills/1402.json,44084873bc8398d85928f157179e0d44
hkrpg/avatar/skills/1403.json,52c93296007b5853ff1beca35981c5f9
hkrpg/avatar/skills/1404.json,0ce46fc018780b5cb2bc23d0693610fc
hkrpg/avatar/skills/1405.json,2d50b68f6ca9bd14f40b7165aa684d90
hkrpg/avatar/skills/1406.json,51e038769f2a855c4717cf478e05491b
hkrpg/avatar/skills/1407.json,4794974d8bf1be1fbcae752e260b72b0
hkrpg/avatar/skills/1408.json,42cc819ee8c472ce74a4819b5bd2a9f1
hkrpg/avatar/skills/1409.json,55fdbc2f8ffa8a50352eb904b8b9cc9b
hkrpg/avatar/skills/1410.json,389ec7b0acfc4d58360c0bf4bd5fe745
hkrpg/avatar/skills/1412.json,ef3b383fb100362d2787f6765c6ab6f8
hkrpg/avatar/skills/1413.json,26f4db66cd9547b1d12338c1efeb71b3
hkrpg/avatar/skills/1414.json,adaeb1829d46e68f4789a1bd5ed0a8dc
hkrpg/avatar/skills/1415.json,a7ef95870abd1389ef5b8debfb36f582
hkrpg/avatar/skills/1501.json,e0f60a71a3ce06ea55b3c46bbe1f7a73
hkrpg/avatar/skills/1502.json,9b3912494cd5e7f0ad621e786da0d724
hkrpg/avatar/skills/1504.json,d2d3fa55bdb958a3e08f8b8f677b6643
hkrpg/avatar/skills/1505.json,9b7c6fb745f849ecc17d8fa4227941a4
hkrpg/avatar/skills/1506.json,4ea9ae446c3dc98d394b33fcfcc2a5dd
hkrpg/avatar/skills/8001.json,01b8487ef56b4751759c040537418bd3
hkrpg/avatar/skills/8002.json,5e94ec502df49049b1036fe25a85c8dd
hkrpg/avatar/skills/8003.json,5bcd3e22915f019ceafde09a18f2a2f2
hkrpg/avatar/skills/8004.json,84e4e5474515486e69b40e269ed36e45
hkrpg/avatar/skills/8005.json,0ab024f4b240f276e122844f23f8b334
hkrpg/avatar/skills/8006.json,484564427605047e3c39809ddc65c07e
hkrpg/avatar/skills/8007.json,9c0545cbdd6c1db2eb08b23cc90d61d1
hkrpg/avatar/skills/8008.json,08a3b2e66959603e7ebb7a3aafc5e852
hkrpg/avatar/skills/8009.json,5072285980555800198eaa395b53cf3a
hkrpg/avatar/skills/8010.json,4f385095b0d88fbdff782c9107f670e3
hkrpg/equipment/attributes/20000.json,0e628647c9e427b769ce81eaaa476eeb
hkrpg/equipment/attributes/20001.json,5b41f8dab6d44a2357a06255d27396dc
hkrpg/equipment/attributes/20002.json,cc941688ab31c057bf123f7336c1425a
hkrpg/equipment/attributes/20003.json,6acba2a130298107559a6a111087b8dc
hkrpg/equipment/attributes/20004.json,30ba358936fec209489ab86e2b04e27a
hkrpg/equipment/attributes/20005.json,8a4bc4b28b13577fe74484280d8031c0
hkrpg/equipment/attributes/20006.json,774ff01d9bc79b54f45b29106c812b65
hkrpg/equipment/attributes/20007.json,31d7cc20d61411efd3c5317f1f4005dc
hkrpg/equipment/attributes/20008.json,45e88ebf481e6fc67a641be5ec45dc71
hkrpg/equipment/attributes/20009.json,e6d81bb1f5d97d8ffe14e926ffd3a547
hkrpg/equipment/attributes/20010.json,b1a9fee9b5e6d677ddb262c930d4da7a
hkrpg/equipment/attributes/20011.json,00bac7a4c1e955e271a048275b6326d7
hkrpg/equipment/attributes/20012.json,b44133194f0ea47758746a84d9352a85
hkrpg/equipment/attributes/20013.json,ed967308fa6cd8e0ab090c622b454fc5
hkrpg/equipment/attributes/20014.json,fd53b2df9ca057b2553f297e89904a9b
hkrpg/equipment/attributes/20015.json,5d0f3d15e5b775e7682d44020ce6775e
hkrpg/equipment/attributes/20016.json,91e964dd4666a0f68758fda5a79efca9
hkrpg/equipment/attributes/20017.json,67039de0464aa5fcbe1b39ee2b22f972
hkrpg/equipment/attributes/20018.json,91e8847875a887324f2043cabf3a801a
hkrpg/equipment/attributes/20019.json,f10b164eeb8c8e0e1ee908c663f942ee
hkrpg/equipment/attributes/20020.json,88055047b123dca7b9aa3ef66ec74d47
hkrpg/equipment/attributes/20021.json,eb9227896e6a8f2ac025ca593a8e9188
hkrpg/equipment/attributes/20022.json,8072cbe9306063b558b1ec8954fb4ec1
hkrpg/equipment/attributes/20023.json,b1b2625d3d9eaa51cab3950fdb0b80f3
hkrpg/equipment/attributes/20024.json,c6a4a5764a97e8587cac2d17e8058981
hkrpg/equipment/attributes/21000.json,3a3e99496b7de4a3e42f4f166d86ccad
hkrpg/equipment/attributes/21001.json,421c9db27bfe0070073ec072bb23e941
hkrpg/equipment/attributes/21002.json,e5a76d253be3f763a97c677c4e1b5206
hkrpg/equipment/attributes/21003.json,2e172ed4994e9de3b50b1ab568ac1b1c
hkrpg/equipment/attributes/21004.json,4305babba0f399a6e137f979ec993c7e
hkrpg/equipment/attributes/21005.json,60e671a5128ac230006739e9e8d90c81
hkrpg/equipment/attributes/21006.json,270a91b2136e4611584f7f1032a10ec0
hkrpg/equipment/attributes/21007.json,b5d1b41d4b4bf7724f5afc6bb5c147fd
hkrpg/equipment/attributes/21008.json,ed2ec8d4f2e165354f87126b37560101
hkrpg/equipment/attributes/21009.json,01d6d8fdd1c077e9314973986f19b19a
hkrpg/equipment/attributes/21010.json,54b2c019ec4d7b01459a3f21af8e6d89
hkrpg/equipment/attributes/21011.json,972f235740653e898016007a42cf99e4
hkrpg/equipment/attributes/21012.json,2a4cfb64891432b40e7d86977f409ef0
hkrpg/equipment/attributes/21013.json,67d21ae5aa5e1b5b8c541b9136dd9e70
hkrpg/equipment/attributes/21014.json,24246651603c5cbe33ab844099ee7d44
hkrpg/equipment/attributes/21015.json,d1c832b6a676dca603b2ba15677f86f2
hkrpg/equipment/attributes/21016.json,f5c9538136ed9d82f949600beb551fcb
hkrpg/equipment/attributes/21017.json,1d367062c1d79e6a2fbfb304f81959b4
hkrpg/equipment/attributes/21018.json,aba9c443a6fa0c9e4f92309234ea1c93
hkrpg/equipment/attributes/21019.json,d6631d675a366bbb7c7a327a30f64c0b
hkrpg/equipment/attributes/21020.json,af12bca2a85179ffdc5026bfceb24541
hkrpg/equipment/attributes/21021.json,550afe82962f0c8a265e64ceeb1ae904
hkrpg/equipment/attributes/21022.json,19d9ebe4dda71f7c5177d8608132f505
hkrpg/equipment/attributes/21023.json,f0a7aee72c6cfda03ccc92a5f2d25a44
hkrpg/equipment/attributes/21024.json,55bfe1feb3c5b54830532013f3ab98f1
hkrpg/equipment/attributes/21025.json,1032cf2068c837bdd844eb8dcebb3407
hkrpg/equipment/attributes/21026.json,039a815bd31de34836a2acb28d876f25
hkrpg/equipment/attributes/21027.json,7938c990322a62d850c9fd8856e8f977
hkrpg/equipment/attributes/21028.json,b5048be78c6c3c834b8eb7e445ebe936
hkrpg/equipment/attributes/21029.json,a9eedf31b5ab28c7d121171dccacec48
hkrpg/equipment/attributes/21030.json,7bbf175f05deeaf266f07a8ce773c534
hkrpg/equipment/attributes/21031.json,ff1bcca1acac590d3d58921817498cbf
hkrpg/equipment/attributes/21032.json,01f9ba8d418f803144f9dc164785aa2c
hkrpg/equipment/attributes/21033.json,427522c075f4f8fca26ff1a5caf61a0f
hkrpg/equipment/attributes/21034.json,64746d9bc430af11e9d4b2cf8aa65e00
hkrpg/equipment/attributes/21035.json,a079597f138e23ac96784c3fadb0d48c
hkrpg/equipment/attributes/21036.json,e4080c7c573a589cd2e10ccad7ec4865
hkrpg/equipment/attributes/21037.json,d3e26d9c12c165e9c9c5c32ffe9aa960
hkrpg/equipment/attributes/21038.json,47e793a44793490bc9f6cd612b9fc3c8
hkrpg/equipment/attributes/21039.json,c85e38b9b5e1895dba55d16a1552a5cc
hkrpg/equipment/attributes/21040.json,10cce315ca33d9302266378f2c32df8f
hkrpg/equipment/attributes/21041.json,6c63622d12f8192a14919b9053a20dc7
hkrpg/equipment/attributes/21042.json,47a9d4fe6f741efa43d90fa247ccfc05
hkrpg/equipment/attributes/21043.json,c29fe68830302da1fd4082c7e404913d
hkrpg/equipment/attributes/21044.json,9c7f2b37a04af4a2e749cd365c3dd158
hkrpg/equipment/attributes/21045.json,d23f1600dc7989d67d06ebefed66a55f
hkrpg/equipment/attributes/21046.json,c78b690130b7f44b4b1893be665428fe
hkrpg/equipment/attributes/21047.json,2f764d98e82c5417b7a72ef6c71bec0e
hkrpg/equipment/attributes/21048.json,91b6672ec5878a6d972ce5727fd3e42a
hkrpg/equipment/attributes/21050.json,efd1687cfc06cc970c5077c886c01786
hkrpg/equipment/attributes/21051.json,6dba781163ed77ff646eb8d106589e6b
hkrpg/equipment/attributes/21052.json,999afe377edd32f91c14bdbed5141ba3
hkrpg/equipment/attributes/21053.json,6c7e14a5f7b9bd2bb2b746f418ba99fd
hkrpg/equipment/attributes/21054.json,5eee70b231bffd316b78bd5f57bd5eea
hkrpg/equipment/attributes/21055.json,2b18c3cee43dc888b36e9b63e8eb9aab
hkrpg/equipment/attributes/21056.json,028e8c2fb854a74da9732e83d71c6d9d
hkrpg/equipment/attributes/21057.json,e996a0ea9f70575a40275846e6efbf88
hkrpg/equipment/attributes/21058.json,816394f369e3f3436e52d29dc2e02d92
hkrpg/equipment/attributes/21060.json,5fd532afe793e173dc1a8d53976eaa83
hkrpg/equipment/attributes/21061.json,4be73fa31b044992a0d251aaded0290d
hkrpg/equipment/attributes/21062.json,98dc62cb6775b1cc8736f6216c936cdc
hkrpg/equipment/attributes/21064.json,08b549b92d183c71933a99fc981b0f12
hkrpg/equipment/attributes/21065.json,4c045dc44d5b4e9ab823b773adbe8b97
hkrpg/equipment/attributes/22000.json,5c04042c37d56351d30ac04d79eefb4e
hkrpg/equipment/attributes/22001.json,dd317b4646a90083ae059a34a00aae55
hkrpg/equipment/attributes/22002.json,c316c784876db4c22fbfc67d76340e57
hkrpg/equipment/attributes/22003.json,26937f04667b735d2cd15c3fcd266bc7
hkrpg/equipment/attributes/22004.json,b3247bc64632f33f88eeb8efe7ce3eee
hkrpg/equipment/attributes/22005.json,f57f5fc5a169c6f7c8f739b650902552
hkrpg/equipment/attributes/22006.json,b856b509b62ee47937e13a214440abf7
hkrpg/equipment/attributes/22007.json,fe70124b27775cafd7d99b6cae4e4c44
hkrpg/equipment/attributes/23000.json,f5544d722b440a6d1fdcd5eac9cb94b0
hkrpg/equipment/attributes/23001.json,9560f8532be23ccd2a2940a2c069eaa0
hkrpg/equipment/attributes/23002.json,30f7352516bf83801b67afa8772dd627
hkrpg/equipment/attributes/23003.json,3ccf05e1c53c4b056e764df84481a1f4
hkrpg/equipment/attributes/23004.json,49a6b07db56c1484ab0dc33e15dea02f
hkrpg/equipment/attributes/23005.json,3a1e26f5dfc6a653a4784758a7f58843
hkrpg/equipment/attributes/23006.json,5ec59593bdf50874e6d1a766ff77e635
hkrpg/equipment/attributes/23007.json,47cc38821c2634ca3c39c5efd44ae7f5
hkrpg/equipment/attributes/23008.json,517779181183ab2dd50e458807f31683
hkrpg/equipment/attributes/23009.json,6e8427e67f8ba5b6b9ddc98336624985
hkrpg/equipment/attributes/23010.json,84b21c6b45b681d151c925a7e516410c
hkrpg/equipment/attributes/23011.json,d9a0dd4ac57606714c443421888582b3
hkrpg/equipment/attributes/23012.json,3400140822c143599160546f9f1d273f
hkrpg/equipment/attributes/23013.json,ff349545bec33b4d1e3bedbbefd88537
hkrpg/equipment/attributes/23014.json,8a0228e112f2cbf2bcf03341a2dc7c44
hkrpg/equipment/attributes/23015.json,2784bbc64f3581e73ab55864de2bfc47
hkrpg/equipment/attributes/23016.json,7a677097aea539c40b34a247a529abdc
hkrpg/equipment/attributes/23017.json,4c5bd0794f1f97060bd8056853b99959
hkrpg/equipment/attributes/23018.json,82d6ef8baccd17b5438aa01d5b55f799
hkrpg/equipment/attributes/23019.json,eac6530386b00a67a5ef29d426d7ba2a
hkrpg/equipment/attributes/23020.json,e78ca3ea7f0f1ecc492e4ddcee173f7f
hkrpg/equipment/attributes/23021.json,1f9d0a5db03de66fe075ba4e95003022
hkrpg/equipment/attributes/23022.json,171b2f208cda6b5976e7ed0cb0fc9d6f
hkrpg/equipment/attributes/23023.json,cd1c18ad637ce6611170c1792d502e27
hkrpg/equipment/attributes/23024.json,137c38d88ebf00fcea2082fee7670dfc
hkrpg/equipment/attributes/23025.json,c158ee8132fbea885dc1aea91d0f35df
hkrpg/equipment/attributes/23026.json,065ddbe317aec48f44252038cfcba1e9
hkrpg/equipment/attributes/23027.json,2eca67dfa0b8e078451d4cde387bf905
hkrpg/equipment/attributes/23028.json,be6a05837ac30788f58b7ad8d156e63b
hkrpg/equipment/attributes/23029.json,d812a1dff98b60bbf9cbb1af73323045
hkrpg/equipment/attributes/23030.json,83eaa99064fc0dd90f5647603eabda9b
hkrpg/equipment/attributes/23031.json,7260e9b47350be66e6f0c43d9e4f3ee2
hkrpg/equipment/attributes/23032.json,ed1039a448657c4f3aff57da0c925207
hkrpg/equipment/attributes/23033.json,7478db3a7250d4ad891091a1c65de98a
hkrpg/equipment/attributes/23034.json,a1077d83c53ae3de91ba8495f4ecb292
hkrpg/equipment/attributes/23035.json,ac540b7423824513b60c72ae02e7c2e0
hkrpg/equipment/attributes/23036.json,85ff71a314b0634f92ab9c091876c61c
hkrpg/equipment/attributes/23037.json,339135b8bf558e3646cfe0c2fa425cbc
hkrpg/equipment/attributes/23038.json,c9464ce829f59871e73b867aba77fad1
hkrpg/equipment/attributes/23039.json,d32d9a2634bd08861778fafe25e2f4d9
hkrpg/equipment/attributes/23040.json,1bce18436b4a9c4c94523fb5a3ee7948
hkrpg/equipment/attributes/23041.json,c27d70d4694bebfb67e4d28d357c1030
hkrpg/equipment/attributes/23042.json,8f115a8698f886ca25ce206c95cfc6ac
hkrpg/equipment/attributes/23043.json,2bdce3118912dc422a796069f2245aee
hkrpg/equipment/attributes/23044.json,fd53562afe3bf557f005551a6358a4cb
hkrpg/equipment/attributes/23045.json,72f562b4514099fdc256f63957350c85
hkrpg/equipment/attributes/23046.json,6ab310d38ff1a61bca89f1dca32da854
hkrpg/equipment/attributes/23047.json,9c940776762ce98eba656c7aef38acfc
hkrpg/equipment/attributes/23048.json,95f73cdebb3b971412eb7f26c21df77b
hkrpg/equipment/attributes/23049.json,55b46976262ba444b3cc32101d0422b0
hkrpg/equipment/attributes/23050.json,bc4f42fc1558ea32a4fe4cb3a449a806
hkrpg/equipment/attributes/23051.json,785282372396e4cca47a2099b05b73f1
hkrpg/equipment/attributes/23052.json,4bc54a6b29e9ca379e12edfadcfd3174
hkrpg/equipment/attributes/23053.json,a693de0e8e270aa8077be6e045fe0c87
hkrpg/equipment/attributes/23054.json,6674a7b905811cba4476efb70f1f4d08
hkrpg/equipment/attributes/23056.json,6cb16023fd2db13fb15dcb6a7f6f9019
hkrpg/equipment/attributes/23057.json,bc8410da60b227446363055c24e20684
hkrpg/equipment/attributes/23058.json,a31c6fec265fac7782e7377e3cc484b9
hkrpg/equipment/attributes/24000.json,067e09ca691ebc2f991cdd396d8a4605
hkrpg/equipment/attributes/24001.json,c1039a2d6076ae6766ae489acd3b3556
hkrpg/equipment/attributes/24002.json,08586663dbdd2fd2e1f69f39ee9b51b7
hkrpg/equipment/attributes/24003.json,78f7923c66a779b0ef64d225fc800ddf
hkrpg/equipment/attributes/24004.json,e9e6c1c30b7cc37e635951ac5162f593
hkrpg/equipment/attributes/24005.json,ec594d0d1e8c876fc79a627d0cf8740a
hkrpg/equipment/attributes/24006.json,9e5a8931af876cc634d02738c8cc9c70
hkrpg/relic/attributes/31011.json,f6d98dc65a32887a6ec1e3c0204ab0a1
hkrpg/relic/attributes/31012.json,90b456cc291950fc1718b7a8622d03b3
hkrpg/relic/attributes/31013.json,73b14c9abd36617f197507dd0aa13f8b
hkrpg/relic/attributes/31014.json,93cfd65312197165fef0837736764f6f
hkrpg/relic/attributes/31021.json,b7e9d082e108e85c1bf06a4a87d2e9bc
hkrpg/relic/attributes/31022.json,b35f3b84567d17224f5918dbda697400
hkrpg/relic/attributes/31023.json,6eaabed12c41b1ad25549e142288c02d
hkrpg/relic/attributes/31024.json,6bb8f0f0c8d618014cd041bf584e86fc
hkrpg/relic/attributes/31031.json,c1aed5225eda622d9a9167cb2392d5cc
hkrpg/relic/attributes/31032.json,c91d09e49c1af767e530412ae9f46770
hkrpg/relic/attributes/31033.json,484ea742517050793adea85b69166114
hkrpg/relic/attributes/31034.json,8a7a8f6656665d810b10eae6098a8377
hkrpg/relic/attributes/31041.json,36c0e07737a827c10d6168981e0482ee
hkrpg/relic/attributes/31042.json,ed1d32858769b7d04da1b53523d916d8
hkrpg/relic/attributes/31043.json,506857b34be914ecd273cd9c91d5b31f
hkrpg/relic/attributes/31044.json,1528dc086de53b5ebf6d148d781fd017
hkrpg/relic/attributes/31051.json,5aa3f317be232657a0327949633c020c
hkrpg/relic/attributes/31052.json,1e96d4e6fd650878cdb110ff68c864c3
hkrpg/relic/attributes/31053.json,cbb12d4c50436c01b3902edafbf1d4bd
hkrpg/relic/attributes/31054.json,f5ab26edaf7da8412745e7a0a571773f
hkrpg/relic/attributes/31061.json,e5e665b91abe412c3ec69e87cfd8d49b
hkrpg/relic/attributes/31062.json,46a192ac549358a42cc32f33b76d29eb
hkrpg/relic/attributes/31063.json,fbaedf9e1fe49f2a4d776d05ad84bbf8
hkrpg/relic/attributes/31064.json,9691c831d5de42c6142dc3f67aba9f01
hkrpg/relic/attributes/31071.json,216117521d422169a7663a723797d342
hkrpg/relic/attributes/31072.json,0266eba77e6571ffb0228b06dea9081b
hkrpg/relic/attributes/31073.json,f0a3ff59eb0ce8741754c2f4f54f4731
hkrpg/relic/attributes/31074.json,ba923fd0de6e695073b848fbff3d5cab
hkrpg/relic/attributes/31081.json,a488301a0c5191cd5ce1bd47d043db12
hkrpg/relic/attributes/31082.json,6c41c611195599b7f4fdceb1c7260df1
hkrpg/relic/attributes/31083.json,c75b010b20ee5a20d7dcefbf5af4bcd3
hkrpg/relic/attributes/31084.json,a01d33255d7001b32cb505cda3f19284
hkrpg/relic/attributes/31091.json,b971feffc97d0b262f7affbaf69fe753
hkrpg/relic/attributes/31092.json,0c5547324c0f9706fef947f754ae4ef2
hkrpg/relic/attributes/31093.json,f9859c417c13075c6008a3674167d7a0
hkrpg/relic/attributes/31094.json,82d8510b5716651af5037f93b6f32efa
hkrpg/relic/attributes/31101.json,be1f8cabb2a7d19d805aa4d75d8730b0
hkrpg/relic/attributes/31102.json,c3079287ab68aa904e29952287ac8c5c
hkrpg/relic/attributes/31103.json,650deac7fb89d3748d8b0655993e0f38
hkrpg/relic/attributes/31104.json,b5f1cc258a87af44b684002657d9570c
hkrpg/relic/attributes/31111.json,1aba3082a67f07acdbb2789bf05b0667
hkrpg/relic/attributes/31112.json,ca47d9bad50183d1f9404f0202a3c0c2
hkrpg/relic/attributes/31113.json,63dceb9a4f26a4b7932b19eb7044b79a
hkrpg/relic/attributes/31114.json,46f7549c63dd72d98946a9f58deb10bd
hkrpg/relic/attributes/31121.json,1cd1cc97a574bb86bb8ee52de8190631
hkrpg/relic/attributes/31122.json,c3b6eb95b27acce1fd332e377f934f33
hkrpg/relic/attributes/31123.json,5c6d02c4b07db0971c1ea4b8ed506304
hkrpg/relic/attributes/31124.json,a600ad4c385957c4eca8de623daaf43a
hkrpg/relic/attributes/31131.json,45be6544a56ecd72080f67d9dabad415
hkrpg/relic/attributes/31132.json,a44ae6b24c2b72552908fad2dc25eb6d
hkrpg/relic/attributes/31133.json,2ece4a363ad0a4eec015d0c25c9cbe52
hkrpg/relic/attributes/31134.json,ce003f9451a14fef8184a4bbfd681d06
hkrpg/relic/attributes/31141.json,e9eaf32bfb6237e44f61427b946629bc
hkrpg/relic/attributes/31142.json,06210f9b0b3dc90b777e42ded6fefa6c
hkrpg/relic/attributes/31143.json,2b0bf54b8777c321b9037b48bcd226bf
hkrpg/relic/attributes/31144.json,71a8dd0f28e9510cb9399346a2709b02
hkrpg/relic/attributes/31151.json,732a70aae5eb76f234adb973406e8d4c
hkrpg/relic/attributes/31152.json,b8e0fd599c8f06212dd991d80113e947
hkrpg/relic/attributes/31153.json,66e58b22d44639f1435eb47f6c8fb9ee
hkrpg/relic/attributes/31154.json,c6897b8899655bd317444804742579c8
hkrpg/relic/attributes/31161.json,a5348af723399e3d5f98e08f672add77
hkrpg/relic/attributes/31162.json,644c087a3703f833cfa9f6bcb6876b0a
hkrpg/relic/attributes/31163.json,442fbd9b37344cc9a251e880e939f6e6
hkrpg/relic/attributes/31164.json,d2bf5476f3bca30dc8c7dc2265d40695
hkrpg/relic/attributes/31171.json,712c33fcc117be14913aed8e4086c247
hkrpg/relic/attributes/31172.json,2bedb9dee2e3856f40bd27fc8a71f7a0
hkrpg/relic/attributes/31173.json,7c3ce73ce46baad086116bf3063abb88
hkrpg/relic/attributes/31174.json,6af9b6f3474e72406715230e90284339
hkrpg/relic/attributes/31181.json,f59a647f3f8ebfd512bd7f909d7b08ef
hkrpg/relic/attributes/31182.json,269f3af2762c70a16871b53bfda5e699
hkrpg/relic/attributes/31183.json,e050dae70ffd6e31160cee3ce41b31af
hkrpg/relic/attributes/31184.json,f46ecca44452cc94ba6c14301be0b4de
hkrpg/relic/attributes/31191.json,2b57cff6d15f9f0665efa58cb7fa3799
hkrpg/relic/attributes/31192.json,6cd5ed2c4e2de4add44dbf5b0da6bc1d
hkrpg/relic/attributes/31193.json,99d76664538c2737392c9c39faea37d5
hkrpg/relic/attributes/31194.json,ea1cb69dab9647d91d6afdb93039a496
hkrpg/relic/attributes/31201.json,5855a025e62ddb8746fb291c06ae5f74
hkrpg/relic/attributes/31202.json,e4afc60416a502bbd5125c57e2c4b697
hkrpg/relic/attributes/31203.json,410e3025c00c1bb7fee7be9a8f7f450e
hkrpg/relic/attributes/31204.json,273a46507b01397ae577321eeece52c9
hkrpg/relic/attributes/31211.json,88e2f890d7f7ab3ace055a847c29ab4f
hkrpg/relic/attributes/31212.json,cba0fb6e5d280bcf4895ab8f7b38b380
hkrpg/relic/attributes/31213.json,6c265971cda433d94443d44c190b042c
hkrpg/relic/attributes/31214.json,fbe74cbda1c24482cb60bda5a5ffc483
hkrpg/relic/attributes/31221.json,b2a9068edb492c75e6f0a7aa9ee04c85
hkrpg/relic/attributes/31222.json,9b2746528e445c38b00daa389eb0e436
hkrpg/relic/attributes/31223.json,9fdf596163e33a00fe079d92dea9ef08
hkrpg/relic/attributes/31224.json,0f2329c04166aff7b8357a9fceb3c5ab
hkrpg/relic/attributes/31231.json,644f324a34e719201dc8000966649103
hkrpg/relic/attributes/31232.json,6cbc20dbec6111de257fb66cf17faaa0
hkrpg/relic/attributes/31233.json,89b1f0b58b0a99f875e2bd406c743c01
hkrpg/relic/attributes/31234.json,200f3b78fff2bfedab2890326702ea00
hkrpg/relic/attributes/31241.json,f40a33441af1d3d868231ec8a7384e3b
hkrpg/relic/attributes/31242.json,57ba8976c7732196c009a9d9f750ca12
hkrpg/relic/attributes/31243.json,ba4ae8bb7db259980d4bbe2c1e042b3a
hkrpg/relic/attributes/31244.json,b85f422443bdeeb26933f687d211f85b
hkrpg/relic/attributes/31251.json,7f35cca41003c29e3ecc0cceb9f6503e
hkrpg/relic/attributes/31252.json,7003f5a404a3c7df0d1e853dcfc83a85
hkrpg/relic/attributes/31253.json,0b8c9a551817c0116247abf88697c45e
hkrpg/relic/attributes/31254.json,034c832c6e74635c60206ef83cc71f6d
hkrpg/relic/attributes/31261.json,ec25c964b559ff14e28220758de7ec93
hkrpg/relic/attributes/31262.json,66ae82b70fd2ba2d8bf6084750a21387
hkrpg/relic/attributes/31263.json,c8ae42f7cc8c47ec8b6beb51ea624e16
hkrpg/relic/attributes/31264.json,64879d73f8ac7737adc2e333ea873aea
hkrpg/relic/attributes/31271.json,cdd594b890624b49b491f501ba8d2aef
hkrpg/relic/attributes/31272.json,c07c5890df86876fc4cfe9c449183f12
hkrpg/relic/attributes/31273.json,a47f9dd40845af61e3928d696965f391
hkrpg/relic/attributes/31274.json,6494132211cfbd2b8584b0c4e8f535c5
hkrpg/relic/attributes/31281.json,3ccda821bcccabe18debe5c664b0fad2
hkrpg/relic/attributes/31282.json,30ef0ff99f4faadd7d9b893f0fd72e4c
hkrpg/relic/attributes/31283.json,d74fa07f333e508ebc5601f373e9e9e6
hkrpg/relic/attributes/31284.json,04cb3989cacb85f4e16fda15937999b3
hkrpg/relic/attributes/31291.json,65eaa93f30c4f58afea3a6f24c561c90
hkrpg/relic/attributes/31292.json,8d19b867886942b55e7191466c806f04
hkrpg/relic/attributes/31293.json,f24027856d2d50d9462729cfe9bc33dd
hkrpg/relic/attributes/31294.json,326070bed24e141a06de5eaf2cc298a4
hkrpg/relic/attributes/31301.json,1fbe5f470369591f8092b8a7cbba5597
hkrpg/relic/attributes/31302.json,2973c9c2d3f8ab5a4e0bd27512f84f2a
hkrpg/relic/attributes/31303.json,7550ea646d99f5f6f5a225697f8c54db
hkrpg/relic/attributes/31304.json,73790903a6e0737e290c510f80de4b83
hkrpg/relic/attributes/33015.json,08c6bdf10d3c16cd51100e4aee665125
hkrpg/relic/attributes/33016.json,459b94c4e338cb46793fd15b541b5109
hkrpg/relic/attributes/33025.json,c77f13fb8fdb3424f5d345cc55cd19a8
hkrpg/relic/attributes/33026.json,654426270e39b7eb6b3d3cf8056e3d08
hkrpg/relic/attributes/33035.json,f081d3d5ea636dced553639d9e4d894e
hkrpg/relic/attributes/33036.json,50957d66fb546101e4931f7575f96b64
hkrpg/relic/attributes/33045.json,cbf2b05fe135d9ed5b6ecdc47724fbaf
hkrpg/relic/attributes/33046.json,e2d16fb42c9cde50af918335f88ed806
hkrpg/relic/attributes/33055.json,f255a3dd4241b3722e220de1c520f713
hkrpg/relic/attributes/33056.json,c82534265c148e9f11068df38add75f7
hkrpg/relic/attributes/33065.json,7fbe987baf5d576ab5e84939aac54171
hkrpg/relic/attributes/33066.json,fe130b236b23d8ddb43b05474db906cd
hkrpg/relic/attributes/33075.json,818c8c8973aed8f484fa53a83066a0f2
hkrpg/relic/attributes/33076.json,1466bb50364628ad20232ec5fd706699
hkrpg/relic/attributes/33085.json,6d032f0708096ec383490143e4a5c125
hkrpg/relic/attributes/33086.json,f5f9160e10720b7651bc36ac399212f6
hkrpg/relic/attributes/33095.json,5e9c7f7d01175a83fb6b4f888da3437e
hkrpg/relic/attributes/33096.json,9b9deaa661a0af71dd4646c8c318d737
hkrpg/relic/attributes/33105.json,97125d3a51ece5a7c964b24ba615fdbf
hkrpg/relic/attributes/33106.json,8a4e93d33663c4015807418859df951e
hkrpg/relic/attributes/33115.json,ebbea4cef3f1847b7196606ab2ab2b7b
hkrpg/relic/attributes/33116.json,e1ecbc154ac6e0b0ad03a637ce12a735
hkrpg/relic/attributes/33125.json,44a68de408104ca0a7edf84a9cbb3123
hkrpg/relic/attributes/33126.json,b5fe01838e8b435fd3e59198d87a768a
hkrpg/relic/attributes/33135.json,2d0dde2882eb78c44e36d0f63c976f7c
hkrpg/relic/attributes/33136.json,5fa9b0ce5fd3525605b687eec6b022b1
hkrpg/relic/attributes/33145.json,8ef653c8375c62c3131ca2a83d52d22b
hkrpg/relic/attributes/33146.json,03af7697881cbff3f5d5683f9bc2b2e4
hkrpg/relic/attributes/33155.json,265664ce74cb4f4c1eff05370cfc6e6e
hkrpg/relic/attributes/33156.json,0aa0038178a9f8862966b536a8ab3d93
hkrpg/relic/attributes/33165.json,443984317815a713f805d7706e3f8175
hkrpg/relic/attributes/33166.json,d2fb92f505ea1c821001383d12fd6612
hkrpg/relic/attributes/33175.json,767728e5ae0d99a93188834ef14df186
hkrpg/relic/attributes/33176.json,5906b578fd4feee8b78a1c132fef4995
hkrpg/relic/attributes/33185.json,4e36cfc4865177dadb74c2a449ed5c12
hkrpg/relic/attributes/33186.json,7b182207b6a005f150f5ddd605eed0af
hkrpg/relic/attributes/33195.json,7fec2119ae85c49cddeedcf6cd6f61d9
hkrpg/relic/attributes/33196.json,7d8f3f01f3c42d08740b41b7663ad339
hkrpg/relic/attributes/33205.json,b912b23b7c1af07c1d0291bfcf54c989
hkrpg/relic/attributes/33206.json,90944829f1986ace6970b6c5bd92fda3
hkrpg/relic/attributes/33215.json,0d0f14b6a165e52a2aaa3c55b59f141c
hkrpg/relic/attributes/33216.json,ce2b6d3fa3e361087c1296fb6b3520de
hkrpg/relic/attributes/33225.json,b7bfcde03258ab6a84f0bb821b729943
hkrpg/relic/attributes/33226.json,5b2f62ef557d05bf6f1701e0a619743a
hkrpg/relic/attributes/33235.json,bf1775746167a03094d248a5d8f8afaa
hkrpg/relic/attributes/33236.json,416bf7278c4d828dd81dc1d5f558f146
hkrpg/relic/attributes/33245.json,c95d56b555efd751e964df34fcde8171
hkrpg/relic/attributes/33246.json,e7c6e7897d1fd35f1d19d7b10e29278c
hkrpg/relic/attributes/33255.json,d0e18a54bc414831f5120a455983b71b
hkrpg/relic/attributes/33256.json,39edc2ceebe9bd98bece5937e28b660f
hkrpg/relic/attributes/33265.json,cd3e6a4796b72afe44d32a308e33ad7b
hkrpg/relic/attributes/33266.json,fa11532fd9a08b915f69b12318a9b58a
hkrpg/relic/attributes/41011.json,14669b8575eb7077a79c5d3b3110fa9f
hkrpg/relic/attributes/41012.json,f6b291d29a8205cdf428538738f68b74
hkrpg/relic/attributes/41013.json,1e185639eaeda1035e9702a0a03816f8
hkrpg/relic/attributes/41014.json,9ff88d2a6d0803894b3d579e576a7ca6
hkrpg/relic/attributes/41021.json,8de21410c977bf249019a29b51abce46
hkrpg/relic/attributes/41022.json,a6fe30fd65bf81f2fa7f9c0c960e5d77
hkrpg/relic/attributes/41023.json,060a99c10a8a43402c833937610b3935
hkrpg/relic/attributes/41024.json,52f50688d513f6861cbfaac189e29ddb
hkrpg/relic/attributes/41031.json,8533edb46a85e4926bcedc5de18629dc
hkrpg/relic/attributes/41032.json,2eb2f87e97c14a61b168c79215890017
hkrpg/relic/attributes/41033.json,405746d86732f2cefd79fc666c22c33d
hkrpg/relic/attributes/41034.json,978bd289513c7f753c90ec51d43da8ff
hkrpg/relic/attributes/41041.json,a4f688a7ec87cd2acb534bc1367925b6
hkrpg/relic/attributes/41042.json,ff2e0168cd5fcaf3570576434a854237
hkrpg/relic/attributes/41043.json,24de1adc2b4d781303e6cf540079815e
hkrpg/relic/attributes/41044.json,fcc818f8652eb4069b906646cb7eba49
hkrpg/relic/attributes/41051.json,f9d80d9ad5ca729fb8b28c177569adf0
hkrpg/relic/attributes/41052.json,860612c2b9b5770f9a060814cee67be8
hkrpg/relic/attributes/41053.json,d7b38b6b6bea65d17f136d7befa52b6b
hkrpg/relic/attributes/41054.json,235ab76f52feda5a975d8fe265b38331
hkrpg/relic/attributes/41061.json,2ec57a1c05574da85fa7ab85a02b81cb
hkrpg/relic/attributes/41062.json,bad966c246d52d812fb99cf6a5803327
hkrpg/relic/attributes/41063.json,15a6d3863932526b4e29e870bee74a37
hkrpg/relic/attributes/41064.json,e8a3cbf6faab3ad7011dbbf3b35caa92
hkrpg/relic/attributes/41071.json,6a011e314a2306f1310d9188c4d32161
hkrpg/relic/attributes/41072.json,393da30409b7bea145d652b579e2c005
hkrpg/relic/attributes/41073.json,6d9e6637a95db82360d745d55265d4b3
hkrpg/relic/attributes/41074.json,52f35566a04916f1c4c0b42762df98c7
hkrpg/relic/attributes/41081.json,cca6132069db3abebe11788eb918e7f2
hkrpg/relic/attributes/41082.json,e01a9ee6c77c3691089abe6cbbf5c071
hkrpg/relic/attributes/41083.json,9656a811a703b2db23d498b031fc315a
hkrpg/relic/attributes/41084.json,671877f23917e1e4e032a7bbe1fa4e15
hkrpg/relic/attributes/41091.json,9139e4973e5b9d09eddd1167766fd9b4
hkrpg/relic/attributes/41092.json,1430c243101beca202404de2fe2227f9
hkrpg/relic/attributes/41093.json,9e6e78375bd111568b75e1a85e5d6b70
hkrpg/relic/attributes/41094.json,1db68093e3b816a0cd3ed17a94213fad
hkrpg/relic/attributes/41101.json,90645010c52c6db7385716c53f155ccf
hkrpg/relic/attributes/41102.json,785f60a583cf7c1e7324e39e6bca9148
hkrpg/relic/attributes/41103.json,6ca1876955647ad1e36ab4fdfbcd5433
hkrpg/relic/attributes/41104.json,13eae3927e461558082bf8e3ac2a958a
hkrpg/relic/attributes/41111.json,bd5bf78cb2dfdf38ea8d95730d5c2632
hkrpg/relic/attributes/41112.json,0a769544a3b71bf5102c76b3e6dd7eab
hkrpg/relic/attributes/41113.json,0a6987886ab1398b9f504b7df36dbfdf
hkrpg/relic/attributes/41114.json,f2bb0f4f2fcaaf6c97aa513e3c8af11f
hkrpg/relic/attributes/41121.json,3a39fc4e3dfc3201b5c3dfe0f2a57221
hkrpg/relic/attributes/41122.json,eb1cc39e11d80558c36facb329faeb21
hkrpg/relic/attributes/41123.json,c82bc90ef817778d874ee80d13d5d0e8
hkrpg/relic/attributes/41124.json,5d1d225d0b7b1eec5936c81651c61175
hkrpg/relic/attributes/41131.json,9a0095c15dd90df39e1aa3abd717fcc7
hkrpg/relic/attributes/41132.json,45b471cdd5ad96d0e2ff390863db6e6a
hkrpg/relic/attributes/41133.json,33ae5851448059ef16153145bf829ef6
hkrpg/relic/attributes/41134.json,d7859928fff49ef4937ffbde1cad5dec
hkrpg/relic/attributes/41141.json,530d9e0979f26696d7b4d19f8b4ec04b
hkrpg/relic/attributes/41142.json,04636e808463eeb5993da44001db869a
hkrpg/relic/attributes/41143.json,e7886db679de9d26d5294777f54fb821
hkrpg/relic/attributes/41144.json,a1a77d5a8c7aa3b6d531a3100d32b117
hkrpg/relic/attributes/41151.json,ec5ed529220c42eb5439a01ac6cf8e9f
hkrpg/relic/attributes/41152.json,da04c9ef63138519581143a8c7d13d8a
hkrpg/relic/attributes/41153.json,47cf0f292167ff2300d8e28c5c8582ac
hkrpg/relic/attributes/41154.json,fad4b4f0b09ec485bf7b6654f8ee8cc5
hkrpg/relic/attributes/41161.json,b8d50fa394c475bf79de5a11ea37d603
hkrpg/relic/attributes/41162.json,b504f0985745caeb8fea53ab30c6656b
hkrpg/relic/attributes/41163.json,767e05cabef4db332fcecfe4a1565fe2
hkrpg/relic/attributes/41164.json,42d5791d6c40e7f076fba7fe7b0e03ad
hkrpg/relic/attributes/41171.json,7bc115709410a1403724b78945393bc6
hkrpg/relic/attributes/41172.json,c4d76e1f6f9bc12b4f3c4816a3b3f53a
hkrpg/relic/attributes/41173.json,c57e543832fde93426524f91340cc385
hkrpg/relic/attributes/41174.json,802377a552f3e7f51545016d379ac69f
hkrpg/relic/attributes/41181.json,14f54d01b2f2e127ee5a83cc1470900e
hkrpg/relic/attributes/41182.json,7045f9a1da571c1da843113fc6234186
hkrpg/relic/attributes/41183.json,1f66b69e1bbe4a04637b3eb04deab423
hkrpg/relic/attributes/41184.json,e2fb8a6c0a9e0e03008ba5f5f79f34c1
hkrpg/relic/attributes/41191.json,301011e84b1a0454ce7809f34073e7c7
hkrpg/relic/attributes/41192.json,0a14338d28e5eaab6c3a34efd058382c
hkrpg/relic/attributes/41193.json,2350992c561cc52f7d11d758629fffe3
hkrpg/relic/attributes/41194.json,c2dd96b2563e85924f9e706c4a9a6933
hkrpg/relic/attributes/41201.json,dcd1f558abd6a6e0261d8b2c651c51dd
hkrpg/relic/attributes/41202.json,e052fee8bf55ba767ab3ac17b8f349ed
hkrpg/relic/attributes/41203.json,28da25161c1f9c68a0bb15221d82d2c5
hkrpg/relic/attributes/41204.json,7da9b0fb6e1bbb0906860b92111a9319
hkrpg/relic/attributes/41211.json,736f15806d9a276023755450e8eecc4c
hkrpg/relic/attributes/41212.json,90bdf0655db902cd3a85476a8a48fbfc
hkrpg/relic/attributes/41213.json,603462cc4aedbe5a9e88606a4bd63140
hkrpg/relic/attributes/41214.json,2ff57305173aa90d1e6d22d86c605db6
hkrpg/relic/attributes/41221.json,9da56001492f1c7c64d6902af288bca6
hkrpg/relic/attributes/41222.json,66240065c6f895eed9783afd98d35983
hkrpg/relic/attributes/41223.json,3d10a7de34bce7d780e56be85610cb93
hkrpg/relic/attributes/41224.json,1a7486925f6ab97fe25373d412c630cb
hkrpg/relic/attributes/41231.json,8fe5823ad6cc224df059f1826826591f
hkrpg/relic/attributes/41232.json,9b1784b08a7951c868409baccc4690d9
hkrpg/relic/attributes/41233.json,24c57c2b721e1b55d943827ee8e6b070
hkrpg/relic/attributes/41234.json,5194948e581c8b6679ca6705bebdec17
hkrpg/relic/attributes/41241.json,c92727c41ef56be1531d25942642966f
hkrpg/relic/attributes/41242.json,bf70cdf7dc6bb8d06d5782a07d34f4de
hkrpg/relic/attributes/41243.json,43078398ddc205a8faa17d9b06d5c544
hkrpg/relic/attributes/41244.json,571c31a3a095a9af5d9e4ab7f3ebc6ee
hkrpg/relic/attributes/41251.json,5a22158c42319c6ec7457d956a7f2b4c
hkrpg/relic/attributes/41252.json,e7e7c79116198865383592966584cbd7
hkrpg/relic/attributes/41253.json,54d0dc011774ad42034d55e38eddc67f
hkrpg/relic/attributes/41254.json,70eca905677d17989d71b2b4b14ca3d0
hkrpg/relic/attributes/41261.json,c2ee71c47568bd7a794bb84ec01818ec
hkrpg/relic/attributes/41262.json,ce7df63ee8b435beadf55e0d1dd78fff
hkrpg/relic/attributes/41263.json,6c45b9cb754ae1f7e43eaea726bf2d5f
hkrpg/relic/attributes/41264.json,98287433ae09c945936697557956f8bd
hkrpg/relic/attributes/41271.json,aa52d571d2310f0dc6bb0c749252f412
hkrpg/relic/attributes/41272.json,86017033b7535102ccb76d94048cd9aa
hkrpg/relic/attributes/41273.json,37552bee1d2ce0bd06ad1e18358a15cf
hkrpg/relic/attributes/41274.json,bb12fad8cbe072678588e3ef84d441d7
hkrpg/relic/attributes/41281.json,c65ec3e7a452b489141a7e0020074a3c
hkrpg/relic/attributes/41282.json,8475f513293e825e751c2896c855fb5d
hkrpg/relic/attributes/41283.json,bfa3a26220a61cd2b602641b4437f486
hkrpg/relic/attributes/41284.json,db2683f90d55ac0aa2635942738d21fd
hkrpg/relic/attributes/41291.json,58c4faced590085cb0468815c8177300
hkrpg/relic/attributes/41292.json,15af85c40c7ec114f43e54a327577491
hkrpg/relic/attributes/41293.json,ebdaaa9df51aab7de8635962270a1120
hkrpg/relic/attributes/41294.json,04cade3dea2e430b8655c8319fb11d14
hkrpg/relic/attributes/41301.json,175ffcc84026d56e7fe43d7f06406107
hkrpg/relic/attributes/41302.json,e0a2451e99b00fe571a74ddf1f4e7b05
hkrpg/relic/attributes/41303.json,ccb1890af6da70c0d318cbf0531c638f
hkrpg/relic/attributes/41304.json,8a97d67c8811dcc7dae622490ce4861c
hkrpg/relic/attributes/43015.json,74aee8f90485046243e6d6d9fb2a277f
hkrpg/relic/attributes/43016.json,9e64ec975085ff87af04616834deb7b8
hkrpg/relic/attributes/43025.json,a01e5b7f8e3973947c3416029938221e
hkrpg/relic/attributes/43026.json,5fbb54e5532cbeeb18183014de03b040
hkrpg/relic/attributes/43035.json,6b8aad9db541192ffd12da962b6686ce
hkrpg/relic/attributes/43036.json,95e1687e8c0c3a5c48b73c074988d261
hkrpg/relic/attributes/43045.json,9b01397b6059c841079cc97d1a08e74d
hkrpg/relic/attributes/43046.json,3e9a160a13a4a85a554bd69a24eeaefe
hkrpg/relic/attributes/43055.json,fdd23bd667d2238a8ccc91bd1ac761ac
hkrpg/relic/attributes/43056.json,e341cd550abb6b121a4dd75e16090fd2
hkrpg/relic/attributes/43065.json,829e704b3333c9947119239ab4896543
hkrpg/relic/attributes/43066.json,5791c7ba738f94439fd731677ca80452
hkrpg/relic/attributes/43075.json,10940edaf806b5647e209ce898a92b08
hkrpg/relic/attributes/43076.json,c5b8d32ebf9271fef529139920471e6e
hkrpg/relic/attributes/43085.json,cbc14c2f259c99a9fff6eba2b4564236
hkrpg/relic/attributes/43086.json,ec4a05b0af3f3352f370bdb2c816b41b
hkrpg/relic/attributes/43095.json,0ab59f4bfaecb729cf0cc119247de143
hkrpg/relic/attributes/43096.json,39d392b692d44b2d90d408bdcd675881
hkrpg/relic/attributes/43105.json,3b832beb8cf73d9a948a4e014b49b301
hkrpg/relic/attributes/43106.json,dd54d086b61bc69829e0fe50f02b103b
hkrpg/relic/attributes/43115.json,50680a77e05a8285d140c58bfa7a74db
hkrpg/relic/attributes/43116.json,00150d7facbe8129823265eebba2e456
hkrpg/relic/attributes/43125.json,0b0400a7a273a106e3856a6570d73c6f
hkrpg/relic/attributes/43126.json,063136e873d4e1e6136677542b36ea1f
hkrpg/relic/attributes/43135.json,b2a664cce0b52ee8088a9afcd87f003c
hkrpg/relic/attributes/43136.json,be0f37dcafaac771c28a57aad2cee33c
hkrpg/relic/attributes/43145.json,e1afb7426bb557d4356017f230647db7
hkrpg/relic/attributes/43146.json,189e143c119f536b7e17fdf2a76c0524
hkrpg/relic/attributes/43155.json,7278ccb21b65115c551622341f2cc194
hkrpg/relic/attributes/43156.json,c2446079b88ca1cadb6375472c9f5016
hkrpg/relic/attributes/43165.json,2a92883402fa99f7f326ad82a01a10f0
hkrpg/relic/attributes/43166.json,53b3c5d65d510974e20a02ae7f3799e6
hkrpg/relic/attributes/43175.json,c5ff6818e7782d7df4902da45b56f4de
hkrpg/relic/attributes/43176.json,186c4a06e18f38f6fad802c3b5384680
hkrpg/relic/attributes/43185.json,250112b0433d9697b32556a8554c5a52
hkrpg/relic/attributes/43186.json,7db09c810b3fd5af5e2245015021019b
hkrpg/relic/attributes/43195.json,354c9a49c06fde2e60db2d8077e185a4
hkrpg/relic/attributes/43196.json,b2541de43238d513662ee53e8cd961b2
hkrpg/relic/attributes/43205.json,a9d59e293bd53ebc1b5be2fba0eaa67e
hkrpg/relic/attributes/43206.json,5b98f157eac60e1ab80268cc5079cbd8
hkrpg/relic/attributes/43215.json,89c47ff3349b6608e483fb49e9cc1d3d
hkrpg/relic/attributes/43216.json,49b282b6741992d639bdde0b1a2ee01c
hkrpg/relic/attributes/43225.json,0a1378a760edcbb80ccdd01a0895dae8
hkrpg/relic/attributes/43226.json,691b695a784c8da5ddc0c0f128c772f5
hkrpg/relic/attributes/43235.json,3e906a9fc2822a4d8a1017dbd64f11b4
hkrpg/relic/attributes/43236.json,c94aaba6890e6f6f42076b74d863f658
hkrpg/relic/attributes/43245.json,5b48ac997868df15232467dbc69f3f27
hkrpg/relic/attributes/43246.json,bb67798976761771ada0fc83616ba993
hkrpg/relic/attributes/43255.json,edacd675cfdae947284949f5e78168f7
hkrpg/relic/attributes/43256.json,2a71afca7ba8169149dfbc090c357248
hkrpg/relic/attributes/43265.json,7c5a173c934a3e17ebd861912f40aa7e
hkrpg/relic/attributes/43266.json,cb41d18558385ca3be0c33c77f178760
hkrpg/relic/attributes/51011.json,5e1070f6645aa36059939e77af35381d
hkrpg/relic/attributes/51012.json,ad4b64724cb13dd7a14fa9e90ce2ff5d
hkrpg/relic/attributes/51013.json,0e5e067c64a96da0b033558d1dfe984b
hkrpg/relic/attributes/51014.json,da6843d72189b811aef891689159bf3f
hkrpg/relic/attributes/51021.json,be89e33f05fb8221863e4817e712ea7b
hkrpg/relic/attributes/51022.json,ab4239260905248025cc2be508d58ca9
hkrpg/relic/attributes/51023.json,ad3d2ed07c7ccb7690e9562ea521f98a
hkrpg/relic/attributes/51024.json,640cfa6b128a8db07a618a257b1be847
hkrpg/relic/attributes/51031.json,3c32e5e770f0a25193ff734728e70f40
hkrpg/relic/attributes/51032.json,305d33807d144143dea7ed311cc12ca6
hkrpg/relic/attributes/51033.json,bd32381a9dd7240cd8c0de5cac363f90
hkrpg/relic/attributes/51034.json,2de8427fa957706f66f31d3de58885aa
hkrpg/relic/attributes/51041.json,145f3d1f1a5759daf8ff631e0288dcc2
hkrpg/relic/attributes/51042.json,59673f96c76e7dbfef2dd897bacbad06
hkrpg/relic/attributes/51043.json,7808e354e881fb877202a49dba952ed8
hkrpg/relic/attributes/51044.json,0ae2f49750d4e87a7fd271fa6d72df21
hkrpg/relic/attributes/51051.json,0dd3bb34e972aa833eac39a1740916d3
hkrpg/relic/attributes/51052.json,5122e317821b7507cb9c3eb61bfea198
hkrpg/relic/attributes/51053.json,9907b8f87261ea585e2a0a708098ec71
hkrpg/relic/attributes/51054.json,29199f0730aeaa9aa0ab00c4866c7684
hkrpg/relic/attributes/51061.json,a82bbe57aedb0f4af900376375dfe80a
hkrpg/relic/attributes/51062.json,082d6ba930d321df79380f8520671255
hkrpg/relic/attributes/51063.json,99106569f42a4e46f2a7fdb7953e3f6c
hkrpg/relic/attributes/51064.json,5fd9116ca1c3f87baaefc8b0f67cb10f
hkrpg/relic/attributes/51071.json,bdda2ac9f66d42f78141973d08ff2956
hkrpg/relic/attributes/51072.json,61a4afcad4cf0319150ab4477172c30b
hkrpg/relic/attributes/51073.json,f162cb41fd6cc40cf58b0fa7ec197362
hkrpg/relic/attributes/51074.json,fd6af8a6758570dde60a204a95209e47
hkrpg/relic/attributes/51081.json,999d535268ebd864dbb263ad797ff7f9
hkrpg/relic/attributes/51082.json,3fa74234b932a9ad7bd313213da470a0
hkrpg/relic/attributes/51083.json,3552c5e3f9b67d0d50edea9d890a5a9e
hkrpg/relic/attributes/51084.json,68c74c0fa48035fd8e4c2dea203e52a0
hkrpg/relic/attributes/51091.json,a738c7f7be1fec0b692fd18cf0be9235
hkrpg/relic/attributes/51092.json,440baf38a29c0b65c5539b81001f21aa
hkrpg/relic/attributes/51093.json,c41f637cba314e85e2351eb39d808abd
hkrpg/relic/attributes/51094.json,6362ef73bf02bf6e6acf7a43d7fb86c2
hkrpg/relic/attributes/51101.json,3bf5422746c54e6673a689dd79a40662
hkrpg/relic/attributes/51102.json,83475c283ece4a1eccaa07e87eb1e715
hkrpg/relic/attributes/51103.json,950e0a9c9fa509e09513c41dfb42b68c
hkrpg/relic/attributes/51104.json,e40c9d3d0021352f481e6dabbd628a72
hkrpg/relic/attributes/51111.json,cbf171d6a1637392aa9d45946f3abfea
hkrpg/relic/attributes/51112.json,629df6d83b6c918b9008c961344e37c0
hkrpg/relic/attributes/51113.json,af5d3de8850f0917dcc9f166781b0500
hkrpg/relic/attributes/51114.json,a44f8a580b51034e271a0c7817aba1cc
hkrpg/relic/attributes/51121.json,dc6bf4f342ded3e5d65eddfca634aef7
hkrpg/relic/attributes/51122.json,1a6bcfd3f5ae0f07b499d214049f4ba4
hkrpg/relic/attributes/51123.json,f58054bd913a596a80465a90bd10ef08
hkrpg/relic/attributes/51124.json,7b380b4561b181669da4067937bb2ac4
hkrpg/relic/attributes/51131.json,4103340c11900ce5c21c8f73ce0afecf
hkrpg/relic/attributes/51132.json,0fe5e1da21b6fd09ef5ed2d469c954c2
hkrpg/relic/attributes/51133.json,d04de23fdf3364385f82d9768c8a5761
hkrpg/relic/attributes/51134.json,760f1734a0214d8dff6353fe76884dd2
hkrpg/relic/attributes/51141.json,1df6f83ba1310528e4658b8919230c5a
hkrpg/relic/attributes/51142.json,bcd9f38fb9f7cf38a8ea31c550be3d4f
hkrpg/relic/attributes/51143.json,a9d6747d16326ef2ef518187a553c641
hkrpg/relic/attributes/51144.json,f372938d299130757abf1ce13658622a
hkrpg/relic/attributes/51151.json,3f42fee186adfc8cba03400f911968fb
hkrpg/relic/attributes/51152.json,f4d541ccd1d5127f1c00978d2d3c7d68
hkrpg/relic/attributes/51153.json,82858800b525601cd547ed210b07dcbf
hkrpg/relic/attributes/51154.json,01a23807d0d2ff228bf8c9a7945b3b6c
hkrpg/relic/attributes/51161.json,53642fb57efe86e5b365d2f8fc6910dc
hkrpg/relic/attributes/51162.json,66be5b3846522b6dc3effc6fe0bfa16f
hkrpg/relic/attributes/51163.json,dcdb9c8b50204f1fdf909ca38a35950d
hkrpg/relic/attributes/51164.json,7afa0943c457dcbf23bc93e4fa59b88d
hkrpg/relic/attributes/51171.json,d04bb6c94d59d392b391ac56a7810405
hkrpg/relic/attributes/51172.json,5114d2e44579b7ff39261cbcad3f4eee
hkrpg/relic/attributes/51173.json,ed1a7e75b24a18572ec2efba2dcb5ecd
hkrpg/relic/attributes/51174.json,7e790f1a51cb02eb34e1d020d3ea9c7c
hkrpg/relic/attributes/51181.json,b5c7023c0c3a04ac27442aae933d9af0
hkrpg/relic/attributes/51182.json,c7e123f9f1adb169101d7a24d05adcc2
hkrpg/relic/attributes/51183.json,6cddba783ab07420f876d15832f80b90
hkrpg/relic/attributes/51184.json,7d7a55cbee00c1229ec29a25d9cc46b5
hkrpg/relic/attributes/51191.json,90be3377e77facf8b922071c8a850e4b
hkrpg/relic/attributes/51192.json,4a89c236cd72e3f776f8c28e3a5ae7d3
hkrpg/relic/attributes/51193.json,3f3bdcd8d41a8594492fb91a470f80fd
hkrpg/relic/attributes/51194.json,205c1e32550650f1842a19bed635c73c
hkrpg/relic/attributes/51201.json,6a0affe5da46af5e3009c926a94aa99e
hkrpg/relic/attributes/51202.json,7dcee80af8582b9d3daf17a509b07b71
hkrpg/relic/attributes/51203.json,0617eee934ea59d5fb46b854d32e20d9
hkrpg/relic/attributes/51204.json,d7a2c46726c66188c0ee8bba2ae302d2
hkrpg/relic/attributes/51211.json,76993373b02c6261ae63e702c343ea50
hkrpg/relic/attributes/51212.json,a844dadcddb8f7032499122a1ac2ef88
hkrpg/relic/attributes/51213.json,5912c14f315394e29f5557d5b7f635ad
hkrpg/relic/attributes/51214.json,504aad27b8c5588793926161aca62589
hkrpg/relic/attributes/51221.json,ff25c6a489dd341f11a1b2163823bd4f
hkrpg/relic/attributes/51222.json,f2411c5c38566309770101ffa101d632
hkrpg/relic/attributes/51223.json,45701f8906cde3700836c891a56b28d1
hkrpg/relic/attributes/51224.json,3a1756f968af9e229dafef606d3dfe7f
hkrpg/relic/attributes/51231.json,20733df3ca06e364f8efc593986182c2
hkrpg/relic/attributes/51232.json,c7564f12ea41fcacf083f55ce892cbdf
hkrpg/relic/attributes/51233.json,869ea430d3f6d1a53b81de2455499da4
hkrpg/relic/attributes/51234.json,fd0e93a9f5d6ab1b9db6f60815009948
hkrpg/relic/attributes/51241.json,c6732d5f80227ba12bbf01cc0e1a974a
hkrpg/relic/attributes/51242.json,3565882e86f647c45ed90a284e923e42
hkrpg/relic/attributes/51243.json,31ffdf43d73e4f4bfe39c7a6181e52df
hkrpg/relic/attributes/51244.json,d66344e3a0dea4bad72758c58958e54b
hkrpg/relic/attributes/51251.json,87fbfce6c3d25ec8cde2730aeac7bc1c
hkrpg/relic/attributes/51252.json,b55fc181983e118744cd4b792f3887b2
hkrpg/relic/attributes/51253.json,32e977d7e6c3a91493a4f0a461bafff4
hkrpg/relic/attributes/51254.json,3b11058ee8b9b07489caaf39d94edec2
hkrpg/relic/attributes/51261.json,a6de81454e4f45c98536e53126547014
hkrpg/relic/attributes/51262.json,ac271178b90dfd4c009a9b334c3960d9
hkrpg/relic/attributes/51263.json,034c01dd1ccee0377f82cc2b563ab482
hkrpg/relic/attributes/51264.json,13561f8ad9b18e23d700349b788b79d6
hkrpg/relic/attributes/51271.json,6d43e14a759ade9d2f12261bf80855ac
hkrpg/relic/attributes/51272.json,3873c7fa47df4af5c75693036ab3cba3
hkrpg/relic/attributes/51273.json,abb508f84d52d5942163bbe40647afbe
hkrpg/relic/attributes/51274.json,2eb9da3ee30029505adb1190ec371589
hkrpg/relic/attributes/51281.json,8aa6d00a577424968fcae1bb159e0266
hkrpg/relic/attributes/51282.json,084b7259392ad0baa82d3531896aaa31
hkrpg/relic/attributes/51283.json,289138d4175366e936f928f691198bbd
hkrpg/relic/attributes/51284.json,1d2dbc4c0d79a0893c88e197235091de
hkrpg/relic/attributes/51291.json,b3d34cc7b482c02e4b88b7e2acbf4724
hkrpg/relic/attributes/51292.json,dacacfa6fc1bb74332864a3102f2f52e
hkrpg/relic/attributes/51293.json,e63dd74274a362eb96c0ff7e933b3595
hkrpg/relic/attributes/51294.json,b2c7dc413d13543c40ffee53c2436fb9
hkrpg/relic/attributes/51301.json,c60bb5596fdc6a85567fbe83a9bc2c6c
hkrpg/relic/attributes/51302.json,4dbc26f0ee7bc466ae7c4e3e97e0197e
hkrpg/relic/attributes/51303.json,b748089e231154909b1933b284f3b537
hkrpg/relic/attributes/51304.json,d1c9c2432812e4be0326d71eb9a2fda2
hkrpg/relic/attributes/53015.json,830f4718bfbc596f921b1953ebc2c303
hkrpg/relic/attributes/53016.json,f69e307d22e2790f92705f3fb2e6cf43
hkrpg/relic/attributes/53025.json,2efd52366a428a48ba663bf3bc1a7a88
hkrpg/relic/attributes/53026.json,234e63cb3b7687b4ee02caa8086eb931
hkrpg/relic/attributes/53035.json,5128aa337f67734ff003f5aad13ae283
hkrpg/relic/attributes/53036.json,8cbd2da116ab484a26e9db4f4d40bb4e
hkrpg/relic/attributes/53045.json,fc29d26ecd0d2597e55f079544cd674d
hkrpg/relic/attributes/53046.json,7a21b1f636c486adcd281491856c482c
hkrpg/relic/attributes/53055.json,7f407b1aa68728f3df891206f5fc9447
hkrpg/relic/attributes/53056.json,1bad1b29d554ce36c1ce7bf06c2bbafc
hkrpg/relic/attributes/53065.json,0aaf1eedf43d687bd6e944e8479af9d0
hkrpg/relic/attributes/53066.json,0a640f762452413afbc263a31258349b
hkrpg/relic/attributes/53075.json,f0503ec57bff5eb471d46eb394721d54
hkrpg/relic/attributes/53076.json,26bc533dd907d81035eb5dc72f853353
hkrpg/relic/attributes/53085.json,4111fe433b13df33fe49123b40fcc4c4
hkrpg/relic/attributes/53086.json,0f92615486f72753ac9eae10575d2a1f
hkrpg/relic/attributes/53095.json,f894fa04ded9931e987b02239110d8ff
hkrpg/relic/attributes/53096.json,e4b5531c4f90977ba7b682c4a55b114e
hkrpg/relic/attributes/53105.json,b1a9b37e8ffa92e5875e62001c09190f
hkrpg/relic/attributes/53106.json,dbcadd0c58669af6e269985a1d66ecb4
hkrpg/relic/attributes/53115.json,f4cb2df67feaac615238b14ef3ffdb53
hkrpg/relic/attributes/53116.json,0a3015dedc336d802756933bfafcdb88
hkrpg/relic/attributes/53125.json,3f444ce6d7a52762d9104797a79590b0
hkrpg/relic/attributes/53126.json,2b0700aeb597947b6365b30627bb5363
hkrpg/relic/attributes/53135.json,61ace3e8c7f89234f648c2c52cac7f74
hkrpg/relic/attributes/53136.json,2b9e93e442dc7791bb0282ac03a60d91
hkrpg/relic/attributes/53145.json,04477c38dfd30a172882ff9c9987e1a3
hkrpg/relic/attributes/53146.json,27b3ece8a7eef511c20d0ae0ec48ffe0
hkrpg/relic/attributes/53155.json,ee2204892166903033bf822a5f0850da
hkrpg/relic/attributes/53156.json,8be621aa005be9789e5a65ed93e6335f
hkrpg/relic/attributes/53165.json,cdece657c0604cda709dadaf1eb084b3
hkrpg/relic/attributes/53166.json,64c565c868d12aac3718cfedc66e5d78
hkrpg/relic/attributes/53175.json,f1978dcd822fe9f3074e77a23783ca65
hkrpg/relic/attributes/53176.json,81d3d69fdc81122d5b3485da44fa51ee
hkrpg/relic/attributes/53185.json,553d7b1d6a8d6043192b9a4412727909
hkrpg/relic/attributes/53186.json,6eda770a3bcfc55d741e6535c6e83bd8
hkrpg/relic/attributes/53195.json,e152802695fecfdcb85bace4e72c49d6
hkrpg/relic/attributes/53196.json,1d7fee4365992258352d3186aa01a93e
hkrpg/relic/attributes/53205.json,2b9f9751424260d7fa9650a4e0445ce4
hkrpg/relic/attributes/53206.json,d5e409fd10ade64a84d668613119cd93
hkrpg/relic/attributes/53215.json,b8fb52c48e0dceb74b069ad9e5ebe186
hkrpg/relic/attributes/53216.json,e115ca61fbe6a655d2132d663267582c
hkrpg/relic/attributes/53225.json,82d03dac783a52787889e71baf4d57d2
hkrpg/relic/attributes/53226.json,dc00cfffb3151324a431b4c85732a094
hkrpg/relic/attributes/53235.json,140c91585725c63a461abf5968bddf19
hkrpg/relic/attributes/53236.json,d42df31340a9cec188f6892b32760d4f
hkrpg/relic/attributes/53245.json,cbce1fcb380111beec2d2fed2486b4be
hkrpg/relic/attributes/53246.json,0ba770cd3b4905d077197238419e83e9
hkrpg/relic/attributes/53255.json,f35b3aa1b1c6d02613c7e46be9e0fe9b
hkrpg/relic/attributes/53256.json,f9abb7492c8479b403326ada10d37e41
hkrpg/relic/attributes/53265.json,e19bae9b4341f35f684d175ae0ff6186
hkrpg/relic/attributes/53266.json,8dc4e0a6124b5f6dedf0e994455892de
hkrpg/relic/attributes/55001.json,f2b4b232ed980452d929ff967700bf8d
hkrpg/relic/attributes/55002.json,4cddd39cd26e68f5e4487c11f518a8cf
hkrpg/relic/attributes/55003.json,53cee07f87ab1a66abbf45fc4d67df39
hkrpg/relic/attributes/55004.json,be88969cc3d5ba2187affc4391376f85
hkrpg/relic/attributes/55005.json,a2131f005f4711b86e1f3a41ec46568f
hkrpg/relic/attributes/55006.json,027cd7e00a8bc30f262f48183cbc3336
hkrpg/relic/attributes/61011.json,ef7d38c315a0a9c3d7af692a88014e94
hkrpg/relic/attributes/61012.json,93ca0d6e7f7b26ac4f6672ff2176f621
hkrpg/relic/attributes/61013.json,0cb6344ed18425338a45725b9c6d31f9
hkrpg/relic/attributes/61014.json,d3da7ab4fde311d79b329ee6f3f33661
hkrpg/relic/attributes/61021.json,ff01aa4428522127d9594187aba16278
hkrpg/relic/attributes/61022.json,063adf655422301dab3422e433dafd26
hkrpg/relic/attributes/61023.json,2a8e16ee4102d9244a3b56b07cd0ecc4
hkrpg/relic/attributes/61024.json,92aed4a9d1cbed96d5fa366230fb8eb5
hkrpg/relic/attributes/61031.json,f04e72ad718c40294dd7f6c028630943
hkrpg/relic/attributes/61032.json,fe6633dfbe71f483f2d442770bcf8b7c
hkrpg/relic/attributes/61033.json,a42261322dc8de26955f800bed79d160
hkrpg/relic/attributes/61034.json,f22c7ff93c36206f44c1f84c848e5b74
hkrpg/relic/attributes/61041.json,416f9f6f6ad526e9db513bb5e2ae023f
hkrpg/relic/attributes/61042.json,502fdd359455c434f24c9dca6c0e0020
hkrpg/relic/attributes/61043.json,b9af37b74013c0c245ad2f8cd50d73ac
hkrpg/relic/attributes/61044.json,b6fc7f3dc2a6a8dfd93b994f2eb2d015
hkrpg/relic/attributes/61051.json,e2245729dcc9cb39fa48fb63518128c5
hkrpg/relic/attributes/61052.json,1b352454cf76d4d10c8e5000858d7521
hkrpg/relic/attributes/61053.json,e709c88b5a20c57b0916b0a72c66c33d
hkrpg/relic/attributes/61054.json,c1eff744a2aeb44d4ed58326e98267db
hkrpg/relic/attributes/61061.json,09506395464e15f0b9d3893975955822
hkrpg/relic/attributes/61062.json,5422ced2504f8540d35affeb49248f74
hkrpg/relic/attributes/61063.json,6619c7f0111d1efb7ae64a223cde1693
hkrpg/relic/attributes/61064.json,bc2cba211232e37742f008b2f9da0355
hkrpg/relic/attributes/61071.json,034621f4c348f9289d9ee7c51b485b6d
hkrpg/relic/attributes/61072.json,20df8b36b35318bdb96acd58198062f2
hkrpg/relic/attributes/61073.json,28251fd66d8144947e91ddc010c13772
hkrpg/relic/attributes/61074.json,398cd1b8453be39296732045450ce311
hkrpg/relic/attributes/61081.json,f5a25ecf2b8343652791e57f866682b6
hkrpg/relic/attributes/61082.json,02b8a3c4c1599df3756c40cdaa0c0fd4
hkrpg/relic/attributes/61083.json,f1286909ed57bc1a1630ee12d4020d58
hkrpg/relic/attributes/61084.json,36bd9a8ba3b180e89250e680aa1b0543
hkrpg/relic/attributes/61091.json,b5a1d02c9e04eced1c62d6dd46780e7e
hkrpg/relic/attributes/61092.json,9e337dd58b213759ff50447c6e55df0d
hkrpg/relic/attributes/61093.json,d48c5d2870e686bd34c2fa0ad0ec07c8
hkrpg/relic/attributes/61094.json,3513c9456730cba7d12fbe0eff9f4fc0
hkrpg/relic/attributes/61101.json,e2d49b656e6a53b16f367316085abc61
hkrpg/relic/attributes/61102.json,15f9bc8f74825b9e24a30f120e1e3c2e
hkrpg/relic/attributes/61103.json,d9baed9bba4558bad000f73ce36c2fd4
hkrpg/relic/attributes/61104.json,0056bca0f7a3b26ebc68957383f184a2
hkrpg/relic/attributes/61111.json,cf6286ca4881f6a4aa91ef32030f56f3
hkrpg/relic/attributes/61112.json,c037b831b571a7bd59ecbfa3aa5fd280
hkrpg/relic/attributes/61113.json,a6c92d1e576124e39a035752f1a8ab05
hkrpg/relic/attributes/61114.json,4d6d7d11919a50178c2c97758877f4c4
hkrpg/relic/attributes/61121.json,5ee629631b3ae0ac957283d12b62528f
hkrpg/relic/attributes/61122.json,075deaff8488dc5d31acaf4ddbef26dd
hkrpg/relic/attributes/61123.json,05a1d432eeb69bd888e5d3c539bee738
hkrpg/relic/attributes/61124.json,5d12b34f6fea6d3023198950164a9814
hkrpg/relic/attributes/61131.json,ef5b8dad26763d47960d65977a653c63
hkrpg/relic/attributes/61132.json,324681553421940f4b007565cae1025c
hkrpg/relic/attributes/61133.json,adb16684f1ec73ea0cfc6a623fb23161
hkrpg/relic/attributes/61134.json,3f57c12f276e80f305a2233368a1a560
hkrpg/relic/attributes/61141.json,0525a004130aa1cc72f4ec36aab41ff8
hkrpg/relic/attributes/61142.json,a576110d62b4ca956f8f31695713a048
hkrpg/relic/attributes/61143.json,15a20ace162c591945b879972ee7dde2
hkrpg/relic/attributes/61144.json,4acde2cc6673db8d6d7324114d4faa02
hkrpg/relic/attributes/61151.json,3ca708a2586f1325599f887cd9e2e431
hkrpg/relic/attributes/61152.json,17653a6d1d4b92291cfc7410a8008ee9
hkrpg/relic/attributes/61153.json,6ec1812f18ea8755d5e842762a115289
hkrpg/relic/attributes/61154.json,7720e1dbf56e2948b4065f5d63e6d41f
hkrpg/relic/attributes/61161.json,0a0630427db1bcb9327819e392955afd
hkrpg/relic/attributes/61162.json,43fed13b95a12ea3a1f86dc94013da16
hkrpg/relic/attributes/61163.json,f897ae98844f72de1078668bac29d758
hkrpg/relic/attributes/61164.json,d90c9c7f896d81576dbc1aef63cd047a
hkrpg/relic/attributes/61171.json,c2bedad0a3771c93472c09e1160de162
hkrpg/relic/attributes/61172.json,ce6b912d033a4822bba6610a749f827d
hkrpg/relic/attributes/61173.json,f665505a7d60f84130b9cbbbd8be81c3
hkrpg/relic/attributes/61174.json,46b373a2b941fd718454d9b0dc3d2c5f
hkrpg/relic/attributes/61181.json,eaa72a8f73c31d20dd2c065467e87ec8
hkrpg/relic/attributes/61182.json,926399519fe34e3c7c21d6a4ca6bdcb3
hkrpg/relic/attributes/61183.json,3581f5d67c22eeb85f36fdc04937a093
hkrpg/relic/attributes/61184.json,db81cb4fdd64a7a352c0781a9712bd8f
hkrpg/relic/attributes/61191.json,d80ef6a0c050c5473f911ce7e3443024
hkrpg/relic/attributes/61192.json,c4bf4330dfbbcdff4eac6314a753a88f
hkrpg/relic/attributes/61193.json,d43cbcf64c832737277dec4d2be4a1dd
hkrpg/relic/attributes/61194.json,340f84181406d5b6793ad7c0699e8f2d
hkrpg/relic/attributes/61201.json,8ff93a7a6a68fe5258b7cdd354b2a218
hkrpg/relic/attributes/61202.json,5c470e858dd534a9c82bf546222c1646
hkrpg/relic/attributes/61203.json,fa81ea60d514bc9bb214b8512a3b6e08
hkrpg/relic/attributes/61204.json,a02b825c21dafc11a494c986f4d9870b
hkrpg/relic/attributes/61211.json,978e644e744f896a613dd1fa3b96609c
hkrpg/relic/attributes/61212.json,1e43a015bbdba36921b58df7caafb179
hkrpg/relic/attributes/61213.json,a7736f588322c3a32f60a818686a9260
hkrpg/relic/attributes/61214.json,8858b8ff2ae96c0bd29a645990659d4d
hkrpg/relic/attributes/61221.json,c787f786e6ef44081a311695f97677bb
hkrpg/relic/attributes/61222.json,e697b134f16c0f16fcfedba8b5bc8320
hkrpg/relic/attributes/61223.json,cbb0ac58bd42e3fbd022b954919148ba
hkrpg/relic/attributes/61224.json,3bf3c9a2721bc49a5d8b4858539e2865
hkrpg/relic/attributes/61231.json,76b6c452ddd9385887d41d3038107d8a
hkrpg/relic/attributes/61232.json,80116ee292a6890aaffae2051edda42c
hkrpg/relic/attributes/61233.json,d0a7cb1b56af06f2d3ea5f5f0e4bb6ba
hkrpg/relic/attributes/61234.json,6ffd516e8924d625ecfeab633e90224d
hkrpg/relic/attributes/61241.json,b807b437b7fd84fc65b6b6f210df8684
hkrpg/relic/attributes/61242.json,6f1963d9550be8dd6a7f51be27d1b3f8
hkrpg/relic/attributes/61243.json,b6046a698ed58bdf3c50e76f969eb88f
hkrpg/relic/attributes/61244.json,74c36f43a255ec3c65ef9b76293f224c
hkrpg/relic/attributes/61251.json,f119c3ab506a8ac6ea2bac40f97b6e4c
hkrpg/relic/attributes/61252.json,787b3ce3ad965d8e84b035de2b96a8bf
hkrpg/relic/attributes/61253.json,d2712d9871419d7b3b6b1631e693a494
hkrpg/relic/attributes/61254.json,c665c9f405a7e4ae91c36e762b6e438b
hkrpg/relic/attributes/61261.json,9303d081574d40bd44b0656187c0ee6d
hkrpg/relic/attributes/61262.json,bf1267e0844e6b8a3e114f70e9f0f841
hkrpg/relic/attributes/61263.json,bf897cb8c56df7830fe3cb75ab433d60
hkrpg/relic/attributes/61264.json,cbd22633ff81624d8962fc471a4dc8c7
hkrpg/relic/attributes/61271.json,18f9754d4310e7086c2ec5ca78a1b66a
hkrpg/relic/attributes/61272.json,f75ddc1ee8b9c1113c357ca2e616de7d
hkrpg/relic/attributes/61273.json,eaf2f1a358c462139b2972efa4681cfd
hkrpg/relic/attributes/61274.json,fa92dd2cf2216f12aa4356054efc5924
hkrpg/relic/attributes/61281.json,920832b77432be3b492283719468723e
hkrpg/relic/attributes/61282.json,d19a1343fd7c2b0b9ef22f69800b84c8
hkrpg/relic/attributes/61283.json,9ee21d6532ecdd559ee33d5f5ef73505
hkrpg/relic/attributes/61284.json,d975db025230707caf3bff0b441f4335
hkrpg/relic/attributes/61291.json,ccf7d7ca8e8d0043fbe46dfec3873969
hkrpg/relic/attributes/61292.json,ca2567f081241087294a00bae0b39f5f
hkrpg/relic/attributes/61293.json,573a47986d1c5ba0ee1d3554093ed655
hkrpg/relic/attributes/61294.json,d7ab93c794e35d747d7302ebd71595f5
hkrpg/relic/attributes/61301.json,e83fa07db8671abc89a9219265554c60
hkrpg/relic/attributes/61302.json,2fc85f98008ac1d430fa37672a685c84
hkrpg/relic/attributes/61303.json,874e8b967f0f0047cb21e038e0d3bc24
hkrpg/relic/attributes/61304.json,eec7119617a89a95a4addea5d39617e9
hkrpg/relic/attributes/63015.json,b4c9e4c79f462efa060c0563afbf49dd
hkrpg/relic/attributes/63016.json,24874e325160d24cffe741a5e1716a13
hkrpg/relic/attributes/63025.json,ad2236084d4ece46d9ecd3f17614c68a
hkrpg/relic/attributes/63026.json,13b5d15cbafc109594010886d9b24a96
hkrpg/relic/attributes/63035.json,bf743353c213adbd6440a6d40246d9bb
hkrpg/relic/attributes/63036.json,80a1810d213c7aff4ac5a64d46ced09e
hkrpg/relic/attributes/63045.json,20c8862f0b6168866f0f0d7684d9eb5b
hkrpg/relic/attributes/63046.json,06ba625d5d968bf876714ecfdd3abf28
hkrpg/relic/attributes/63055.json,0ecc9375514f6ea466b90022df73d054
hkrpg/relic/attributes/63056.json,46f6bb3f0fefcd6a2c1ead8f4a5150cc
hkrpg/relic/attributes/63065.json,a73037b20165c4438a7901c75d7a7e21
hkrpg/relic/attributes/63066.json,980ced308e6d78a45066a658a4ddc124
hkrpg/relic/attributes/63075.json,4eec2decb66edc77b5d997b9418ad756
hkrpg/relic/attributes/63076.json,84931bff96085665cb8b01ebc7195387
hkrpg/relic/attributes/63085.json,f71bfdf5a4d8d28bc0e75ebec2cce4d0
hkrpg/relic/attributes/63086.json,f8d4fb2fc9a67cd0ff8d61b36ff0a310
hkrpg/relic/attributes/63095.json,983d8b6d747a95a293a1dff602871b98
hkrpg/relic/attributes/63096.json,be09d3b53138f9cdef4583906995fbd3
hkrpg/relic/attributes/63105.json,395ef1226677f2e05d95c3dba11e3ced
hkrpg/relic/attributes/63106.json,b3bf28b287557c4bda4747341411f67c
hkrpg/relic/attributes/63115.json,3530522bff3c788ac71fef04448c9dcc
hkrpg/relic/attributes/63116.json,54513f4ebedd3024c667b770afaa1cc7
hkrpg/relic/attributes/63125.json,a7dece6c02627680be20b3e30a847c9f
hkrpg/relic/attributes/63126.json,9c9dea91e2a5b7c92d0ceb24c098d65a
hkrpg/relic/attributes/63135.json,0754a60b8325b031077e75d7f57abcff
hkrpg/relic/attributes/63136.json,d668d83fdad08c3de3aa0882a2e1fa9b
hkrpg/relic/attributes/63145.json,57a4bb6df905a44a9505d66755c149a3
hkrpg/relic/attributes/63146.json,32f5e6879d15b050cef00b13f60e002d
hkrpg/relic/attributes/63155.json,e73195c079aa42ec89ea71335785735d
hkrpg/relic/attributes/63156.json,2a3ed90e5d960614d3243d5c750ca8d5
hkrpg/relic/attributes/63165.json,495a176d26eca33198785eb267eb7666
hkrpg/relic/attributes/63166.json,3ca52472b118f5a52f60256a8e2f8dad
hkrpg/relic/attributes/63175.json,c4bf44ab47a53b51a0ced506c93f4810
hkrpg/relic/attributes/63176.json,f24c936b5960ea6a277ebb32f9df3639
hkrpg/relic/attributes/63185.json,08a10cd5452415d5fe7729af38ef63b0
hkrpg/relic/attributes/63186.json,d068db9462493405d595f0e2135f6bf4
hkrpg/relic/attributes/63195.json,2d5848fa41e36025afbcc75f2bae372d
hkrpg/relic/attributes/63196.json,92dd243a8ad3751be504ab18272775f7
hkrpg/relic/attributes/63205.json,47e73e58d540103b5e0f85242d83c053
hkrpg/relic/attributes/63206.json,0fe26e949096b2820dea3d03b4579763
hkrpg/relic/attributes/63215.json,5240bdc90ecfec4a8da8953d083696bd
hkrpg/relic/attributes/63216.json,a2ce23b6889d017dbf1a9f2e5bd09b98
hkrpg/relic/attributes/63225.json,bc5dc71ebc3ed1ab3bb62e50d7d0d5c1
hkrpg/relic/attributes/63226.json,2d419fd2c9905b2db890b971b7dfece5
hkrpg/relic/attributes/63235.json,b165a88220adbdd3482864f1e30b4d2d
hkrpg/relic/attributes/63236.json,e1f8419c69ff559e014e3a755758e1c5
hkrpg/relic/attributes/63245.json,68420715fa5fb6e50b906055888a571f
hkrpg/relic/attributes/63246.json,10ec529e510ae3682f9e10d11fe71fbc
hkrpg/relic/attributes/63255.json,5d3e1806203790216280cadf94df0c8d
hkrpg/relic/attributes/63256.json,f2782db0e0921e263c9092a6e9304f86
hkrpg/relic/attributes/63265.json,e4d3beb9e6e279054e75a3c776e85242
hkrpg/relic/attributes/63266.json,09b91f8331d5c01e7c5e369659900365
hkrpg/relic/set/101.json,1f44ee57f4c8d1722ec41530519b608f
hkrpg/relic/set/102.json,3d5201d3a4f9644a20f446f5bad8b6d9
hkrpg/relic/set/103.json,e239225ed3ab14ba79ba201e4ad5e3c4
hkrpg/relic/set/104.json,a38fd07554ddafd127d4be1acdafae40
hkrpg/relic/set/105.json,1b56a337c32470fbe018a39ae4c4f2ae
hkrpg/relic/set/106.json,e6228e290dda1579740d85cca85779ec
hkrpg/relic/set/107.json,5da75e4a181652edd51524585bf7289c
hkrpg/relic/set/108.json,4e691ef2e2ba011f6ea59e8bfe233d0d
hkrpg/relic/set/109.json,9bcc885d66be51d3930e5ea680a33216
hkrpg/relic/set/110.json,fbe13fa867d924201e19c00e87194828
hkrpg/relic/set/111.json,2fceaa376b7239d58349919a8ade13f8
hkrpg/relic/set/112.json,aee5d82e920d745848db6fa85607f0b9
hkrpg/relic/set/113.json,56b5f05701bbc453445cb4cd010d8da8
hkrpg/relic/set/114.json,7513971402a4e03fce52e02c7789b3b9
hkrpg/relic/set/115.json,e5d9428b99f25b4bdfb51aac05c954d8
hkrpg/relic/set/116.json,c5921f6de3e46525022fdc1ac72a6b2c
hkrpg/relic/set/117.json,a9e6f06d5f126bd3981fe731e8f2d4a4
hkrpg/relic/set/118.json,d794ea777f6ed906036f42838386bbb5
hkrpg/relic/set/119.json,b83cd6b40d09b7bd3dd3c96dd337b6b6
hkrpg/relic/set/120.json,7dd173b57c9a07161484392e315165a4
hkrpg/relic/set/121.json,b888209a9f880a5fe44c714fa15382bc
hkrpg/relic/set/122.json,a2e64f236dc89e1ef2ff7cae349245b0
hkrpg/relic/set/123.json,f36cecb786078a78acb95f6f3be7fda6
hkrpg/relic/set/124.json,e82c10af62397af705d9f7d70f68062d
hkrpg/relic/set/125.json,2b9d6854d4b7dea6ebe0919eb3c0d017
hkrpg/relic/set/126.json,0649c3caa4935c56d182ac4d7c6b916c
hkrpg/relic/set/127.json,220e622596db2de9fe66b7622812488f
hkrpg/relic/set/128.json,791d3b6b75d9850242f468c9bdd410bd
hkrpg/relic/set/129.json,f373bcf64e34db7aad2c9ccbd275cc8d
hkrpg/relic/set/130.json,24437f7ca0dca9c04f3521bb4f7f940f
hkrpg/relic/set/301.json,1147f094e424be1767b8ed3a6a86c0a0
hkrpg/relic/set/302.json,3b369b79c9b1c85de1563a5f9ee3c204
hkrpg/relic/set/303.json,6fdf367cdd38b268da25bb1b3083a425
hkrpg/relic/set/304.json,32c7d94f90dfd7567767c8719f9aaa10
hkrpg/relic/set/305.json,a3e09bd8f43070f721134b2e34712689
hkrpg/relic/set/306.json,d7d841401659f6b6455f520061640124
hkrpg/relic/set/307.json,ec753aa09bdfb0ea4a2e62ff0d1d57cc
hkrpg/relic/set/308.json,97460ec3c4de90dc46ab27020aacac5a
hkrpg/relic/set/309.json,6f8dad21a0d3f45c67dc8eeb87c3b7a6
hkrpg/relic/set/310.json,37c8161f10f43e8a4ad37d0156db91fc
hkrpg/relic/set/311.json,baf1c8ee39b1afb1c7e60b4a99f98d5a
hkrpg/relic/set/312.json,788f49af795831f82bda152caa45854c
hkrpg/relic/set/313.json,131397110bd99965807a3eb610d34edf
hkrpg/relic/set/314.json,a2c785813846a54a4f3be1c97a1bdd18
hkrpg/relic/set/315.json,3ff1c7af1f8d978b6839c958782aa652
hkrpg/relic/set/316.json,1bc1831357ef7c6f83ae5a3391d34753
hkrpg/relic/set/317.json,8cb8864d672b74df6931b9e4aa1fb80a
hkrpg/relic/set/318.json,7d091d86a057fd088f6dc54c53cec324
hkrpg/relic/set/319.json,5d25fd59770a5b1392078756980c9a38
hkrpg/relic/set/320.json,39b5f03c1852674bff368a6d92eca854
hkrpg/relic/set/321.json,1ed53bfd6cd29778d79545c66b26beda
hkrpg/relic/set/322.json,bcb355e89c19ab29879e1a2f178756ed
hkrpg/relic/set/323.json,afa3631ad7a2b9451681d639d35d39fb
hkrpg/relic/set/324.json,b220751490fab1c210b1030d3e8b5884
hkrpg/relic/set/325.json,85da46922d3c228dba047a72c2ac3cd9
hkrpg/relic/set/326.json,e1df9863ee454b8564de3a44cdad8b02
hkrpg/textMap/textMap_CHS.json,34653a2dbfa551c37e6b4290e9a24596
hkrpg/textMap/textMap_CHT.json,1cf70efcac98d0f8ea11e8961f264a05
hkrpg/textMap/textMap_DE.json,670ff0914c364d593733729a2de3a70d
hkrpg/textMap/textMap_EN.json,4acdec804ecab10f65ed3141a15e231c
hkrpg/textMap/textMap_ES.json,fc40a5ddf3fc5bbe4789e6e272b871d6
hkrpg/textMap/textMap_FR.json,6fcfec2bfdd15287eca0581cc16cca91
hkrpg/textMap/textMap_ID.json,59931961d054c2e635be96a346ae5ad3
hkrpg/textMap/textMap_JP.json,41a696b7014f721d977cc7ba36f9f983
hkrpg/textMap/textMap_KR_0.json,e9f9716a5b8e55b956edee22675bc0b3
hkrpg/textMap/textMap_KR_1.json,67e0ff00c72e29cf44be63ebd2c40625
hkrpg/textMap/textMap_PT.json,5b7065db527ffdd0d76befeec56e9541
hkrpg/textMap/textMap_RU_0.json,74ff4e53b36280c3a59fffe5153b99d4
hkrpg/textMap/textMap_RU_1.json,d45f4c76efe1a0529dcd8459f4884dd0
hkrpg/textMap/textMap_TH_0.json,f356bc0b8cb4b5d9452f415e4be6e822
hkrpg/textMap/textMap_TH_1.json,9c85529627ada95a3ba957ea9359e0d3
hkrpg/textMap/textMap_VI.json,1f8b2d1ea273e2bd218cba3543223178
zzz/equipment/attributes/31021.json,7a5f40d5c8d96d53ee148e83b0e25c79
zzz/equipment/attributes/31022.json,af313125434fcdd1590a8296f0431b08
zzz/equipment/attributes/31023.json,33a6d5facd983a1f52ead9a158cf121b
zzz/equipment/attributes/31024.json,57f4be18791c426e9abab3c07c5f088a
zzz/equipment/attributes/31025.json,1a76ae3ed5985653e71243e5c07d149b
zzz/equipment/attributes/31026.json,1e80807f3e3611fd6c7d4075d29ae900
zzz/equipment/attributes/31031.json,c14fc1116bcd2f5a3d59cd38c1042e7c
zzz/equipment/attributes/31032.json,40bf450f6c9e32d8cb7f2341d958969f
zzz/equipment/attributes/31033.json,34c49cace8a4dcd46c912418537f4885
zzz/equipment/attributes/31034.json,fcb100ba474e17095633c58d354efd3e
zzz/equipment/attributes/31035.json,d25d859cbca409c6c97cac5d3acdd4af
zzz/equipment/attributes/31036.json,cbfade892bbf4b5597021b354553d8ca
zzz/equipment/attributes/31041.json,8d89e5eb8c335f70ba00b56e8f1661fe
zzz/equipment/attributes/31042.json,763b4af8e3efd2aec3d4f6fe0c402294
zzz/equipment/attributes/31043.json,1b297640fe54f19f738b4fd45c11e57b
zzz/equipment/attributes/31044.json,2e348d1daaf80975af46b7933b1b019c
zzz/equipment/attributes/31045.json,73d42b0640766d8c8e0ed61d58286f20
zzz/equipment/attributes/31046.json,c78bb7f7e531fe80f6973ccd995755c9
zzz/equipment/attributes/31121.json,4e08345d3abcb3800eb206ac6461fcaa
zzz/equipment/attributes/31122.json,43e590cb86dc25aa18fa09ee344e10c1
zzz/equipment/attributes/31123.json,aa4365b5d82055ebcea94b4a004d2b4e
zzz/equipment/attributes/31124.json,f6cf3d1742e52f442c53b98d26137595
zzz/equipment/attributes/31125.json,5bcc934ede565fe00493e9bc6648b979
zzz/equipment/attributes/31126.json,2995a689dbc0d1f6b56d74357f46efeb
zzz/equipment/attributes/31131.json,b77df64e3fdd7ef0dc3a4177a02e0db9
zzz/equipment/attributes/31132.json,8a1e92e2eacc4013d7f2581c9e6591e2
zzz/equipment/attributes/31133.json,4574d0386d149f3359393744a897ee97
zzz/equipment/attributes/31134.json,fbefcbbf032da0d064ae4403e3c90b65
zzz/equipment/attributes/31135.json,df3f0d9137e3e1367dadb165fb09e49e
zzz/equipment/attributes/31136.json,046593598ebe9107ea712d9a1beb20d6
zzz/equipment/attributes/31141.json,a7ed0602f323e58670c2a61d361ab1a9
zzz/equipment/attributes/31142.json,aee89c2d8f8008f6b6a785863bb21868
zzz/equipment/attributes/31143.json,4102c2e0bcef75d0caeaab88eb192168
zzz/equipment/attributes/31144.json,fcb92e4e24fa7eecbea2105e472431ce
zzz/equipment/attributes/31145.json,36435f1efc4f6f06601adf8203c88e31
zzz/equipment/attributes/31146.json,866f06b455396a094c39b76195af2713
zzz/equipment/attributes/31221.json,497771a44719ced5396a8f1f4c31005e
zzz/equipment/attributes/31222.json,cf9f7f91f3bcd3846cf70a5ba088e31b
zzz/equipment/attributes/31223.json,a8d167638d936214201a00cb333b42a9
zzz/equipment/attributes/31224.json,b8a524bc342a8350a066cf09f9ea3132
zzz/equipment/attributes/31225.json,1f58d0806cdc0daeff36b7fd38220b01
zzz/equipment/attributes/31226.json,3d3cfe48f602befb231171c530ad26bb
zzz/equipment/attributes/31231.json,9060edd7cc97d80847061ecf91c69f31
zzz/equipment/attributes/31232.json,bda1ad30d48ac3bbda3424222ba8435e
zzz/equipment/attributes/31233.json,c78f36afec29509f00bfa97cb9616318
zzz/equipment/attributes/31234.json,a732f241e0c3d50853feacf1fc79069c
zzz/equipment/attributes/31235.json,b4c73848947d9b2e6199dd16d272ea18
zzz/equipment/attributes/31236.json,1971e728a487ef937ba091674d4a0aef
zzz/equipment/attributes/31241.json,c4390ed4a207dcedc19b0d8aea117e94
zzz/equipment/attributes/31242.json,b3dae25a3cf30429851d3ccddc5a0024
zzz/equipment/attributes/31243.json,80c2fa2f370c21eb55c0051998dcfd21
zzz/equipment/attributes/31244.json,bee3a8d8da2f9d295b4f2e9f0fa0d369
zzz/equipment/attributes/31245.json,3972f1aba18001b300bc1bc5a1367113
zzz/equipment/attributes/31246.json,d267b9ce88656dd7b4b22c2c06fc44ae
zzz/equipment/attributes/31321.json,dd635ce833e87eaa1b779d8e37688c78
zzz/equipment/attributes/31322.json,9faf7e0a707db4bbb4e8b3c8ea1c272f
zzz/equipment/attributes/31323.json,c2f5175cbef66bb993fdda3181f18f37
zzz/equipment/attributes/31324.json,822542c6c323d24fdedb5fcdac8d35c2
zzz/equipment/attributes/31325.json,3c69d7846eb965c58be21af7f388a693
zzz/equipment/attributes/31326.json,f7420657e18e571eb4a7a5ab0ec1b12a
zzz/equipment/attributes/31331.json,b4ab917a8f2a2a4f634b14414486216e
zzz/equipment/attributes/31332.json,b9c3fb54647881f2e25ffc3d73d92cf7
zzz/equipment/attributes/31333.json,82797a192e6c96fa8981563b399a1f1e
zzz/equipment/attributes/31334.json,124c21d45f5bcdfbcde1bbad97cb39e0
zzz/equipment/attributes/31335.json,c02db79b6258e4fe393afc3e8668c030
zzz/equipment/attributes/31336.json,7b617aa0b0aaba31fd32b3314a668e11
zzz/equipment/attributes/31341.json,c7273ecee81a681147a98085f43ceec1
zzz/equipment/attributes/31342.json,51e21dc8377303759214f79c6b56e490
zzz/equipment/attributes/31343.json,031e2ee6e9010bef026d8632de1ca5c8
zzz/equipment/attributes/31344.json,0bc080674cc5a752e30433b4c08e11b1
zzz/equipment/attributes/31345.json,2e19e1d4bfd17302aa4e408ace5f4701
zzz/equipment/attributes/31346.json,320140180276367e48266238be71021a
zzz/equipment/attributes/31421.json,a063c59f75ad5f89dcef86212ac63e4e
zzz/equipment/attributes/31422.json,d1ab89c0bcdce998b5df98c7a952e06a
zzz/equipment/attributes/31423.json,768f1d657a89343bddbde8014f3e4882
zzz/equipment/attributes/31424.json,17e61919270613fe018e1970a5b8a28e
zzz/equipment/attributes/31425.json,5fc47879eda7cfca33d5736c20587444
zzz/equipment/attributes/31426.json,53aa5809a265c00c92645db23f03285b
zzz/equipment/attributes/31431.json,46ec50eaeea5107b20c7da18ad2b079a
zzz/equipment/attributes/31432.json,e83cebdc0f95a356419cea6e08c54f4d
zzz/equipment/attributes/31433.json,80baede3d52cc70deb9b96f67fe5ff50
zzz/equipment/attributes/31434.json,32f2d7002fa7163ab7899e3158282907
zzz/equipment/attributes/31435.json,66d230d2c68471d95dac2b17b622d48e
zzz/equipment/attributes/31436.json,09263bd548b95d476b406208a225db7d
zzz/equipment/attributes/31441.json,56605bd487b72c83e045d078f4eaea21
zzz/equipment/attributes/31442.json,7b6fcca9d78ab5c795dde61face2deef
zzz/equipment/attributes/31443.json,f5e35b5d10e9b2a8781c4961102d97e6
zzz/equipment/attributes/31444.json,ef34c0369d0ef417c648bd946c4f2335
zzz/equipment/attributes/31445.json,b1b67bb17e31d50940e97fa99f174ff2
zzz/equipment/attributes/31446.json,24cc913b356903ea094cea0ef0704fde
zzz/equipment/attributes/31521.json,25a8b4f37c292076000025d55bdd93f4
zzz/equipment/attributes/31522.json,24f48e5b077f7c03c719a20c78dad0c4
zzz/equipment/attributes/31523.json,50dae2a4a07fc0944a4ee0d114979ab0
zzz/equipment/attributes/31524.json,fde5fd2bc2ce36a5e6524440d835ecc6
zzz/equipment/attributes/31525.json,263ff108cd41b000766050435f4bf580
zzz/equipment/attributes/31526.json,e4a8a0e26b3e094fb53085eabe2d77c8
zzz/equipment/attributes/31531.json,ae0fb4807c8571f6b447985362ae6aba
zzz/equipment/attributes/31532.json,5319b4f549bb4c9aa5ff0e0a51855e03
zzz/equipment/attributes/31533.json,7819cc5fa05a4453160eae4d0ea2de54
zzz/equipment/attributes/31534.json,ada1fee0ed22148bcf1c131079ffc3dd
zzz/equipment/attributes/31535.json,da7b6abdf04320cd1faef5661d4a8d8e
zzz/equipment/attributes/31536.json,22f7380652768899079d23d3ce6d80be
zzz/equipment/attributes/31541.json,b4a6ccac9cf7e7aeddc2b0ed64564007
zzz/equipment/attributes/31542.json,c03b298a9e7680e8d8763a5888ae2a76
zzz/equipment/attributes/31543.json,e8279f6e5df3a6c38551c754ce8ee48d
zzz/equipment/attributes/31544.json,b163ec6563da27d6cecfd48de9ba9ab0
zzz/equipment/attributes/31545.json,07e4c01512415383df3d9efd1903161a
zzz/equipment/attributes/31546.json,f2221bb0a47d15d5d8c030da38f6efb2
zzz/equipment/attributes/31621.json,8667bc10fd402930e847926e5b50fec4
zzz/equipment/attributes/31622.json,d91fe4d3e3df9e5e719f6b589455c6d9
zzz/equipment/attributes/31623.json,f346efab9e6d12649943682bb6fa7447
zzz/equipment/attributes/31624.json,f24b9b6f8977a6109f3a1efd3cfc543a
zzz/equipment/attributes/31625.json,85a63ba8eb65bbe40b9d94140974b66b
zzz/equipment/attributes/31626.json,14a4cf4eef0c89b189dcc36a41ef1df4
zzz/equipment/attributes/31631.json,85e8de754c32e51e9261b24843199544
zzz/equipment/attributes/31632.json,15fa762ecb742154646ce348cf3da986
zzz/equipment/attributes/31633.json,6c3b443dd546c701c140fa770ae62341
zzz/equipment/attributes/31634.json,c2cc64550b24550ecbbf09abde3d2a41
zzz/equipment/attributes/31635.json,1cd78834f197ead952cf62c5bbe3d863
zzz/equipment/attributes/31636.json,2709c7ba29991b8cefd7e6be256df8cd
zzz/equipment/attributes/31641.json,5bbc41d573333d4d6b72d80c0ba004e5
zzz/equipment/attributes/31642.json,b96096247a1a2fb3bc4fad3abfb9bf70
zzz/equipment/attributes/31643.json,bea254bb58b4f8b1f3ac06b55dbdbdc2
zzz/equipment/attributes/31644.json,32dc1b88b6f048da577a886cfa07b242
zzz/equipment/attributes/31645.json,4467d68a984f4fef1c2ce71f20651675
zzz/equipment/attributes/31646.json,11e53ad1c60e249bc90495458fc1b1ca
zzz/equipment/attributes/31821.json,5c5158701b74fd1a09adcccbb8cb82cb
zzz/equipment/attributes/31822.json,e6b33abc93a2fa5b787b20bff597a530
zzz/equipment/attributes/31823.json,b5d04c8aa78deff1289118c4d6bfe049
zzz/equipment/attributes/31824.json,77ee8fcdb7df2be8ef8c81cc8474d191
zzz/equipment/attributes/31825.json,0e5de28cba9da5fe3f24603e708b0ba7
zzz/equipment/attributes/31826.json,6ec8ece2569805df5b41a7f6d79cf006
zzz/equipment/attributes/31831.json,48c2fc11796cc8a95ea1c41b56c002b2
zzz/equipment/attributes/31832.json,c7a52c00dfdd38abdeecf652df12a0f0
zzz/equipment/attributes/31833.json,83f01f446ae1aa8b2854cfff15ad24a4
zzz/equipment/attributes/31834.json,fb116dc81f3c19fca52e6e5c901f17fe
zzz/equipment/attributes/31835.json,200f476d4a236c151bfe8b8593540a12
zzz/equipment/attributes/31836.json,d33b616e28217a21a3fb8b4655d8b4d5
zzz/equipment/attributes/31841.json,a08ece2efd959f98430242e0b4a22ecd
zzz/equipment/attributes/31842.json,2176869e5ed9c71885a4b5f5038bafb4
zzz/equipment/attributes/31843.json,76296b95dc1be09b27d661d3f232d790
zzz/equipment/attributes/31844.json,a7b816793bc26a7851febef1af20635b
zzz/equipment/attributes/31845.json,23e238bf056792c635fecf80425d01b3
zzz/equipment/attributes/31846.json,b887505b434e61e2ccd89ae9ca8ff551
zzz/equipment/attributes/31921.json,ad332db445021696ff44f2ebf742b67f
zzz/equipment/attributes/31922.json,ccea8e6b346453b14c1f2fc7fa94d6bd
zzz/equipment/attributes/31923.json,a0c34e59477c8ebd369ab26eef050916
zzz/equipment/attributes/31924.json,48d2836cf5b75e98f5e8245a7e292aad
zzz/equipment/attributes/31925.json,8f3aa85b5f2dc32ed20427fc29e9bfe0
zzz/equipment/attributes/31926.json,5a0a170f37fed677609cdd272e9bf091
zzz/equipment/attributes/31931.json,b66b0a5591eea2ad9f2663309998849c
zzz/equipment/attributes/31932.json,6f6728917e64bf1d1b53b4d668ca53b6
zzz/equipment/attributes/31933.json,f0231454a04a5b18a2034cb0687651a6
zzz/equipment/attributes/31934.json,0cb8ed8bb9b632ddb1c47ae542372dc9
zzz/equipment/attributes/31935.json,229901517910b7d0b264a1943cb9400f
zzz/equipment/attributes/31936.json,a882a7359bfb7a48732c286a0835d292
zzz/equipment/attributes/31941.json,f859da28d349fdde2245940aa6d07b62
zzz/equipment/attributes/31942.json,8c03dfb557f5da37eca3fb748ed6101c
zzz/equipment/attributes/31943.json,47538a8ec0713d319c8e36599e07e67d
zzz/equipment/attributes/31944.json,c2e7c8f95be04426996bbaeb04e3035a
zzz/equipment/attributes/31945.json,b0f3837b4a39d2fa2044d5900f6b5a5b
zzz/equipment/attributes/31946.json,dfed5b966f543cef06c3cf47441c8cb5
zzz/equipment/attributes/32221.json,3b9de7ccb93b1640e645800b8ce4780a
zzz/equipment/attributes/32222.json,da9627ff56a4bdaa822fa27ec5cd6dc3
zzz/equipment/attributes/32223.json,3e3191a6229b2ca809db7e8d2b010268
zzz/equipment/attributes/32224.json,75458267559419186bf123949884229f
zzz/equipment/attributes/32225.json,2655e4eef5c1f2fc4fb02921de8c90da
zzz/equipment/attributes/32226.json,49f21dafb55ce111e2b57a60150fbd05
zzz/equipment/attributes/32231.json,772a4eabf9e239515e239df1f66a852b
zzz/equipment/attributes/32232.json,e4215631eef2baca1989439a227b426b
zzz/equipment/attributes/32233.json,1d1637ab4d623149b6cd25268c6e5bce
zzz/equipment/attributes/32234.json,803fd717d04894bad2cef12b22d29023
zzz/equipment/attributes/32235.json,d7705ae42fd3eda49c4c64601a7b0b0a
zzz/equipment/attributes/32236.json,ef63542e97454d5b503e3acb9c8738a3
zzz/equipment/attributes/32241.json,69901203ad5de6693a2cc23cfe83f74f
zzz/equipment/attributes/32242.json,fffc78bbc51f12743ed55ad739c5ab6b
zzz/equipment/attributes/32243.json,be9339e74946a3d29318ac26bde72f07
zzz/equipment/attributes/32244.json,a229bb4164dfa27cf809e3c19cf5b0a5
zzz/equipment/attributes/32245.json,890768b8eafc3f9410be940e48faf6b4
zzz/equipment/attributes/32246.json,77dc7a4943fa34986ffaebf8ad7aafce
zzz/equipment/attributes/32321.json,4e7290bd5e230cbaf1b7fe9e39d96416
zzz/equipment/attributes/32322.json,050bc5f640618dd935343db726127363
zzz/equipment/attributes/32323.json,ddeb15bbf2e1ed901e8d25011e0f31e9
zzz/equipment/attributes/32324.json,00335ffd300997865fc8bf653f775c85
zzz/equipment/attributes/32325.json,285c7ef050eed627fbde225750e11e2b
zzz/equipment/attributes/32326.json,4a50f52b2b669500accc1e0893f16247
zzz/equipment/attributes/32331.json,4e638b366115c92b7aa704a3f9e26e79
zzz/equipment/attributes/32332.json,cb2fe960fc8f593ba97c5a5253e0dc3f
zzz/equipment/attributes/32333.json,115461e55ad11915443715ba3efd1ea8
zzz/equipment/attributes/32334.json,189a620615ed8f15d821cd53942d107c
zzz/equipment/attributes/32335.json,0e2456abaaa61abcfdfdccf8e6db9b4e
zzz/equipment/attributes/32336.json,08c1374b081e5da151f975fb54eb4576
zzz/equipment/attributes/32341.json,b930fd41774f3bb46ec37f841a61123b
zzz/equipment/attributes/32342.json,c275935a6330e0dc3ad3d69350c83493
zzz/equipment/attributes/32343.json,387b5b0bc3dd9213c1db9bf51a58f1f0
zzz/equipment/attributes/32344.json,b619c0b22c656c049caea8a064c77667
zzz/equipment/attributes/32345.json,0ada744420d17783790b57175b5689ef
zzz/equipment/attributes/32346.json,7121553b09d8f6390184eae1fc3917c6
zzz/equipment/attributes/32421.json,f9dfc24dc43b20141b0869b3efce0a2f
zzz/equipment/attributes/32422.json,0b48225db4666ba3e61639074a180cd6
zzz/equipment/attributes/32423.json,49728ebe05d78c220fcedef08e2d43c0
zzz/equipment/attributes/32424.json,8549c30e76cb357e9f638089037ef97e
zzz/equipment/attributes/32425.json,abbe00528cad6f3666a425967715a3b9
zzz/equipment/attributes/32426.json,b01cc5885ec64ac9f19220ca6d94e7e9
zzz/equipment/attributes/32431.json,8ba01bd560a819dde5c9a6529dee1a4b
zzz/equipment/attributes/32432.json,ffecd7d83d3d0f3df63672eb80c23a83
zzz/equipment/attributes/32433.json,e2a5b0ee74c5aa5328c642a6b893bfbe
zzz/equipment/attributes/32434.json,d4d1a0a06a64fecab3d63b06c8da4448
zzz/equipment/attributes/32435.json,1b77a9e0e5f3f49eaf42d1ad83f40150
zzz/equipment/attributes/32436.json,8ac229edca180e08f287408b89860ea5
zzz/equipment/attributes/32441.json,cf87f96bfbc2bc8d6e7ab5f8d8f943a0
zzz/equipment/attributes/32442.json,5dfba24206e6c0d3ae22819c551a7772
zzz/equipment/attributes/32443.json,a25fdf4d755528e1cd81b369563a22cd
zzz/equipment/attributes/32444.json,3fe097bdf2e18d04aadb06e016d0a786
zzz/equipment/attributes/32445.json,9b30837ee0484ddf7e0beba5242cbed4
zzz/equipment/attributes/32446.json,b852d37b911441f3e60cd01822469c61
zzz/equipment/attributes/32521.json,7c0a51e3be6e352256cd26bd36fd0e18
zzz/equipment/attributes/32522.json,16aee1fecfeaa817d27ccdfb83820caf
zzz/equipment/attributes/32523.json,cc07745fd61db52f1d9cb1cab0eba992
zzz/equipment/attributes/32524.json,02c559b253e24c8004fc81c7f58c1bcd
zzz/equipment/attributes/32525.json,d8910016747841b0fc13757562bc3034
zzz/equipment/attributes/32526.json,d6a1edd2df1cf3b7490a5e3ab54dbf8b
zzz/equipment/attributes/32531.json,320121b965c11a90ceb2fb4aff91355a
zzz/equipment/attributes/32532.json,845138c6601f42d3f9b1fa0813d20bdc
zzz/equipment/attributes/32533.json,44db115d17b3a4ab1e2181b977043384
zzz/equipment/attributes/32534.json,a3d1ac523ecc3a93db5d9a5fc4d0cd91
zzz/equipment/attributes/32535.json,65a433b7eec590be73610d726dc2ec93
zzz/equipment/attributes/32536.json,842b74caa7ff5ad06ab9fc2fb8970c69
zzz/equipment/attributes/32541.json,20b3fc3d54cba857ba4313db40ab0e63
zzz/equipment/attributes/32542.json,9f30b7b56576336e3c916edf10e9627a
zzz/equipment/attributes/32543.json,af80749e58b7a9afc47ccd42b50820c5
zzz/equipment/attributes/32544.json,11f6e4171383c2585c46629a97206a9b
zzz/equipment/attributes/32545.json,c85efb91de6afa1f34b225f3b0bdc098
zzz/equipment/attributes/32546.json,1ba8bf9de93b1877602b9fe4cdda5992
zzz/equipment/attributes/32621.json,042b5d556af479577ef6b2b8f30da0f3
zzz/equipment/attributes/32622.json,3fe83461bf5c92d5504ce4806618a296
zzz/equipment/attributes/32623.json,1a87fa63fa472d74d3711403d48f3125
zzz/equipment/attributes/32624.json,0eba5b025085e88e20c7a9cc0cea46ab
zzz/equipment/attributes/32625.json,f0380ff57d843c73b0cc0e091b95339c
zzz/equipment/attributes/32626.json,d1d1b63e178ab09d73d46915e52b456d
zzz/equipment/attributes/32631.json,db00367d8b9c253d75acaaa734a6525e
zzz/equipment/attributes/32632.json,96d1efe621db1d78d45a11152233a3f9
zzz/equipment/attributes/32633.json,a3f248748f35282a4d7876b033652eac
zzz/equipment/attributes/32634.json,8d36d707e04a41117d6fcc2b16e6075a
zzz/equipment/attributes/32635.json,b85ab5aae38f7adbd7d9f45911310f59
zzz/equipment/attributes/32636.json,d3b72c3ec15fb404dc38ca70d814456e
zzz/equipment/attributes/32641.json,707df49424bfa534a61fbfe08ae17ef8
zzz/equipment/attributes/32642.json,f679f7568a894837774f13c905212eb8
zzz/equipment/attributes/32643.json,058ae83680e85849cd2abd4e43a122db
zzz/equipment/attributes/32644.json,1ea292a8c1cdaf6e7ce64ce08a0cef5b
zzz/equipment/attributes/32645.json,ad6357a94e5a54dc9b0c00c8ed209e69
zzz/equipment/attributes/32646.json,6749cb32e9e723c7574c9629853ba5b0
zzz/equipment/attributes/32721.json,884c1f235da9e969ceb4befd3cdc7ea8
zzz/equipment/attributes/32722.json,cc1fb317127455e09a69c42710777aa1
zzz/equipment/attributes/32723.json,0f5ab4e743e7353b5439529a2b2c82ee
zzz/equipment/attributes/32724.json,eba6f2c230909cc70519aa4e62cda2a6
zzz/equipment/attributes/32725.json,dac5f4523c5d22962ba8878eeabd368a
zzz/equipment/attributes/32726.json,3fae9b2fd3c3eaef3973202fe521c8a8
zzz/equipment/attributes/32731.json,4fef81c7c0fe26f64617c6258fe8fd87
zzz/equipment/attributes/32732.json,5629559ae56e46b7ffd96fef973c60fe
zzz/equipment/attributes/32733.json,3b1d236084c28abc96fbfd75feab9c4c
zzz/equipment/attributes/32734.json,68d7489f6084e2f2d5578f0d76339e8f
zzz/equipment/attributes/32735.json,b7cc567a20bdf3dcf5f8bbed3c056286
zzz/equipment/attributes/32736.json,119ca89e50c03c2017c6fdf1bacd3490
zzz/equipment/attributes/32741.json,94ac113704700df5195a74fff4d48005
zzz/equipment/attributes/32742.json,ee45273799d6f073bfbea90c8c1fe595
zzz/equipment/attributes/32743.json,9264794d41817985a0e1ec6fde8c91b2
zzz/equipment/attributes/32744.json,81909f9793d48612769a12ae916e2c55
zzz/equipment/attributes/32745.json,8a9a32aa002fba5fe3ee979eefdc35c9
zzz/equipment/attributes/32746.json,633b761c7869d195ac2f220ceabdcb68
zzz/equipment/attributes/32821.json,290d676a018ad9ffe2c292c0f47138a4
zzz/equipment/attributes/32822.json,dc07c56f94ea392c34c93a4a9daa7155
zzz/equipment/attributes/32823.json,70b647d1cba94cb6c5404acc97725997
zzz/equipment/attributes/32824.json,96be292b6a9d9f2c7800b7483ee9d06a
zzz/equipment/attributes/32825.json,fe1caa2f5f5624560e78de288fd82495
zzz/equipment/attributes/32826.json,446c2dc9c67775e71a901fe56e20949f
zzz/equipment/attributes/32831.json,f8c048cf8c02b93e5c188665117c1d5d
zzz/equipment/attributes/32832.json,2d53d716e8b8cae89636638dbc9226e4
zzz/equipment/attributes/32833.json,35f0b7955965639d21789ff88192f2a2
zzz/equipment/attributes/32834.json,c2accc116012c76bf5d7456af95ba3cb
zzz/equipment/attributes/32835.json,2c0899831310e76f7caa43b495abd647
zzz/equipment/attributes/32836.json,f799e561ad80807373c0526c33e32ce0
zzz/equipment/attributes/32841.json,2fc854b05ec5395f1e92fd4fa3fbb8f7
zzz/equipment/attributes/32842.json,1a45294c88abff256bca0026c2d7e5e3
zzz/equipment/attributes/32843.json,0b8ef95309367a084fd4bae79b278aa6
zzz/equipment/attributes/32844.json,25b453dea4eb00a68c39af14db221d9d
zzz/equipment/attributes/32845.json,2233c6fa3df6f7e0a3b9c2dd378c1bad
zzz/equipment/attributes/32846.json,04d0e67645922c8b7c6eee635673867e
zzz/equipment/attributes/32921.json,a28f578392d2656993c851e5d8d3bf2d
zzz/equipment/attributes/32922.json,bd97cb58997daabb3ed0c49c36647c82
zzz/equipment/attributes/32923.json,b854e60713f64e7fb8f49d2c188d7dab
zzz/equipment/attributes/32924.json,625a3d95314a487bcd9c193be87875f4
zzz/equipment/attributes/32925.json,4f419af5a3f6f5ed914eeab73da3d087
zzz/equipment/attributes/32926.json,95d583a379311773721fd9e86f54159f
zzz/equipment/attributes/32931.json,7c147185088e54c74ef46f88ad554e04
zzz/equipment/attributes/32932.json,6914ef1201d1b465e61f1c443dbb8655
zzz/equipment/attributes/32933.json,c1ddb91bfce68f2029fe2015787faaba
zzz/equipment/attributes/32934.json,ad9c37dfe5d77392b6e943791066c6f6
zzz/equipment/attributes/32935.json,be8d8761588971b6b8d33f085a38d673
zzz/equipment/attributes/32936.json,13a947ce2cfd6ef018b0f1476b4e3f79
zzz/equipment/attributes/32941.json,ad8ca9fea71c6bec7433d6f1a9245e82
zzz/equipment/attributes/32942.json,a1f72efbb6c8e92d2f1138d1759bc8a1
zzz/equipment/attributes/32943.json,cc26d2583450f9fb7ce6e147c7402daf
zzz/equipment/attributes/32944.json,d83f0f821b5f0acc89278251f5cb9817
zzz/equipment/attributes/32945.json,fb5253a082ec4d1bf77f48bbb7ba4c21
zzz/equipment/attributes/32946.json,459cd4094b7dea1c0afe6e3fd2896915
zzz/equipment/attributes/33021.json,d86abf6dfea25bdfdd6d38edc8f279c5
zzz/equipment/attributes/33022.json,d5ac7f27bba756527ddd2e03200d3d1a
zzz/equipment/attributes/33023.json,0b7d1b529b802fe2355a132b1fc07982
zzz/equipment/attributes/33024.json,1f382d3ecd252ca8cfd1e11710e55e61
zzz/equipment/attributes/33025.json,b28433063fdf94ed279b3b9d53db25a7
zzz/equipment/attributes/33026.json,4ee287277772f0131d0a435cfa3769e8
zzz/equipment/attributes/33031.json,4d3fa42a6ca6169eb1cef1ee391a98a1
zzz/equipment/attributes/33032.json,d0484bdc14a95615f7a6f21b00154a02
zzz/equipment/attributes/33033.json,d3f55297a35a64f55da9cda9cc84ff45
zzz/equipment/attributes/33034.json,d83680bb2573bf2f037db20fd9f15680
zzz/equipment/attributes/33035.json,55e3134879a877df5ffc62886a2febf0
zzz/equipment/attributes/33036.json,74f4882990a7035983f767b759785266
zzz/equipment/attributes/33041.json,93c7101577d8c92cc8138cea68f6d485
zzz/equipment/attributes/33042.json,bdf8cb86ea712ecd330b707005ae88c4
zzz/equipment/attributes/33043.json,b0dfab701f86502fb4efae0734da1bdc
zzz/equipment/attributes/33044.json,df2109a65d173d9127e903800f1538e5
zzz/equipment/attributes/33045.json,804a1ede42942d1e2eaccdf280ad28ae
zzz/equipment/attributes/33046.json,e1720bf556777cbb40f59b01f0f0c774
zzz/equipment/attributes/33121.json,c37f55131e162240ff35a45242247f15
zzz/equipment/attributes/33122.json,5b5bde5c53a3be171eb69fbb73d046af
zzz/equipment/attributes/33123.json,ac647218bce52f8fb7e3f3f247b0d67f
zzz/equipment/attributes/33124.json,af170d0bd03b5edee598fbdce87e430c
zzz/equipment/attributes/33125.json,03499f5833e699b2625a8fba766a99a4
zzz/equipment/attributes/33126.json,2b869f496d537c025f11a2156ec73861
zzz/equipment/attributes/33131.json,842bf29ba37f2f93da4d6549f9b4c2dc
zzz/equipment/attributes/33132.json,252fd1b739de8046cac116ea6ee57bb1
zzz/equipment/attributes/33133.json,50812cb19799f7e1ffbe7d2b2c61d1b4
zzz/equipment/attributes/33134.json,3160bcc96b2b208d40006208494be90b
zzz/equipment/attributes/33135.json,8159f76e8494a2c6594df71d2a6c1278
zzz/equipment/attributes/33136.json,6fd932228a8d753accda32a62fda777f
zzz/equipment/attributes/33141.json,35334b527ecb33a9defcde51899941e4
zzz/equipment/attributes/33142.json,beab43ee7e1581de3f6a62db57387a5c
zzz/equipment/attributes/33143.json,738fe67a29b7e634c9f5ccd7e5ce4198
zzz/equipment/attributes/33144.json,b55c7a479e45088572ac0d83e8a080ab
zzz/equipment/attributes/33145.json,5aacb08b6f23627bf0d81c44983ba53a
zzz/equipment/attributes/33146.json,62d01bd8133e82661870df362218e13e
zzz/equipment/attributes/33221.json,db5fac97ecd7be818c03af84f1ce284d
zzz/equipment/attributes/33222.json,28b64d79e811b532baad8ec85512296f
zzz/equipment/attributes/33223.json,b496fcc1a2e37ac55e041cff2d7c3430
zzz/equipment/attributes/33224.json,161bd5cffdf89db0b76107ba1e2bea30
zzz/equipment/attributes/33225.json,e48ab7f972c589dc307af84bf0e4a69b
zzz/equipment/attributes/33226.json,01022cd31f93c3145cfaf7db8f48df6d
zzz/equipment/attributes/33231.json,1f2d3039adf4402bb533a7295a15db3d
zzz/equipment/attributes/33232.json,a372549c7de66fee9b1d98213bd0a2bf
zzz/equipment/attributes/33233.json,2dce33b74327fc639c0932a36ad3700a
zzz/equipment/attributes/33234.json,0696c5b21a10a5a62fb2831b07e62f6f
zzz/equipment/attributes/33235.json,022e3d68aa086ec8187c24c658d5b6b2
zzz/equipment/attributes/33236.json,fad4e22a756956afd69b38a7304ec7de
zzz/equipment/attributes/33241.json,59c8764d4df7061296608cc875908bc8
zzz/equipment/attributes/33242.json,93f51e68aa1f211721dc691d86d760de
zzz/equipment/attributes/33243.json,b4c4945f85bf8959b535765c5387504d
zzz/equipment/attributes/33244.json,f741fef9ab2f87ff2447f6a925fb99e8
zzz/equipment/attributes/33245.json,0b522248ea61c54aa5779c84df3d9c42
zzz/equipment/attributes/33246.json,1af99368de0ad80a699f74cee44e33ad
zzz/equipment/attributes/33321.json,44248189e5c9358ffb957f735bde8c51
zzz/equipment/attributes/33322.json,e20c65cfd97841796b7d7ea5b4d04c80
zzz/equipment/attributes/33323.json,7263246f9b9d105c42eebb187a55f9ea
zzz/equipment/attributes/33324.json,a8ec62ba8a92c7bea40dd41630407fd6
zzz/equipment/attributes/33325.json,d771685819b9e5cdfa139efe9a4a8e68
zzz/equipment/attributes/33326.json,239f232835cea5f31430eb32713ed6d4
zzz/equipment/attributes/33331.json,6b4ce64c742ab829dab7618d9f28ca18
zzz/equipment/attributes/33332.json,3897d02e616b5fefb3e6b39cb023e97d
zzz/equipment/attributes/33333.json,217ccebab45222452b2953408207ee19
zzz/equipment/attributes/33334.json,2e9b8684f93d4b61f009e0d7ca0c5144
zzz/equipment/attributes/33335.json,13330a11af32b5acfe536f4666cb6759
zzz/equipment/attributes/33336.json,5cc7c03f5ee8536bfe3ea6478477f667
zzz/equipment/attributes/33341.json,76c9744b0384dbda899a9fc225272f06
zzz/equipment/attributes/33342.json,b25bc8683d5386f059caa8c676be86c7
zzz/equipment/attributes/33343.json,d729177d932c9dd10fb287e9acc6409b
zzz/equipment/attributes/33344.json,4a499a4a0d484968adba9e76e7140330
zzz/equipment/attributes/33345.json,a78ccd21e8fad46091e45fd690efdfe0
zzz/equipment/attributes/33346.json,64dcbf84317edef6f37966f746033f38
zzz/equipment/attributes/33421.json,a87262e3625761091ae8a4f6a84fd43c
zzz/equipment/attributes/33422.json,ebfe3adf0d72c73616fe3271e44425a2
zzz/equipment/attributes/33423.json,00de12a65929188812c5800b52df26e6
zzz/equipment/attributes/33424.json,f6149c9dc865bf0cb04b1fcef4d386a5
zzz/equipment/attributes/33425.json,a25e5da88fe253f0d067cfaf47f68790
zzz/equipment/attributes/33426.json,a552c60c81c740e4017a1799bd128ad6
zzz/equipment/attributes/33431.json,01a542c076b9112529976a52262207d8
zzz/equipment/attributes/33432.json,fbe86eccce3ad6cc2aac8033031c252d
zzz/equipment/attributes/33433.json,80146fd37e47bf194afb52360f7bd3da
zzz/equipment/attributes/33434.json,07ce0ed1b0d96211ce89754c42133775
zzz/equipment/attributes/33435.json,7ec7206f5b80c439a7fca8e318f6f075
zzz/equipment/attributes/33436.json,ba45f8052964189cfc2081b8e882fbd9
zzz/equipment/attributes/33441.json,2b6f96e6ff071f1a53a1293d64683064
zzz/equipment/attributes/33442.json,2e824298a900f46b47ce2517546e8497
zzz/equipment/attributes/33443.json,614f457605a1ce00a389c75dfbcf9753
zzz/equipment/attributes/33444.json,aa1871323e1d1b63e913cd778466d18b
zzz/equipment/attributes/33445.json,2430afc3ab85972668263d448e9dfa14
zzz/equipment/attributes/33446.json,60cdfa78f81504429787eaceb9e336dc
zzz/equipment/attributes/33521.json,650e52918f9aa8a8d21ca52e319ce6dc
zzz/equipment/attributes/33522.json,1630408c633103e1ef63bde248a0e134
zzz/equipment/attributes/33523.json,c4b079c3d2e2a2b682ae6c90d5d90797
zzz/equipment/attributes/33524.json,d4147e981750d699fda216bb32643b03
zzz/equipment/attributes/33525.json,f865b73892a9466e8c9f0a9f0e1bf7e2
zzz/equipment/attributes/33526.json,9574b8f9f7d9e52f3648d3a9167e1ecd
zzz/equipment/attributes/33531.json,f99ff90253e429fbed4d8d605c0a9e51
zzz/equipment/attributes/33532.json,28de17da9520f26b508050c53d985086
zzz/equipment/attributes/33533.json,cf2a5ef17e8d6f00caf1ea837702cbda
zzz/equipment/attributes/33534.json,3b9f7f6443cf1d66bf06c6b0923e5619
zzz/equipment/attributes/33535.json,4f9caec99c133a562db733b8a5f734bd
zzz/equipment/attributes/33536.json,c17df56a31acaa2bdc7d868cbf990112
zzz/equipment/attributes/33541.json,98b36801b64586fca3d92727042905c3
zzz/equipment/attributes/33542.json,8e039201fd797eb984d5177dfdcb51e2
zzz/equipment/attributes/33543.json,75563882f42d179d34958ac507cfe2d1
zzz/equipment/attributes/33544.json,d35ec4ce09ba5a49c0f558c135c5fc4d
zzz/equipment/attributes/33545.json,438cef5e848533d845f60841f49dc2d1
zzz/equipment/attributes/33546.json,9fa971d44298f1bcc89713a7cae8ef45
zzz/equipment/attributes/33621.json,7e7070983b7e90aada3d4b1e1900f835
zzz/equipment/attributes/33622.json,8a2a93382041d4a8f23dc5344f9835f1
zzz/equipment/attributes/33623.json,84a2d8c724c9802b2575c7a1878ec3b5
zzz/equipment/attributes/33624.json,4b241bd20205915acfb23b10947f5da9
zzz/equipment/attributes/33625.json,7485eb64ec77d467e459ac2d261fb449
zzz/equipment/attributes/33626.json,ae02c4c4451a29e1e1bf62c1cd6ab2c3
zzz/equipment/attributes/33631.json,c9793741abc389442193bacff78b1ad1
zzz/equipment/attributes/33632.json,e1155e64d006b0f7aa0910fffe719bdd
zzz/equipment/attributes/33633.json,9ddbff11bdf9fc15d54c4ef209c4c3b8
zzz/equipment/attributes/33634.json,28834c79fbfa197d1fefa1f4ed76afe6
zzz/equipment/attributes/33635.json,d3274bc185648eaa9cb8e86560e74cf3
zzz/equipment/attributes/33636.json,da72e06fe7578939f58cf1c0bfa8b80e
zzz/equipment/attributes/33641.json,b103eb1f1bbbd548dea8913fe2c487d5
zzz/equipment/attributes/33642.json,ac5374e7aa449045982f1173fcffb8ae
zzz/equipment/attributes/33643.json,8698c48e4fd24f6f782d0ec2538dbb6e
zzz/equipment/attributes/33644.json,127120bde3a7dc2c23ebc5e4a5fa6b9e
zzz/equipment/attributes/33645.json,0798167cbeb8d93ba982ec62c45282d8
zzz/equipment/attributes/33646.json,2f8d662f3c3a81c127bc709377716eeb
zzz/equipment/attributes/33721.json,d56f729501fb3600de5f7d069de1232d
zzz/equipment/attributes/33722.json,57db78a5c5518a4a346e62b1e3f6cf32
zzz/equipment/attributes/33723.json,db28daddc6218175a7c56c7568816ff1
zzz/equipment/attributes/33724.json,09a3b7f049d766f01eee13faa7744385
zzz/equipment/attributes/33725.json,2d63894b0e8a1edce5f095b894df5268
zzz/equipment/attributes/33726.json,27bf9546f4080e92dd725638aaf813a9
zzz/equipment/attributes/33731.json,2be07f84c186404ec3ef187ca7d65a28
zzz/equipment/attributes/33732.json,45264518b231be4b3cd15d42220b9e68
zzz/equipment/attributes/33733.json,3fca12757228c8289c06545b35b92e95
zzz/equipment/attributes/33734.json,4d2cf096251f8112d928586aa9d2f6e7
zzz/equipment/attributes/33735.json,537b52979fb41dafaec2bdf692284425
zzz/equipment/attributes/33736.json,643f3b71f38fd8b389d0cce983c729c8
zzz/equipment/attributes/33741.json,e999deab0a7a9ad3e512ec61bca8a98a
zzz/equipment/attributes/33742.json,83bbfa6e84c3c97d45ff4654ec74d013
zzz/equipment/attributes/33743.json,41a0ae75cda14b643f0cde161d69708b
zzz/equipment/attributes/33744.json,975e1837defbadcbdde426bd6da3c2ba
zzz/equipment/attributes/33745.json,135e719b70c8ef311963f9d485a75e72
zzz/equipment/attributes/33746.json,8a1a204e1b8bf199a972c9d224cc8656
zzz/equipment/attributes/33821.json,bd58c690402e00ff62739513ad938273
zzz/equipment/attributes/33822.json,3875f9d140d6eee5b943aac2a037a968
zzz/equipment/attributes/33823.json,5efb4501b2210382ebddc7a2d4818f16
zzz/equipment/attributes/33824.json,d1a8b29ecf216c958a61b430ee2456ea
zzz/equipment/attributes/33825.json,ec1a158903f6fa70cb554e231b614499
zzz/equipment/attributes/33826.json,41594e6ffde918e8f397dd3e10423c28
zzz/equipment/attributes/33831.json,98f2068cd6b72de5e9a6b7aaa3cf6ec8
zzz/equipment/attributes/33832.json,381e7707db4c6865e6e26989d299f722
zzz/equipment/attributes/33833.json,5684c30612a21a6f0ad1e54dfa110a72
zzz/equipment/attributes/33834.json,0c9d29213b57c8abdeebd68949a32d3f
zzz/equipment/attributes/33835.json,b3357e3adc866230e3ae514739926bb0
zzz/equipment/attributes/33836.json,0d5a4ee6934aacae7ae007ee69404b05
zzz/equipment/attributes/33841.json,a9e7df38daa5477c806ab8b46f44e075
zzz/equipment/attributes/33842.json,180f0df96bdbd2b2860f8f5052e8034f
zzz/equipment/attributes/33843.json,bfe8f487e59927bd69d186aabba278c2
zzz/equipment/attributes/33844.json,fb0926ccf7365eaeb1e1f46e1a34d48c
zzz/equipment/attributes/33845.json,6679d543b0f157406edb164d3e81c6fc
zzz/equipment/attributes/33846.json,abe453805252083c74910fed597cab5d
zzz/equipment/set/31000.json,5f70e9babd132b268397800378059848
zzz/equipment/set/31100.json,ffb16970c9cb33e9795da57612ff73e3
zzz/equipment/set/31200.json,7207a8b261fbfc70c878c00d681a7462
zzz/equipment/set/31300.json,5ec663d08e9919a433f88d68c015edbb
zzz/equipment/set/31400.json,33dfbeea77f2a31eeac68e9d6ba15f9b
zzz/equipment/set/31500.json,d4636ff76770b23b927efd1f9b96cd6b
zzz/equipment/set/31600.json,abe8b8f23676336c50077131a7b3c3a6
zzz/equipment/set/31800.json,bee09396725e3fd58049c7421714c4a0
zzz/equipment/set/31900.json,d91c1bbb5bf194376b80aa982516caee
zzz/equipment/set/32200.json,179dc086032bfa85ba01d9e41882ef6f
zzz/equipment/set/32300.json,d1ec0e78500ec03c31a2a830df6243fd
zzz/equipment/set/32400.json,11a072c13646e066f0acb9246768db5f
zzz/equipment/set/32500.json,b8fe5fd75d163f69d05fcb44777ef460
zzz/equipment/set/32600.json,42217158db8750c0d673521e9ffe2989
zzz/equipment/set/32700.json,86189a2c3484fbbc693d457c5d1b55cd
zzz/equipment/set/32800.json,e62cc5a471fe08c3102c534683628a83
zzz/equipment/set/32900.json,13c510ac8dbbdd827797d7cf5f9dc6c0
zzz/equipment/set/33000.json,d63ac0627dd40b722d5f0e55fe0e957d
zzz/equipment/set/33100.json,59417b4ee2b165445b92471f287d2104
zzz/equipment/set/33200.json,ece810f144c329b7e4d2966965f39612
zzz/equipment/set/33300.json,5cd7ef1dcc37d78788a2343ef2167dcc
zzz/equipment/set/33400.json,46106377f73f402a4900d88e0ff9033c
zzz/equipment/set/33500.json,847d6adbef3b8a354b7b34ed6b0bb515
zzz/equipment/set/33600.json,131ef5848f2951d3b5d7df561d95c59a
zzz/equipment/set/33700.json,85694e3f20282397af3be815651e33c2
zzz/equipment/set/33800.json,b8a656ac9925fb7a5fec2365f9b95e0a
zzz/textMap/textMap_Base.json,862267fff39c886c53564abac4a9365f
zzz/textMap/textMap_CHT.json,30bcd0192d01cf367f2a5ed79d1b7650
zzz/textMap/textMap_DE.json,f13662d518eaea4c701cf19f1711d806
zzz/textMap/textMap_EN.json,06ab27ee31d47896249780fe4bf08359
zzz/textMap/textMap_ES.json,7b54eaa45c11d295d6482d44cda39555
zzz/textMap/textMap_FR.json,d899c42229fdc87dd162a2ba4f7cf122
zzz/textMap/textMap_ID.json,6ef031791deb640eda2173e6aab3fbda
zzz/textMap/textMap_JA.json,8b7e30c5e121bf02f745406bc780266b
zzz/textMap/textMap_KO.json,b0ae9dbcee04a4cd939349abb3c22bac
zzz/textMap/textMap_PT.json,d4e50237733a186b06bd21a431ef252d
zzz/textMap/textMap_RU.json,495ee7bd616440904225f73b7854687c
zzz/textMap/textMap_TH.json,26b834018676e964df338e3a7be6a4f2
zzz/textMap/textMap_VI.json,beae5a706032ac4dabadbfdefc0a2311
zzz/weapon/attributes/12001.json,2a6c75703943aa4405991efff92f650f
zzz/weapon/attributes/12002.json,53902587e8be4fef5359789694503c16
zzz/weapon/attributes/12003.json,57b3af23f09f3aa516d3c4e393588681
zzz/weapon/attributes/12004.json,fdcead93122120216daa814df366f136
zzz/weapon/attributes/12005.json,adc3a49f7c6530cd4ef59fc2ee4c7faf
zzz/weapon/attributes/12006.json,aca8bc5cb7c4ac0e177fba864d6cd646
zzz/weapon/attributes/12007.json,44762178184a7393e8b41a4128d9ce35
zzz/weapon/attributes/12008.json,238516fc269543398aabd3d6ed6b3e42
zzz/weapon/attributes/12009.json,4a7e6edcb61aa99590db096507bb7f62
zzz/weapon/attributes/12010.json,0b8745127b3b87a6abe9195170beba4d
zzz/weapon/attributes/12011.json,42e32dd31ec88260ba02d0354c34487c
zzz/weapon/attributes/12012.json,a140f542e044bc85fed95d3ea319c3b1
zzz/weapon/attributes/12013.json,2c3f3fc42841efa5e473ee8add605ad6
zzz/weapon/attributes/12014.json,cc36876dc24c7ce93fc5ce468a67b9e0
zzz/weapon/attributes/12015.json,84ba9bd15ef43776422294616d740356
zzz/weapon/attributes/13001.json,404d51601d1534efa2752bc0a719b11d
zzz/weapon/attributes/13002.json,8cf8d4923c78ff9fcfc50f7d50aeb039
zzz/weapon/attributes/13003.json,9bb2b13da1e4e4edef788b74c278bdf2
zzz/weapon/attributes/13004.json,b0f2416f19aa802d6cf0329befeea370
zzz/weapon/attributes/13005.json,6b718293aa95d39a0d8ef0a5ae7ea6d3
zzz/weapon/attributes/13006.json,3bbac66bdaf63dcc750390820dfc4c2d
zzz/weapon/attributes/13007.json,2e58e9284dfd1c56a7a6e69e54382e41
zzz/weapon/attributes/13008.json,8a4ebb8db9488e9b5c6b752407236ec3
zzz/weapon/attributes/13009.json,0d07f5b6e99720f073a85aa9bf045d2e
zzz/weapon/attributes/13010.json,201c574b796ae6909dced70ba59be259
zzz/weapon/attributes/13011.json,3492510f05f2330ff99aebde7be218a9
zzz/weapon/attributes/13012.json,0b030e1a1ff4d88930b0a3b082a549b6
zzz/weapon/attributes/13013.json,7f63280f64dfa182de9c844032e0e5ce
zzz/weapon/attributes/13014.json,67170b2909c44ab6c7d08332ed9d307a
zzz/weapon/attributes/13015.json,5a71416e99a5ba3e50d520fa626a40cc
zzz/weapon/attributes/13016.json,11a21be054adc2db9d3cb7ce269bce3f
zzz/weapon/attributes/13019.json,fb8b708be070cc57ec6ad05c0f921128
zzz/weapon/attributes/13020.json,dbc2a7147966bebf6dc91a43681299e2
zzz/weapon/attributes/13101.json,a0b0216f3c67810c69144d9f7b8a27dc
zzz/weapon/attributes/13103.json,b279d7194393a97ea5152681940ee4b7
zzz/weapon/attributes/13106.json,15675d94a1ff6277a9354c3af28602a3
zzz/weapon/attributes/13108.json,aeec5b171cfaf45f5542ac21b9386dd5
zzz/weapon/attributes/13111.json,0ed99b35eeb43ceb677c542f567ab059
zzz/weapon/attributes/13112.json,e164765a7bcef37e0120c7b1b0971928
zzz/weapon/attributes/13113.json,8a1b77991e8653a6d7ca21e1db2a16d5
zzz/weapon/attributes/13115.json,ecb2c0928a376ac595eba6df20e4df90
zzz/weapon/attributes/13127.json,3acb5369861f64b282f3ccf0e39458cd
zzz/weapon/attributes/13128.json,f77b22aaf1622ed06d72972018183647
zzz/weapon/attributes/13135.json,073eccaf163f3d1bd98d721654660211
zzz/weapon/attributes/13142.json,1e65d77b23ccc38e4a34e642dc9b3ec8
zzz/weapon/attributes/13144.json,6b61deb1df6486bbac3677de651c2715
zzz/weapon/attributes/14001.json,63356a52d33649965003b9ce566589c8
zzz/weapon/attributes/14002.json,3fcad39ea7e9d40a53e8190fa4898e32
zzz/weapon/attributes/14003.json,a1acfd62f47d11884e7935d0286c1d8d
zzz/weapon/attributes/14102.json,c8b498be2f21ecbf198a07e365a8fa7e
zzz/weapon/attributes/14104.json,bf6bc0aba644f0899d64e7803d8bd0e5
zzz/weapon/attributes/14105.json,31ea1d022d8a199f58ac6121b4b3b09a
zzz/weapon/attributes/14107.json,f4fc8c314ce128388a475dc10e31cfbc
zzz/weapon/attributes/14109.json,3aa815cf1e3d7781261cbef7b164e53e
zzz/weapon/attributes/14110.json,efef3e096bc6ce43de5564b902ee31a0
zzz/weapon/attributes/14114.json,3343e2389c6963093c6a7fac0c3feb5c
zzz/weapon/attributes/14116.json,e932eff0d994cd408934c5c615a66e9b
zzz/weapon/attributes/14117.json,646af07fe73ca5b482ba461362f6a4a0
zzz/weapon/attributes/14118.json,a6176b2ef44251196b01f4088d4be130
zzz/weapon/attributes/14119.json,290d2b72650b13d6999362024d4f6355
zzz/weapon/attributes/14120.json,7ce8c3f910f94b9f353edfe7a040440d
zzz/weapon/attributes/14121.json,346be743c2281a74e8c977666b356cef
zzz/weapon/attributes/14122.json,8738e2efda16ace9f5143206c8143fdd
zzz/weapon/attributes/14124.json,ccae06f9fb734be067e66038d7ebf354
zzz/weapon/attributes/14125.json,20a05154d15a558f3076e9b26033828b
zzz/weapon/attributes/14126.json,30f76ddbdde82edfdc4eecffb4d911f1
zzz/weapon/attributes/14129.json,96875ebc4e398af4dcb54345716304ee
zzz/weapon/attributes/14130.json,ed3d1ffbf1062cb1334779de9a6ce8fc
zzz/weapon/attributes/14131.json,a19cca3efebeafb8e350ab36fb74cacb
zzz/weapon/attributes/14132.json,3199b94306bce4e65f407cecd860a0de
zzz/weapon/attributes/14133.json,9c9e793d5e87dcfb07894f601e711ea1
zzz/weapon/attributes/14134.json,903fe0775c15b644ca561709867d800a
zzz/weapon/attributes/14136.json,226a2b3121db8f8cfadedb26669dc89e
zzz/weapon/attributes/14137.json,c62ebb4800fc6e103a113600b896e86d
zzz/weapon/attributes/14138.json,792867471fc831cfe61c4c944e978b86
zzz/weapon/attributes/14139.json,ff4366a5728f46252bfb558a9a1ecb85
zzz/weapon/attributes/14140.json,9263b46f548bc221ce404c9130dad68f
zzz/weapon/attributes/14141.json,8e24b8cd5a1a344a273ba0a4a53716ed
zzz/weapon/attributes/14143.json,7ab47f12f851faafb147ccbdd81d4b8e
zzz/weapon/attributes/14145.json,db254da0d0300fcffd7e53b2b433c5d7
zzz/weapon/attributes/14146.json,15e69328be31b23a143bbba3b1076b86
zzz/weapon/attributes/14147.json,da96342b9a087b0bd735151ac46e8d90
zzz/weapon/attributes/14148.json,346e194476c3355b7d09856ecf9da76e
zzz/weapon/attributes/14149.json,bf9775155682add76b8599cbba37c37f
zzz/weapon/attributes/14150.json,1600ed5a536d0f8fa61fa4a697dcd900
zzz/weapon/attributes/14151.json,46907ff297a9d19822d11fd5bcdd2582
zzz/weapon/attributes/14152.json,ecdddba01832a852d5f1a56f384a7f42
zzz/weapon/attributes/14153.json,70dcfa5540d5f2a0a20c738cd5001d6c
zzz/weapon/attributes/14154.json,60edf7716ecd239537d7b9f12f3b6422
zzz/weapon/profile/12001.json,6c5c52e454b2215f47360854d497d8e3
zzz/weapon/profile/12002.json,b28721bd8603c4f864615aecbe48c076
zzz/weapon/profile/12003.json,397f507d0b3f1ed9eaa5b29e498c7f67
zzz/weapon/profile/12004.json,21f8459d64543b8086ecc7a41dd8c923
zzz/weapon/profile/12005.json,f25d2e0c7a6064abe71f07d777e1841f
zzz/weapon/profile/12006.json,71f2df635d6b9753da099e4480c9a476
zzz/weapon/profile/12007.json,41d05a7dbc5815bfc62a723a05970b73
zzz/weapon/profile/12008.json,7320a7962d3b122546c9ddb75b7a71fe
zzz/weapon/profile/12009.json,43bd6d90b3fe52d8d05a5d79aad7dc6d
zzz/weapon/profile/12010.json,1c2d44e1665a982ee2c0fd208788bdfe
zzz/weapon/profile/12011.json,e92240cffd63873a8d4a1882b5da498c
zzz/weapon/profile/12012.json,73b504fa5c5c25cd711a4d08d00bec25
zzz/weapon/profile/12013.json,4c1a35d040ea5bae5a4d33be3da885d8
zzz/weapon/profile/12014.json,c05d40062abf6ebaa164678f587c7927
zzz/weapon/profile/12015.json,eaefdb865d0598c81ec4da89ace65c69
zzz/weapon/profile/13001.json,1acab5936bcc0ef71e57cff95d7d6adb
zzz/weapon/profile/13002.json,6b52739e1755b812be3fadaa08ecb75a
zzz/weapon/profile/13003.json,435ca0265666cddb6741b3305551ec92
zzz/weapon/profile/13004.json,8315daaef5cb05e6a3344ba9c792d0bf
zzz/weapon/profile/13005.json,75962e69b51f2abd6afbfedb3a0967f3
zzz/weapon/profile/13006.json,09f2b5bc6d6c7bd0d953151931903764
zzz/weapon/profile/13007.json,e3b5738464f212755f79d2deaade80db
zzz/weapon/profile/13008.json,fab0ac7b13e8097100017022e51ccd53
zzz/weapon/profile/13009.json,63d4260bc5a4f389ca12439c9cc9816e
zzz/weapon/profile/13010.json,7bb1e5608fddf497e89846f51519e0ae
zzz/weapon/profile/13011.json,3706c0aee1bdc58b1d14af4638777987
zzz/weapon/profile/13012.json,7b6b62fccc9426e2a454eda77634a00e
zzz/weapon/profile/13013.json,1b57d99c969d693ad32a77a82146f6c7
zzz/weapon/profile/13014.json,11df7c6e73e7fc6265dee6cc0d07ddde
zzz/weapon/profile/13015.json,5dc0d92d74b0d04a8013c3d6c148006e
zzz/weapon/profile/13016.json,4c50c54cb6d5971ed501ee6775c5445c
zzz/weapon/profile/13019.json,f36ab3378ac3cd26fbb31341ef169dea
zzz/weapon/profile/13020.json,1f28fd473cbcaf94c57d8c5864881e12
zzz/weapon/profile/13101.json,d32eb19d05e241cea6fff9a5d871bf3d
zzz/weapon/profile/13103.json,34be401b5c92ed14ca0b3bb12fb432d7
zzz/weapon/profile/13106.json,c3c80fb01a92efa7eceeb61767b5a20c
zzz/weapon/profile/13108.json,604607bba2323bc177672e28b02e385c
zzz/weapon/profile/13111.json,48972fc0a05f538017e282642793b5d7
zzz/weapon/profile/13112.json,0a45414a4c5a733cab3231e0420c76b2
zzz/weapon/profile/13113.json,18bd9a91456fbb84ced4a4efbd80407d
zzz/weapon/profile/13115.json,8f62c29ae1d2dbf57d45ad8c0deb863d
zzz/weapon/profile/13127.json,3048fec67cb7fcee0224bce044b471e8
zzz/weapon/profile/13128.json,db9c68a02c7773f00e7ebde21e7993e1
zzz/weapon/profile/13135.json,27c1a8fc0115e7dcc6940142bb671f7d
zzz/weapon/profile/13142.json,58fde8ab4aa857e533ca908b4e61111d
zzz/weapon/profile/13144.json,9c884844a8687aa3180d7f6f66835236
zzz/weapon/profile/14001.json,62167a071e62fc823dec6e9a01f8bd8d
zzz/weapon/profile/14002.json,66daaec003e9a711f6060ddc0de6b3e6
zzz/weapon/profile/14003.json,5e46a257d5db125013b3119633fc23bb
zzz/weapon/profile/14102.json,59e6f2daf0f66c254a5b320a8abaf42f
zzz/weapon/profile/14104.json,d42e0f0c11a047a1588e5ae37e57297f
zzz/weapon/profile/14105.json,4ac0f5ff7952c25e244fc50f401c630e
zzz/weapon/profile/14107.json,1c9595a218678b1d7d1af8f34ae3aa19
zzz/weapon/profile/14109.json,ccb48a0f0b83c6059c68ca9c78d9dc7a
zzz/weapon/profile/14110.json,b38a183e14be1f81f4ec5f9bcd8b05e5
zzz/weapon/profile/14114.json,0ce0f8a5e381f18c808876aa6169f3fa
zzz/weapon/profile/14116.json,06e86289dc8b988f25f473e2c4459be0
zzz/weapon/profile/14117.json,d2942f906746f6523208a25e2ea136dc
zzz/weapon/profile/14118.json,9f42022db2ad4113b3f23a8fb28a54e9
zzz/weapon/profile/14119.json,5fd7256e00e650c725147096ac895227
zzz/weapon/profile/14120.json,6b32a29e68e46b49f1fec5e237193a78
zzz/weapon/profile/14121.json,12b92a8726ef4911f6ca6451985580cd
zzz/weapon/profile/14122.json,2aeabd8e958c07cdb6e7e4194d3e6a49
zzz/weapon/profile/14124.json,fa755569aa5c74b7eef78ed701863586
zzz/weapon/profile/14125.json,39de7ee796f752ba9142d2bc281f5d1a
zzz/weapon/profile/14126.json,ccc197a6db8793135c1e9cccae08d3be
zzz/weapon/profile/14129.json,bb8b430e2c05aef863f4369fcab0dd0f
zzz/weapon/profile/14130.json,da5a45d7e1423434d485034c5f8c41d7
zzz/weapon/profile/14131.json,606d7c8a9c52dbd81c02865120bc15f1
zzz/weapon/profile/14132.json,c0f866af59e4e34c80f05b34b3a02f1c
zzz/weapon/profile/14133.json,d23bd621d0ee5e2ab5f68ee3e8801a45
zzz/weapon/profile/14134.json,49f70e1c345bde811a47e8e5346a9e19
zzz/weapon/profile/14136.json,8e60cb34d7f128ba9f39e7bd745c42be
zzz/weapon/profile/14137.json,5f5ec641fc281f89931aba29b18071de
zzz/weapon/profile/14138.json,8cced2bb267f409630f179eda12d3a07
zzz/weapon/profile/14139.json,33e16516a8868fe4c42db737c88fada5
zzz/weapon/profile/14140.json,91f129c851eb310efee1578b227c8f34
zzz/weapon/profile/14141.json,6706c6addcde5b71c62e2e7c9a018db6
zzz/weapon/profile/14143.json,5ccd7183c3beffa7727cdb58961820a8
zzz/weapon/profile/14145.json,4b66eaa3768391895aba447648cfe335
zzz/weapon/profile/14146.json,d8632ce495019037b62d8562cd8ddf21
zzz/weapon/profile/14147.json,666ebd130b175891847c0e586187d76a
zzz/weapon/profile/14148.json,32687ebd15a05b31008302faec2af608
zzz/weapon/profile/14149.json,ebedf6aa33d05b1d9fa5b34e46310d34
zzz/weapon/profile/14150.json,3294043487756b94e39a3556daeb4316
zzz/weapon/profile/14151.json,5e7d9eed57f4d12e6393a06471df5c06
zzz/weapon/profile/14152.json,3bfe2282e12317a2a1cf1b9442809b39
zzz/weapon/profile/14153.json,d8cd514d86189bcf011821756fb4abab
zzz/weapon/profile/14154.json,504d97573e906f64142c4a0c951f987a
